step,stage,phase,source_log,role,loss_name,loss_value,ce_loss,kl_loss,advantage,reward,kl_coef_before,kl_coef_after,did_step,skipped_reason
1,stage1_understanding,understanding,/Users/ritesh.thawkar/Ritesh/self-evolving-uug/runs/final/E2_understanding_only/iter_log.jsonl,proposer,grpo_loss,-0.83203125,,0.0,0.8312853833313794,0.6497626405440847,0.01,0.009048374180359595,True,
1,stage1_understanding,understanding,/Users/ritesh.thawkar/Ritesh/self-evolving-uug/runs/final/E2_understanding_only/iter_log.jsonl,proposer,kl_loss,0.0,,0.0,0.8312853833313794,0.6497626405440847,0.01,0.009048374180359595,True,
2,stage1_understanding,understanding,/Users/ritesh.thawkar/Ritesh/self-evolving-uug/runs/final/E2_understanding_only/iter_log.jsonl,proposer,grpo_loss,0.1510416716337204,,0.001953125,-0.1505041823805785,-0.006359706712917322,0.009048374180359595,0.008267653381076809,True,
2,stage1_understanding,understanding,/Users/ritesh.thawkar/Ritesh/self-evolving-uug/runs/final/E2_understanding_only/iter_log.jsonl,proposer,kl_loss,0.001953125,,0.001953125,-0.1505041823805785,-0.006359706712917322,0.009048374180359595,0.008267653381076809,True,
3,stage1_understanding,understanding,/Users/ritesh.thawkar/Ritesh/self-evolving-uug/runs/final/E2_understanding_only/iter_log.jsonl,proposer,grpo_loss,0.4440104365348816,,0.0009765625,-0.4439427491006372,-0.4217456160850328,0.008263014708425368,0.007513281418697056,True,
3,stage1_understanding,understanding,/Users/ritesh.thawkar/Ritesh/self-evolving-uug/runs/final/E2_understanding_only/iter_log.jsonl,proposer,kl_loss,0.0009765625,,0.0009765625,-0.4439427491006372,-0.4217456160850328,0.008263014708425368,0.007513281418697056,True,
4,stage1_understanding,understanding,/Users/ritesh.thawkar/Ritesh/self-evolving-uug/runs/final/E2_understanding_only/iter_log.jsonl,proposer,grpo_loss,-0.716796875,,0.0,0.7167853213445657,0.4561790274653193,0.007499602504658428,0.006785920966611147,True,
4,stage1_understanding,understanding,/Users/ritesh.thawkar/Ritesh/self-evolving-uug/runs/final/E2_understanding_only/iter_log.jsonl,proposer,kl_loss,0.0,,0.0,0.7167853213445657,0.4561790274653193,0.007499602504658428,0.006785920966611147,True,
5,stage1_understanding,understanding,/Users/ritesh.thawkar/Ritesh/self-evolving-uug/runs/final/E2_understanding_only/iter_log.jsonl,proposer,grpo_loss,-0.1744791716337204,,0.001953125,0.17596252113806884,0.16716439684079062,0.006819299352225534,0.006230909799064226,True,
5,stage1_understanding,understanding,/Users/ritesh.thawkar/Ritesh/self-evolving-uug/runs/final/E2_understanding_only/iter_log.jsonl,proposer,kl_loss,0.001953125,,0.001953125,0.17596252113806884,0.16716439684079062,0.006819299352225534,0.006230909799064226,True,
6,stage1_understanding,understanding,/Users/ritesh.thawkar/Ritesh/self-evolving-uug/runs/final/E2_understanding_only/iter_log.jsonl,proposer,grpo_loss,-0.6103515625,,0.0,0.6103946861954848,0.3556526202279027,0.006219621229493765,0.005627746014456778,True,
6,stage1_understanding,understanding,/Users/ritesh.thawkar/Ritesh/self-evolving-uug/runs/final/E2_understanding_only/iter_log.jsonl,proposer,kl_loss,0.0,,0.0,0.6103946861954848,0.3556526202279027,0.006219621229493765,0.005627746014456778,True,
7,stage1_understanding,understanding,/Users/ritesh.thawkar/Ritesh/self-evolving-uug/runs/final/E2_understanding_only/iter_log.jsonl,proposer,grpo_loss,-0.43359375,,0.001953125,0.43379419773452454,0.31490608305712153,0.005648456396216312,0.0051610906767547956,True,
7,stage1_understanding,understanding,/Users/ritesh.thawkar/Ritesh/self-evolving-uug/runs/final/E2_understanding_only/iter_log.jsonl,proposer,kl_loss,0.001953125,,0.001953125,0.43379419773452454,0.31490608305712153,0.005648456396216312,0.0051610906767547956,True,
8,stage1_understanding,understanding,/Users/ritesh.thawkar/Ritesh/self-evolving-uug/runs/final/E2_understanding_only/iter_log.jsonl,proposer,grpo_loss,0.49609375,,0.0,-0.495603255846454,-0.4708230980101638,0.005129743192183717,0.004641583585203056,True,
8,stage1_understanding,understanding,/Users/ritesh.thawkar/Ritesh/self-evolving-uug/runs/final/E2_understanding_only/iter_log.jsonl,proposer,kl_loss,0.0,,0.0,-0.495603255846454,-0.4708230980101638,0.005129743192183717,0.004641583585203056,True,
9,stage1_understanding,understanding,/Users/ritesh.thawkar/Ritesh/self-evolving-uug/runs/final/E2_understanding_only/iter_log.jsonl,proposer,grpo_loss,0.91796875,,0.0,-0.9182004002772713,-0.8722903894454118,0.00465586688991778,0.004212802575392317,True,
9,stage1_understanding,understanding,/Users/ritesh.thawkar/Ritesh/self-evolving-uug/runs/final/E2_understanding_only/iter_log.jsonl,proposer,kl_loss,0.0,,0.0,-0.9182004002772713,-0.8722903894454118,0.00465586688991778,0.004212802575392317,True,
10,stage1_understanding,understanding,/Users/ritesh.thawkar/Ritesh/self-evolving-uug/runs/final/E2_understanding_only/iter_log.jsonl,proposer,grpo_loss,-0.7278646230697632,,0.0,0.7303604238119595,0.25146960525783163,0.004241320448682493,0.0038377054438489843,True,
10,stage1_understanding,understanding,/Users/ritesh.thawkar/Ritesh/self-evolving-uug/runs/final/E2_understanding_only/iter_log.jsonl,proposer,kl_loss,0.0,,0.0,0.7303604238119595,0.25146960525783163,0.004241320448682493,0.0038377054438489843,True,
11,stage1_understanding,understanding,/Users/ritesh.thawkar/Ritesh/self-evolving-uug/runs/final/E2_understanding_only/iter_log.jsonl,proposer,grpo_loss,-0.01692708395421505,,0.0078125,0.014536227330852672,0.004528955791003468,0.0038707513777735954,0.003641920464520462,True,
11,stage1_understanding,understanding,/Users/ritesh.thawkar/Ritesh/self-evolving-uug/runs/final/E2_understanding_only/iter_log.jsonl,proposer,kl_loss,0.0078125,,0.0078125,0.014536227330852672,0.004528955791003468,0.0038707513777735954,0.003641920464520462,True,
12,stage1_understanding,understanding,/Users/ritesh.thawkar/Ritesh/self-evolving-uug/runs/final/E2_understanding_only/iter_log.jsonl,proposer,grpo_loss,-0.0625,,0.00390625,0.06201185101405108,0.05891125908346706,0.0035457136360915113,0.003271572308080821,True,
12,stage1_understanding,understanding,/Users/ritesh.thawkar/Ritesh/self-evolving-uug/runs/final/E2_understanding_only/iter_log.jsonl,proposer,kl_loss,0.00390625,,0.00390625,0.06201185101405108,0.05891125908346706,0.0035457136360915113,0.003271572308080821,True,
13,stage1_understanding,understanding,/Users/ritesh.thawkar/Ritesh/self-evolving-uug/runs/final/E2_understanding_only/iter_log.jsonl,proposer,grpo_loss,0.5960286855697632,,0.0,-0.5958153623986108,-0.5660246002368339,0.00323589157040819,0.002927955773612473,True,
13,stage1_understanding,understanding,/Users/ritesh.thawkar/Ritesh/self-evolving-uug/runs/final/E2_understanding_only/iter_log.jsonl,proposer,kl_loss,0.0,,0.0,-0.5958153623986108,-0.5660246002368339,0.00323589157040819,0.002927955773612473,True,
14,stage1_understanding,understanding,/Users/ritesh.thawkar/Ritesh/self-evolving-uug/runs/final/E2_understanding_only/iter_log.jsonl,proposer,grpo_loss,0.8763021230697632,,0.00390625,-0.8771929732225301,-0.8333333333333334,0.0029315474473003496,0.0027048911538679363,True,
14,stage1_understanding,understanding,/Users/ritesh.thawkar/Ritesh/self-evolving-uug/runs/final/E2_understanding_only/iter_log.jsonl,proposer,kl_loss,0.00390625,,0.00390625,-0.8771929732225301,-0.8333333333333334,0.0029315474473003496,0.0027048911538679363,True,
15,stage1_understanding,understanding,/Users/ritesh.thawkar/Ritesh/self-evolving-uug/runs/final/E2_understanding_only/iter_log.jsonl,proposer,grpo_loss,-0.6337890625,,0.0029296875,0.6338510825357041,0.11146036393191783,0.0026721529464091395,0.0024535425818703756,True,
15,stage1_understanding,understanding,/Users/ritesh.thawkar/Ritesh/self-evolving-uug/runs/final/E2_understanding_only/iter_log.jsonl,proposer,kl_loss,0.0029296875,,0.0029296875,0.6338510825357041,0.11146036393191783,0.0026721529464091395,0.0024535425818703756,True,
16,stage1_understanding,understanding,/Users/ritesh.thawkar/Ritesh/self-evolving-uug/runs/final/E2_understanding_only/iter_log.jsonl,proposer,grpo_loss,-0.7262369990348816,,0.0009765625,0.7260747800970097,0.45891045814305403,0.0024297350600585577,0.0022092763867987276,True,
16,stage1_understanding,understanding,/Users/ritesh.thawkar/Ritesh/self-evolving-uug/runs/final/E2_understanding_only/iter_log.jsonl,proposer,kl_loss,0.0009765625,,0.0009765625,0.7260747800970097,0.45891045814305403,0.0024297350600585577,0.0022092763867987276,True,
17,stage1_understanding,understanding,/Users/ritesh.thawkar/Ritesh/self-evolving-uug/runs/final/E2_understanding_only/iter_log.jsonl,proposer,grpo_loss,-0.4388020932674408,,0.001953125,0.4390076641754744,0.3753123731049577,0.002223020038725223,0.0020312112179513863,True,
17,stage1_understanding,understanding,/Users/ritesh.thawkar/Ritesh/self-evolving-uug/runs/final/E2_understanding_only/iter_log.jsonl,proposer,kl_loss,0.001953125,,0.001953125,0.4390076641754744,0.3753123731049577,0.002223020038725223,0.0020312112179513863,True,
18,stage1_understanding,understanding,/Users/ritesh.thawkar/Ritesh/self-evolving-uug/runs/final/E2_understanding_only/iter_log.jsonl,proposer,grpo_loss,0.7565104365348816,,0.0078125,-0.7560307184943823,-0.7182291901299704,0.002032544953837516,0.0019123850487902923,True,
18,stage1_understanding,understanding,/Users/ritesh.thawkar/Ritesh/self-evolving-uug/runs/final/E2_understanding_only/iter_log.jsonl,proposer,kl_loss,0.0078125,,0.0078125,-0.7560307184943823,-0.7182291901299704,0.002032544953837516,0.0019123850487902923,True,
19,stage1_understanding,understanding,/Users/ritesh.thawkar/Ritesh/self-evolving-uug/runs/final/E2_understanding_only/iter_log.jsonl,proposer,grpo_loss,0.3134765625,,0.0,-0.3134324076005993,-0.29776079035489345,0.001870033627144656,0.0016920763988259907,True,
19,stage1_understanding,understanding,/Users/ritesh.thawkar/Ritesh/self-evolving-uug/runs/final/E2_understanding_only/iter_log.jsonl,proposer,kl_loss,0.0,,0.0,-0.3134324076005993,-0.29776079035489345,0.001870033627144656,0.0016920763988259907,True,
20,stage1_understanding,understanding,/Users/ritesh.thawkar/Ritesh/self-evolving-uug/runs/final/E2_understanding_only/iter_log.jsonl,proposer,grpo_loss,0.8776041865348816,,0.001953125,-0.8771929732225301,-0.8333333333333334,0.0017119930921898148,0.0015642772054836438,True,
20,stage1_understanding,understanding,/Users/ritesh.thawkar/Ritesh/self-evolving-uug/runs/final/E2_understanding_only/iter_log.jsonl,proposer,kl_loss,0.001953125,,0.001953125,-0.8771929732225301,-0.8333333333333334,0.0017119930921898148,0.0015642772054836438,True,
21,stage1_understanding,understanding,/Users/ritesh.thawkar/Ritesh/self-evolving-uug/runs/final/E2_understanding_only/iter_log.jsonl,proposer,grpo_loss,-0.8893229365348816,,0.001953125,0.8896102330927732,0.13459087941090586,0.0015605328827771132,0.001425885436145944,True,
21,stage1_understanding,understanding,/Users/ritesh.thawkar/Ritesh/self-evolving-uug/runs/final/E2_understanding_only/iter_log.jsonl,proposer,kl_loss,0.001953125,,0.001953125,0.8896102330927732,0.13459087941090586,0.0015605328827771132,0.001425885436145944,True,
22,stage1_understanding,understanding,/Users/ritesh.thawkar/Ritesh/self-evolving-uug/runs/final/E2_understanding_only/iter_log.jsonl,proposer,grpo_loss,0.8776041865348816,,0.001953125,-0.8771929732225301,-0.8333333333333334,0.001425059740308596,0.0013021013217791766,True,
22,stage1_understanding,understanding,/Users/ritesh.thawkar/Ritesh/self-evolving-uug/runs/final/E2_understanding_only/iter_log.jsonl,proposer,kl_loss,0.001953125,,0.001953125,-0.8771929732225301,-0.8333333333333334,0.001425059740308596,0.0013021013217791766,True,
23,stage1_understanding,understanding,/Users/ritesh.thawkar/Ritesh/self-evolving-uug/runs/final/E2_understanding_only/iter_log.jsonl,proposer,grpo_loss,0.8893229365348816,,0.0,-0.8892165357039277,-0.8447557178108968,0.0012949815464252284,0.0011717477588716178,True,
23,stage1_understanding,understanding,/Users/ritesh.thawkar/Ritesh/self-evolving-uug/runs/final/E2_understanding_only/iter_log.jsonl,proposer,kl_loss,0.0,,0.0,-0.8892165357039277,-0.8447557178108968,0.0012949815464252284,0.0011717477588716178,True,
24,stage1_understanding,understanding,/Users/ritesh.thawkar/Ritesh/self-evolving-uug/runs/final/E2_understanding_only/iter_log.jsonl,proposer,grpo_loss,-0.1354166716337204,,0.0,0.13601934273585767,0.04764898335423803,0.0011819120157428636,0.001069438216670449,True,
24,stage1_understanding,understanding,/Users/ritesh.thawkar/Ritesh/self-evolving-uug/runs/final/E2_understanding_only/iter_log.jsonl,proposer,kl_loss,0.0,,0.0,0.13601934273585767,0.04764898335423803,0.0011819120157428636,0.001069438216670449,True,
25,stage1_understanding,understanding,/Users/ritesh.thawkar/Ritesh/self-evolving-uug/runs/final/E2_understanding_only/iter_log.jsonl,proposer,grpo_loss,0.8776041865348816,,0.0009765625,-0.8771929732225301,-0.8333333333333334,0.0010779894958746863,0.001,True,
25,stage1_understanding,understanding,/Users/ritesh.thawkar/Ritesh/self-evolving-uug/runs/final/E2_understanding_only/iter_log.jsonl,proposer,kl_loss,0.0009765625,,0.0009765625,-0.8771929732225301,-0.8333333333333334,0.0010779894958746863,0.001,True,
26,stage1_understanding,understanding,/Users/ritesh.thawkar/Ritesh/self-evolving-uug/runs/final/E2_understanding_only/iter_log.jsonl,proposer,grpo_loss,0.5319010615348816,,0.0,-0.5315851619577218,-0.24592846768089063,0.001,0.001,True,
26,stage1_understanding,understanding,/Users/ritesh.thawkar/Ritesh/self-evolving-uug/runs/final/E2_understanding_only/iter_log.jsonl,proposer,kl_loss,0.0,,0.0,-0.5315851619577218,-0.24592846768089063,0.001,0.001,True,
27,stage1_understanding,understanding,/Users/ritesh.thawkar/Ritesh/self-evolving-uug/runs/final/E2_understanding_only/iter_log.jsonl,proposer,grpo_loss,-0.41796875,,0.00390625,0.4181278199446383,0.16112133980616802,0.001,0.001,True,
27,stage1_understanding,understanding,/Users/ritesh.thawkar/Ritesh/self-evolving-uug/runs/final/E2_understanding_only/iter_log.jsonl,proposer,kl_loss,0.00390625,,0.00390625,0.4181278199446383,0.16112133980616802,0.001,0.001,True,
28,stage1_understanding,understanding,/Users/ritesh.thawkar/Ritesh/self-evolving-uug/runs/final/E2_understanding_only/iter_log.jsonl,proposer,grpo_loss,-0.1015625,,0.0009765625,0.10133085707081457,0.04084973944720882,0.001,0.001,True,
28,stage1_understanding,understanding,/Users/ritesh.thawkar/Ritesh/self-evolving-uug/runs/final/E2_understanding_only/iter_log.jsonl,proposer,kl_loss,0.0009765625,,0.0009765625,0.10133085707081457,0.04084973944720882,0.001,0.001,True,
29,stage1_understanding,understanding,/Users/ritesh.thawkar/Ritesh/self-evolving-uug/runs/final/E2_understanding_only/iter_log.jsonl,proposer,grpo_loss,-0.1087239608168602,,0.0029296875,0.10795172851837291,0.10255414317197158,0.001,0.001,True,
29,stage1_understanding,understanding,/Users/ritesh.thawkar/Ritesh/self-evolving-uug/runs/final/E2_understanding_only/iter_log.jsonl,proposer,kl_loss,0.0029296875,,0.0029296875,0.10795172851837291,0.10255414317197158,0.001,0.001,True,
30,stage1_understanding,understanding,/Users/ritesh.thawkar/Ritesh/self-evolving-uug/runs/final/E2_understanding_only/iter_log.jsonl,proposer,grpo_loss,-0.0618489608168602,,0.001953125,0.06155459600690163,0.05847686682210251,0.001,0.001,True,
30,stage1_understanding,understanding,/Users/ritesh.thawkar/Ritesh/self-evolving-uug/runs/final/E2_understanding_only/iter_log.jsonl,proposer,kl_loss,0.001953125,,0.001953125,0.06155459600690163,0.05847686682210251,0.001,0.001,True,
31,stage1_understanding,understanding,/Users/ritesh.thawkar/Ritesh/self-evolving-uug/runs/final/E2_understanding_only/iter_log.jsonl,proposer,grpo_loss,0.2447916716337204,,0.001953125,-0.2448752397072924,-0.23263148017068017,0.001,0.001,True,
31,stage1_understanding,understanding,/Users/ritesh.thawkar/Ritesh/self-evolving-uug/runs/final/E2_understanding_only/iter_log.jsonl,proposer,kl_loss,0.001953125,,0.001953125,-0.2448752397072924,-0.23263148017068017,0.001,0.001,True,
32,stage1_understanding,understanding,/Users/ritesh.thawkar/Ritesh/self-evolving-uug/runs/final/E2_understanding_only/iter_log.jsonl,proposer,grpo_loss,0.9609375,,0.0,-0.9610012636760424,-0.9545725132797444,0.001,0.001,True,
32,stage1_understanding,understanding,/Users/ritesh.thawkar/Ritesh/self-evolving-uug/runs/final/E2_understanding_only/iter_log.jsonl,proposer,kl_loss,0.0,,0.0,-0.9610012636760424,-0.9545725132797444,0.001,0.001,True,
33,stage1_understanding,understanding,/Users/ritesh.thawkar/Ritesh/self-evolving-uug/runs/final/E2_understanding_only/iter_log.jsonl,proposer,grpo_loss,0.8776041865348816,,0.0,-0.8771929732225301,-0.8333333333333334,0.001,0.001,True,
33,stage1_understanding,understanding,/Users/ritesh.thawkar/Ritesh/self-evolving-uug/runs/final/E2_understanding_only/iter_log.jsonl,proposer,kl_loss,0.0,,0.0,-0.8771929732225301,-0.8333333333333334,0.001,0.001,True,
34,stage1_understanding,understanding,/Users/ritesh.thawkar/Ritesh/self-evolving-uug/runs/final/E2_understanding_only/iter_log.jsonl,proposer,grpo_loss,0.8776041865348816,,0.001953125,-0.8771929732225301,-0.8333333333333334,0.001,0.001,True,
34,stage1_understanding,understanding,/Users/ritesh.thawkar/Ritesh/self-evolving-uug/runs/final/E2_understanding_only/iter_log.jsonl,proposer,kl_loss,0.001953125,,0.001953125,-0.8771929732225301,-0.8333333333333334,0.001,0.001,True,
35,stage1_understanding,understanding,/Users/ritesh.thawkar/Ritesh/self-evolving-uug/runs/final/E2_understanding_only/iter_log.jsonl,proposer,grpo_loss,0.2083333432674408,,0.0,-0.20919078544561243,-0.06402209920070472,0.001,0.001,True,
35,stage1_understanding,understanding,/Users/ritesh.thawkar/Ritesh/self-evolving-uug/runs/final/E2_understanding_only/iter_log.jsonl,proposer,kl_loss,0.0,,0.0,-0.20919078544561243,-0.06402209920070472,0.001,0.001,True,
36,stage1_understanding,understanding,/Users/ritesh.thawkar/Ritesh/self-evolving-uug/runs/final/E2_understanding_only/iter_log.jsonl,proposer,grpo_loss,-0.6640625,,0.0,0.6643723864882931,0.4643205833081108,0.001,0.001,True,
36,stage1_understanding,understanding,/Users/ritesh.thawkar/Ritesh/self-evolving-uug/runs/final/E2_understanding_only/iter_log.jsonl,proposer,kl_loss,0.0,,0.0,0.6643723864882931,0.4643205833081108,0.001,0.001,True,
37,stage1_understanding,understanding,/Users/ritesh.thawkar/Ritesh/self-evolving-uug/runs/final/E2_understanding_only/iter_log.jsonl,proposer,grpo_loss,0.4817708432674408,,0.0029296875,-0.48234767404350265,-0.18785894246271181,0.001,0.001,True,
37,stage1_understanding,understanding,/Users/ritesh.thawkar/Ritesh/self-evolving-uug/runs/final/E2_understanding_only/iter_log.jsonl,proposer,kl_loss,0.0029296875,,0.0029296875,-0.48234767404350265,-0.18785894246271181,0.001,0.001,True,
38,stage1_understanding,understanding,/Users/ritesh.thawkar/Ritesh/self-evolving-uug/runs/final/E2_understanding_only/iter_log.jsonl,proposer,grpo_loss,-0.5126953125,,0.001953125,0.5129373535117103,0.1446705341517179,0.001,0.001,True,
38,stage1_understanding,understanding,/Users/ritesh.thawkar/Ritesh/self-evolving-uug/runs/final/E2_understanding_only/iter_log.jsonl,proposer,kl_loss,0.001953125,,0.001953125,0.5129373535117103,0.1446705341517179,0.001,0.001,True,
39,stage1_understanding,understanding,/Users/ritesh.thawkar/Ritesh/self-evolving-uug/runs/final/E2_understanding_only/iter_log.jsonl,proposer,grpo_loss,-0.0611979179084301,,0.0,0.06108462964395758,0.029051291081153823,0.001,0.001,True,
39,stage1_understanding,understanding,/Users/ritesh.thawkar/Ritesh/self-evolving-uug/runs/final/E2_understanding_only/iter_log.jsonl,proposer,kl_loss,0.0,,0.0,0.06108462964395758,0.029051291081153823,0.001,0.001,True,
40,stage1_understanding,understanding,/Users/ritesh.thawkar/Ritesh/self-evolving-uug/runs/final/E2_understanding_only/iter_log.jsonl,proposer,grpo_loss,0.8776041865348816,,0.001953125,-0.8771929732225301,-0.8333333333333334,0.001,0.001,True,
40,stage1_understanding,understanding,/Users/ritesh.thawkar/Ritesh/self-evolving-uug/runs/final/E2_understanding_only/iter_log.jsonl,proposer,kl_loss,0.001953125,,0.001953125,-0.8771929732225301,-0.8333333333333334,0.001,0.001,True,
41,stage1_understanding,understanding,/Users/ritesh.thawkar/Ritesh/self-evolving-uug/runs/final/E2_understanding_only/iter_log.jsonl,proposer,grpo_loss,0.8776041865348816,,0.001953125,-0.8771929732225301,-0.8333333333333334,0.001,0.001,True,
41,stage1_understanding,understanding,/Users/ritesh.thawkar/Ritesh/self-evolving-uug/runs/final/E2_understanding_only/iter_log.jsonl,proposer,kl_loss,0.001953125,,0.001953125,-0.8771929732225301,-0.8333333333333334,0.001,0.001,True,
42,stage1_understanding,understanding,/Users/ritesh.thawkar/Ritesh/self-evolving-uug/runs/final/E2_understanding_only/iter_log.jsonl,proposer,grpo_loss,0.008463541977107525,,0.0,-0.008073259721613843,-0.007669596816265741,0.001,0.001,True,
42,stage1_understanding,understanding,/Users/ritesh.thawkar/Ritesh/self-evolving-uug/runs/final/E2_understanding_only/iter_log.jsonl,proposer,kl_loss,0.0,,0.0,-0.008073259721613843,-0.007669596816265741,0.001,0.001,True,
43,stage1_understanding,understanding,/Users/ritesh.thawkar/Ritesh/self-evolving-uug/runs/final/E2_understanding_only/iter_log.jsonl,proposer,grpo_loss,0.9153646230697632,,0.0,-0.9156600580861564,-0.869877064338449,0.001,0.001,True,
43,stage1_understanding,understanding,/Users/ritesh.thawkar/Ritesh/self-evolving-uug/runs/final/E2_understanding_only/iter_log.jsonl,proposer,kl_loss,0.0,,0.0,-0.9156600580861564,-0.869877064338449,0.001,0.001,True,
44,stage1_understanding,understanding,/Users/ritesh.thawkar/Ritesh/self-evolving-uug/runs/final/E2_understanding_only/iter_log.jsonl,proposer,grpo_loss,0.8776041865348816,,0.0,-0.8771929732225301,-0.8333333333333334,0.001,0.001,True,
44,stage1_understanding,understanding,/Users/ritesh.thawkar/Ritesh/self-evolving-uug/runs/final/E2_understanding_only/iter_log.jsonl,proposer,kl_loss,0.0,,0.0,-0.8771929732225301,-0.8333333333333334,0.001,0.001,True,
45,stage1_understanding,understanding,/Users/ritesh.thawkar/Ritesh/self-evolving-uug/runs/final/E2_understanding_only/iter_log.jsonl,proposer,grpo_loss,-0.1510416716337204,,0.001953125,0.1504801376432425,0.041096256255352036,0.001,0.001,True,
45,stage1_understanding,understanding,/Users/ritesh.thawkar/Ritesh/self-evolving-uug/runs/final/E2_understanding_only/iter_log.jsonl,proposer,kl_loss,0.001953125,,0.001953125,0.1504801376432425,0.041096256255352036,0.001,0.001,True,
46,stage1_understanding,understanding,/Users/ritesh.thawkar/Ritesh/self-evolving-uug/runs/final/E2_understanding_only/iter_log.jsonl,proposer,grpo_loss,0.8151041865348816,,0.001953125,-0.8151047500006589,-0.7743495206516734,0.001,0.001,True,
46,stage1_understanding,understanding,/Users/ritesh.thawkar/Ritesh/self-evolving-uug/runs/final/E2_understanding_only/iter_log.jsonl,proposer,kl_loss,0.001953125,,0.001953125,-0.8151047500006589,-0.7743495206516734,0.001,0.001,True,
47,stage1_understanding,understanding,/Users/ritesh.thawkar/Ritesh/self-evolving-uug/runs/final/E2_understanding_only/iter_log.jsonl,proposer,grpo_loss,0.5846354365348816,,0.0,-0.5846944553752648,-0.5554597384534461,0.001,0.001,True,
47,stage1_understanding,understanding,/Users/ritesh.thawkar/Ritesh/self-evolving-uug/runs/final/E2_understanding_only/iter_log.jsonl,proposer,kl_loss,0.0,,0.0,-0.5846944553752648,-0.5554597384534461,0.001,0.001,True,
48,stage1_understanding,understanding,/Users/ritesh.thawkar/Ritesh/self-evolving-uug/runs/final/E2_understanding_only/iter_log.jsonl,proposer,grpo_loss,0.2821044921875,,0.0,-0.28215364566133766,-0.26804596619980725,0.001,0.001,True,
48,stage1_understanding,understanding,/Users/ritesh.thawkar/Ritesh/self-evolving-uug/runs/final/E2_understanding_only/iter_log.jsonl,proposer,kl_loss,0.0,,0.0,-0.28215364566133766,-0.26804596619980725,0.001,0.001,True,
49,stage1_understanding,understanding,/Users/ritesh.thawkar/Ritesh/self-evolving-uug/runs/final/E2_understanding_only/iter_log.jsonl,proposer,grpo_loss,0.0911458358168602,,0.0,-0.091215460134227,-0.03520570843678369,0.001,0.001,True,
49,stage1_understanding,understanding,/Users/ritesh.thawkar/Ritesh/self-evolving-uug/runs/final/E2_understanding_only/iter_log.jsonl,proposer,kl_loss,0.0,,0.0,-0.091215460134227,-0.03520570843678369,0.001,0.001,True,
50,stage1_understanding,understanding,/Users/ritesh.thawkar/Ritesh/self-evolving-uug/runs/final/E2_understanding_only/iter_log.jsonl,proposer,grpo_loss,0.7369791865348816,,0.0009765625,-0.7373577212734609,-1.2673099194567996,0.001,0.001,True,
50,stage1_understanding,understanding,/Users/ritesh.thawkar/Ritesh/self-evolving-uug/runs/final/E2_understanding_only/iter_log.jsonl,proposer,kl_loss,0.0009765625,,0.0009765625,-0.7373577212734609,-1.2673099194567996,0.001,0.001,True,
51,stage1_understanding,understanding,/Users/ritesh.thawkar/Ritesh/self-evolving-uug/runs/final/E2_understanding_only/iter_log.jsonl,proposer,grpo_loss,0.23828125,,0.0,-0.2384899209384749,-0.060905796598924256,0.001,0.001,True,
51,stage1_understanding,understanding,/Users/ritesh.thawkar/Ritesh/self-evolving-uug/runs/final/E2_understanding_only/iter_log.jsonl,proposer,kl_loss,0.0,,0.0,-0.2384899209384749,-0.060905796598924256,0.001,0.001,True,
52,stage1_understanding,understanding,/Users/ritesh.thawkar/Ritesh/self-evolving-uug/runs/final/E2_understanding_only/iter_log.jsonl,proposer,grpo_loss,-0.02083333395421505,,0.0,0.021078941667706186,0.0059701248624532965,0.001,0.001,True,
52,stage1_understanding,understanding,/Users/ritesh.thawkar/Ritesh/self-evolving-uug/runs/final/E2_understanding_only/iter_log.jsonl,proposer,kl_loss,0.0,,0.0,0.021078941667706186,0.0059701248624532965,0.001,0.001,True,
53,stage1_understanding,understanding,/Users/ritesh.thawkar/Ritesh/self-evolving-uug/runs/final/E2_understanding_only/iter_log.jsonl,proposer,grpo_loss,0.4440104365348816,,0.0,-0.44387097727840796,-0.0567118446768079,0.001,0.001,True,
53,stage1_understanding,understanding,/Users/ritesh.thawkar/Ritesh/self-evolving-uug/runs/final/E2_understanding_only/iter_log.jsonl,proposer,kl_loss,0.0,,0.0,-0.44387097727840796,-0.0567118446768079,0.001,0.001,True,
54,stage1_understanding,understanding,/Users/ritesh.thawkar/Ritesh/self-evolving-uug/runs/final/E2_understanding_only/iter_log.jsonl,proposer,grpo_loss,-0.9700521230697632,,0.0,0.970338712700343,0.24548956827325963,0.001,0.001,True,
54,stage1_understanding,understanding,/Users/ritesh.thawkar/Ritesh/self-evolving-uug/runs/final/E2_understanding_only/iter_log.jsonl,proposer,kl_loss,0.0,,0.0,0.970338712700343,0.24548956827325963,0.001,0.001,True,
55,stage1_understanding,understanding,/Users/ritesh.thawkar/Ritesh/self-evolving-uug/runs/final/E2_understanding_only/iter_log.jsonl,proposer,grpo_loss,-0.8776041865348816,,0.001953125,0.8767310955873456,0.25948449491562675,0.001,0.001,True,
55,stage1_understanding,understanding,/Users/ritesh.thawkar/Ritesh/self-evolving-uug/runs/final/E2_understanding_only/iter_log.jsonl,proposer,kl_loss,0.001953125,,0.001953125,0.8767310955873456,0.25948449491562675,0.001,0.001,True,
56,stage1_understanding,understanding,/Users/ritesh.thawkar/Ritesh/self-evolving-uug/runs/final/E2_understanding_only/iter_log.jsonl,proposer,grpo_loss,0.5670573115348816,,0.0,-0.5694480876672655,-0.5409756889783831,0.001,0.001,True,
56,stage1_understanding,understanding,/Users/ritesh.thawkar/Ritesh/self-evolving-uug/runs/final/E2_understanding_only/iter_log.jsonl,proposer,kl_loss,0.0,,0.0,-0.5694480876672655,-0.5409756889783831,0.001,0.001,True,
57,stage1_understanding,understanding,/Users/ritesh.thawkar/Ritesh/self-evolving-uug/runs/final/E2_understanding_only/iter_log.jsonl,proposer,grpo_loss,0.3489583432674408,,0.0,-0.34882890227814406,-0.33138746065252583,0.001,0.001,True,
57,stage1_understanding,understanding,/Users/ritesh.thawkar/Ritesh/self-evolving-uug/runs/final/E2_understanding_only/iter_log.jsonl,proposer,kl_loss,0.0,,0.0,-0.34882890227814406,-0.33138746065252583,0.001,0.001,True,
58,stage1_understanding,understanding,/Users/ritesh.thawkar/Ritesh/self-evolving-uug/runs/final/E2_understanding_only/iter_log.jsonl,proposer,grpo_loss,0.8776041865348816,,0.001953125,-0.8771929732225301,-0.8333333333333334,0.001,0.001,True,
58,stage1_understanding,understanding,/Users/ritesh.thawkar/Ritesh/self-evolving-uug/runs/final/E2_understanding_only/iter_log.jsonl,proposer,kl_loss,0.001953125,,0.001953125,-0.8771929732225301,-0.8333333333333334,0.001,0.001,True,
59,stage1_understanding,understanding,/Users/ritesh.thawkar/Ritesh/self-evolving-uug/runs/final/E2_understanding_only/iter_log.jsonl,proposer,grpo_loss,-0.88671875,,0.001953125,0.8869746728647337,0.2773774236810039,0.001,0.001,True,
59,stage1_understanding,understanding,/Users/ritesh.thawkar/Ritesh/self-evolving-uug/runs/final/E2_understanding_only/iter_log.jsonl,proposer,kl_loss,0.001953125,,0.001953125,0.8869746728647337,0.2773774236810039,0.001,0.001,True,
60,stage1_understanding,understanding,/Users/ritesh.thawkar/Ritesh/self-evolving-uug/runs/final/E2_understanding_only/iter_log.jsonl,proposer,grpo_loss,-0.5143229365348816,,0.0,0.5149655407775101,0.4634689918494146,0.001,0.001,True,
60,stage1_understanding,understanding,/Users/ritesh.thawkar/Ritesh/self-evolving-uug/runs/final/E2_understanding_only/iter_log.jsonl,proposer,kl_loss,0.0,,0.0,0.5149655407775101,0.4634689918494146,0.001,0.001,True,
61,stage1_understanding,understanding,/Users/ritesh.thawkar/Ritesh/self-evolving-uug/runs/final/E2_understanding_only/iter_log.jsonl,proposer,grpo_loss,0.5849609375,,0.0,-0.5849321645847788,-0.5556855622048614,0.001,0.001,True,
61,stage1_understanding,understanding,/Users/ritesh.thawkar/Ritesh/self-evolving-uug/runs/final/E2_understanding_only/iter_log.jsonl,proposer,kl_loss,0.0,,0.0,-0.5849321645847788,-0.5556855622048614,0.001,0.001,True,
62,stage1_understanding,understanding,/Users/ritesh.thawkar/Ritesh/self-evolving-uug/runs/final/E2_understanding_only/iter_log.jsonl,proposer,grpo_loss,0.2679036557674408,,0.0,-0.2681830490757109,-0.2547738993037558,0.001,0.001,True,
62,stage1_understanding,understanding,/Users/ritesh.thawkar/Ritesh/self-evolving-uug/runs/final/E2_understanding_only/iter_log.jsonl,proposer,kl_loss,0.0,,0.0,-0.2681830490757109,-0.2547738993037558,0.001,0.001,True,
63,stage1_understanding,understanding,/Users/ritesh.thawkar/Ritesh/self-evolving-uug/runs/final/E2_understanding_only/iter_log.jsonl,proposer,grpo_loss,0.5598958730697632,,0.0,-0.5596166122394539,-0.5316357872236473,0.001,0.001,True,
63,stage1_understanding,understanding,/Users/ritesh.thawkar/Ritesh/self-evolving-uug/runs/final/E2_understanding_only/iter_log.jsonl,proposer,kl_loss,0.0,,0.0,-0.5596166122394539,-0.5316357872236473,0.001,0.001,True,
64,stage1_understanding,understanding,/Users/ritesh.thawkar/Ritesh/self-evolving-uug/runs/final/E2_understanding_only/iter_log.jsonl,proposer,grpo_loss,0.1497395932674408,,0.0,-0.14815615017219405,-0.04929947921136091,0.001,0.001,True,
64,stage1_understanding,understanding,/Users/ritesh.thawkar/Ritesh/self-evolving-uug/runs/final/E2_understanding_only/iter_log.jsonl,proposer,kl_loss,0.0,,0.0,-0.14815615017219405,-0.04929947921136091,0.001,0.001,True,
65,stage1_understanding,understanding,/Users/ritesh.thawkar/Ritesh/self-evolving-uug/runs/final/E2_understanding_only/iter_log.jsonl,proposer,grpo_loss,0.8606771230697632,,0.0,-0.860850384008936,-1.3808698236117767,0.001,0.001,True,
65,stage1_understanding,understanding,/Users/ritesh.thawkar/Ritesh/self-evolving-uug/runs/final/E2_understanding_only/iter_log.jsonl,proposer,kl_loss,0.0,,0.0,-0.860850384008936,-1.3808698236117767,0.001,0.001,True,
66,stage1_understanding,understanding,/Users/ritesh.thawkar/Ritesh/self-evolving-uug/runs/final/E2_understanding_only/iter_log.jsonl,proposer,grpo_loss,0.875,,0.0,-0.8771929732225301,-0.8333333333333334,0.001,0.001,True,
66,stage1_understanding,understanding,/Users/ritesh.thawkar/Ritesh/self-evolving-uug/runs/final/E2_understanding_only/iter_log.jsonl,proposer,kl_loss,0.0,,0.0,-0.8771929732225301,-0.8333333333333334,0.001,0.001,True,
67,stage1_understanding,understanding,/Users/ritesh.thawkar/Ritesh/self-evolving-uug/runs/final/E2_understanding_only/iter_log.jsonl,proposer,grpo_loss,0.8776041865348816,,0.0,-0.8771929732225301,-0.8333333333333334,0.001,0.001,True,
67,stage1_understanding,understanding,/Users/ritesh.thawkar/Ritesh/self-evolving-uug/runs/final/E2_understanding_only/iter_log.jsonl,proposer,kl_loss,0.0,,0.0,-0.8771929732225301,-0.8333333333333334,0.001,0.001,True,
68,stage1_understanding,understanding,/Users/ritesh.thawkar/Ritesh/self-evolving-uug/runs/final/E2_understanding_only/iter_log.jsonl,proposer,grpo_loss,-0.31640625,,0.0,0.31727137409587264,0.11865197864336469,0.001,0.001,True,
68,stage1_understanding,understanding,/Users/ritesh.thawkar/Ritesh/self-evolving-uug/runs/final/E2_understanding_only/iter_log.jsonl,proposer,kl_loss,0.0,,0.0,0.31727137409587264,0.11865197864336469,0.001,0.001,True,
69,stage1_understanding,understanding,/Users/ritesh.thawkar/Ritesh/self-evolving-uug/runs/final/E2_understanding_only/iter_log.jsonl,proposer,grpo_loss,-0.90234375,,0.0,0.9031136128839181,0.3708967518099395,0.001,0.001,True,
69,stage1_understanding,understanding,/Users/ritesh.thawkar/Ritesh/self-evolving-uug/runs/final/E2_understanding_only/iter_log.jsonl,proposer,kl_loss,0.0,,0.0,0.9031136128839181,0.3708967518099395,0.001,0.001,True,
70,stage1_understanding,understanding,/Users/ritesh.thawkar/Ritesh/self-evolving-uug/runs/final/E2_understanding_only/iter_log.jsonl,proposer,grpo_loss,-0.7545573115348816,,0.0,0.7551883586783735,0.2511565787592037,0.001,0.001,True,
70,stage1_understanding,understanding,/Users/ritesh.thawkar/Ritesh/self-evolving-uug/runs/final/E2_understanding_only/iter_log.jsonl,proposer,kl_loss,0.0,,0.0,0.7551883586783735,0.2511565787592037,0.001,0.001,True,
71,stage1_understanding,understanding,/Users/ritesh.thawkar/Ritesh/self-evolving-uug/runs/final/E2_understanding_only/iter_log.jsonl,proposer,grpo_loss,0.7916666865348816,,0.0,-0.7906975396604246,-1.3482173927610324,0.001,0.001,True,
71,stage1_understanding,understanding,/Users/ritesh.thawkar/Ritesh/self-evolving-uug/runs/final/E2_understanding_only/iter_log.jsonl,proposer,kl_loss,0.0,,0.0,-0.7906975396604246,-1.3482173927610324,0.001,0.001,True,
72,stage1_understanding,understanding,/Users/ritesh.thawkar/Ritesh/self-evolving-uug/runs/final/E2_understanding_only/iter_log.jsonl,proposer,grpo_loss,-0.0963541716337204,,0.0,0.09700188355818817,0.029758522249314634,0.001,0.001,True,
72,stage1_understanding,understanding,/Users/ritesh.thawkar/Ritesh/self-evolving-uug/runs/final/E2_understanding_only/iter_log.jsonl,proposer,kl_loss,0.0,,0.0,0.09700188355818817,0.029758522249314634,0.001,0.001,True,
73,stage1_understanding,understanding,/Users/ritesh.thawkar/Ritesh/self-evolving-uug/runs/final/E2_understanding_only/iter_log.jsonl,proposer,grpo_loss,-0.4361979365348816,,0.0,0.43575767232267454,0.13506643676846256,0.001,0.001,True,
73,stage1_understanding,understanding,/Users/ritesh.thawkar/Ritesh/self-evolving-uug/runs/final/E2_understanding_only/iter_log.jsonl,proposer,kl_loss,0.0,,0.0,0.43575767232267454,0.13506643676846256,0.001,0.001,True,
74,stage1_understanding,understanding,/Users/ritesh.thawkar/Ritesh/self-evolving-uug/runs/final/E2_understanding_only/iter_log.jsonl,proposer,grpo_loss,0.5436198115348816,,0.0,-0.5428922590904031,-0.5157476515648055,0.001,0.001,True,
74,stage1_understanding,understanding,/Users/ritesh.thawkar/Ritesh/self-evolving-uug/runs/final/E2_understanding_only/iter_log.jsonl,proposer,kl_loss,0.0,,0.0,-0.5428922590904031,-0.5157476515648055,0.001,0.001,True,
75,stage1_understanding,understanding,/Users/ritesh.thawkar/Ritesh/self-evolving-uug/runs/final/E2_understanding_only/iter_log.jsonl,proposer,grpo_loss,0.470703125,,0.0,-0.47084937950965616,-0.4886163978832469,0.001,0.001,True,
75,stage1_understanding,understanding,/Users/ritesh.thawkar/Ritesh/self-evolving-uug/runs/final/E2_understanding_only/iter_log.jsonl,proposer,kl_loss,0.0,,0.0,-0.47084937950965616,-0.4886163978832469,0.001,0.001,True,
76,stage1_understanding,understanding,/Users/ritesh.thawkar/Ritesh/self-evolving-uug/runs/final/E2_understanding_only/iter_log.jsonl,proposer,grpo_loss,-0.33203125,,0.0,0.3316215258336408,0.08422692063743431,0.001,0.001,True,
76,stage1_understanding,understanding,/Users/ritesh.thawkar/Ritesh/self-evolving-uug/runs/final/E2_understanding_only/iter_log.jsonl,proposer,kl_loss,0.0,,0.0,0.3316215258336408,0.08422692063743431,0.001,0.001,True,
77,stage1_understanding,understanding,/Users/ritesh.thawkar/Ritesh/self-evolving-uug/runs/final/E2_understanding_only/iter_log.jsonl,proposer,grpo_loss,0.384765625,,0.0,-0.38474099035731185,-0.3655039446868562,0.001,0.001,True,
77,stage1_understanding,understanding,/Users/ritesh.thawkar/Ritesh/self-evolving-uug/runs/final/E2_understanding_only/iter_log.jsonl,proposer,kl_loss,0.0,,0.0,-0.38474099035731185,-0.3655039446868562,0.001,0.001,True,
78,stage1_understanding,understanding,/Users/ritesh.thawkar/Ritesh/self-evolving-uug/runs/final/E2_understanding_only/iter_log.jsonl,proposer,grpo_loss,0.6875,,0.0,-0.6864963673712602,-1.1559366539829354,0.001,0.001,True,
78,stage1_understanding,understanding,/Users/ritesh.thawkar/Ritesh/self-evolving-uug/runs/final/E2_understanding_only/iter_log.jsonl,proposer,kl_loss,0.0,,0.0,-0.6864963673712602,-1.1559366539829354,0.001,0.001,True,
79,stage1_understanding,understanding,/Users/ritesh.thawkar/Ritesh/self-evolving-uug/runs/final/E2_understanding_only/iter_log.jsonl,proposer,grpo_loss,0.8763021230697632,,0.0,-0.8771929732225301,-0.8333333333333334,0.001,0.001,True,
79,stage1_understanding,understanding,/Users/ritesh.thawkar/Ritesh/self-evolving-uug/runs/final/E2_understanding_only/iter_log.jsonl,proposer,kl_loss,0.0,,0.0,-0.8771929732225301,-0.8333333333333334,0.001,0.001,True,
80,stage1_understanding,understanding,/Users/ritesh.thawkar/Ritesh/self-evolving-uug/runs/final/E2_understanding_only/iter_log.jsonl,proposer,grpo_loss,0.8736979365348816,,0.0,-0.8771929732225301,-0.8333333333333334,0.001,0.001,True,
80,stage1_understanding,understanding,/Users/ritesh.thawkar/Ritesh/self-evolving-uug/runs/final/E2_understanding_only/iter_log.jsonl,proposer,kl_loss,0.0,,0.0,-0.8771929732225301,-0.8333333333333334,0.001,0.001,True,
81,stage1_understanding,understanding,/Users/ritesh.thawkar/Ritesh/self-evolving-uug/runs/final/E2_understanding_only/iter_log.jsonl,proposer,grpo_loss,-0.2630208432674408,,0.0,0.2660166228972462,0.08123532527021816,0.001,0.001,True,
81,stage1_understanding,understanding,/Users/ritesh.thawkar/Ritesh/self-evolving-uug/runs/final/E2_understanding_only/iter_log.jsonl,proposer,kl_loss,0.0,,0.0,0.2660166228972462,0.08123532527021816,0.001,0.001,True,
82,stage1_understanding,understanding,/Users/ritesh.thawkar/Ritesh/self-evolving-uug/runs/final/E2_understanding_only/iter_log.jsonl,proposer,grpo_loss,-0.5833333730697632,,0.0,0.5842655738704621,0.4740222209515454,0.001,0.001,True,
82,stage1_understanding,understanding,/Users/ritesh.thawkar/Ritesh/self-evolving-uug/runs/final/E2_understanding_only/iter_log.jsonl,proposer,kl_loss,0.0,,0.0,0.5842655738704621,0.4740222209515454,0.001,0.001,True,
83,stage1_understanding,understanding,/Users/ritesh.thawkar/Ritesh/self-evolving-uug/runs/final/E2_understanding_only/iter_log.jsonl,proposer,grpo_loss,0.3177083432674408,,0.0,-0.31697191781525613,-0.09679589404904725,0.001,0.001,True,
83,stage1_understanding,understanding,/Users/ritesh.thawkar/Ritesh/self-evolving-uug/runs/final/E2_understanding_only/iter_log.jsonl,proposer,kl_loss,0.0,,0.0,-0.31697191781525613,-0.09679589404904725,0.001,0.001,True,
84,stage1_understanding,understanding,/Users/ritesh.thawkar/Ritesh/self-evolving-uug/runs/final/E2_understanding_only/iter_log.jsonl,proposer,grpo_loss,0.8736979365348816,,0.0,-0.8771929732225301,-0.8333333333333334,0.001,0.001,True,
84,stage1_understanding,understanding,/Users/ritesh.thawkar/Ritesh/self-evolving-uug/runs/final/E2_understanding_only/iter_log.jsonl,proposer,kl_loss,0.0,,0.0,-0.8771929732225301,-0.8333333333333334,0.001,0.001,True,
85,stage1_understanding,understanding,/Users/ritesh.thawkar/Ritesh/self-evolving-uug/runs/final/E2_understanding_only/iter_log.jsonl,proposer,grpo_loss,-0.4459635615348816,,0.0,0.44778470663479175,0.16582754603971003,0.001,0.001,True,
85,stage1_understanding,understanding,/Users/ritesh.thawkar/Ritesh/self-evolving-uug/runs/final/E2_understanding_only/iter_log.jsonl,proposer,kl_loss,0.0,,0.0,0.44778470663479175,0.16582754603971003,0.001,0.001,True,
86,stage1_understanding,understanding,/Users/ritesh.thawkar/Ritesh/self-evolving-uug/runs/final/E2_understanding_only/iter_log.jsonl,proposer,grpo_loss,-0.9856771230697632,,0.0,0.9892460628247267,0.29655562103822225,0.001,0.001,True,
86,stage1_understanding,understanding,/Users/ritesh.thawkar/Ritesh/self-evolving-uug/runs/final/E2_understanding_only/iter_log.jsonl,proposer,kl_loss,0.0,,0.0,0.9892460628247267,0.29655562103822225,0.001,0.001,True,
87,stage1_understanding,understanding,/Users/ritesh.thawkar/Ritesh/self-evolving-uug/runs/final/E2_understanding_only/iter_log.jsonl,proposer,grpo_loss,-0.4010416865348816,,0.0,0.4019849051465392,0.11388292185282532,0.001,0.001,True,
87,stage1_understanding,understanding,/Users/ritesh.thawkar/Ritesh/self-evolving-uug/runs/final/E2_understanding_only/iter_log.jsonl,proposer,kl_loss,0.0,,0.0,0.4019849051465392,0.11388292185282532,0.001,0.001,True,
88,stage1_understanding,understanding,/Users/ritesh.thawkar/Ritesh/self-evolving-uug/runs/final/E2_understanding_only/iter_log.jsonl,proposer,grpo_loss,0.9791666865348816,,0.0,-0.980925383334143,-1.435056715206393,0.001,0.001,True,
88,stage1_understanding,understanding,/Users/ritesh.thawkar/Ritesh/self-evolving-uug/runs/final/E2_understanding_only/iter_log.jsonl,proposer,kl_loss,0.0,,0.0,-0.980925383334143,-1.435056715206393,0.001,0.001,True,
89,stage1_understanding,understanding,/Users/ritesh.thawkar/Ritesh/self-evolving-uug/runs/final/E2_understanding_only/iter_log.jsonl,proposer,grpo_loss,-0.072265625,,0.0,0.07406919937772778,0.07036574014953338,0.001,0.001,True,
89,stage1_understanding,understanding,/Users/ritesh.thawkar/Ritesh/self-evolving-uug/runs/final/E2_understanding_only/iter_log.jsonl,proposer,kl_loss,0.0,,0.0,0.07406919937772778,0.07036574014953338,0.001,0.001,True,
90,stage1_understanding,understanding,/Users/ritesh.thawkar/Ritesh/self-evolving-uug/runs/final/E2_understanding_only/iter_log.jsonl,proposer,grpo_loss,0.8346354365348816,,0.0,-0.8360790386560452,-0.7942750950840333,0.001,0.001,True,
90,stage1_understanding,understanding,/Users/ritesh.thawkar/Ritesh/self-evolving-uug/runs/final/E2_understanding_only/iter_log.jsonl,proposer,kl_loss,0.0,,0.0,-0.8360790386560452,-0.7942750950840333,0.001,0.001,True,
91,stage1_understanding,understanding,/Users/ritesh.thawkar/Ritesh/self-evolving-uug/runs/final/E2_understanding_only/iter_log.jsonl,proposer,grpo_loss,0.9661458730697632,,0.0,-0.9707555089504406,-0.9429724950895858,0.001,0.001,True,
91,stage1_understanding,understanding,/Users/ritesh.thawkar/Ritesh/self-evolving-uug/runs/final/E2_understanding_only/iter_log.jsonl,proposer,kl_loss,0.0,,0.0,-0.9707555089504406,-0.9429724950895858,0.001,0.001,True,
92,stage1_understanding,understanding,/Users/ritesh.thawkar/Ritesh/self-evolving-uug/runs/final/E2_understanding_only/iter_log.jsonl,proposer,grpo_loss,0.8736979365348816,,0.0,-0.8771929732225301,-0.8333333333333334,0.001,0.001,True,
92,stage1_understanding,understanding,/Users/ritesh.thawkar/Ritesh/self-evolving-uug/runs/final/E2_understanding_only/iter_log.jsonl,proposer,kl_loss,0.0,,0.0,-0.8771929732225301,-0.8333333333333334,0.001,0.001,True,
93,stage1_understanding,understanding,/Users/ritesh.thawkar/Ritesh/self-evolving-uug/runs/final/E2_understanding_only/iter_log.jsonl,proposer,grpo_loss,0.875,,0.0,-0.8771929732225301,-0.8333333333333334,0.001,0.001,True,
93,stage1_understanding,understanding,/Users/ritesh.thawkar/Ritesh/self-evolving-uug/runs/final/E2_understanding_only/iter_log.jsonl,proposer,kl_loss,0.0,,0.0,-0.8771929732225301,-0.8333333333333334,0.001,0.001,True,
94,stage1_understanding,understanding,/Users/ritesh.thawkar/Ritesh/self-evolving-uug/runs/final/E2_understanding_only/iter_log.jsonl,proposer,grpo_loss,0.8763021230697632,,0.0,-0.8771929732225301,-0.8333333333333334,0.001,0.001,True,
94,stage1_understanding,understanding,/Users/ritesh.thawkar/Ritesh/self-evolving-uug/runs/final/E2_understanding_only/iter_log.jsonl,proposer,kl_loss,0.0,,0.0,-0.8771929732225301,-0.8333333333333334,0.001,0.001,True,
95,stage1_understanding,understanding,/Users/ritesh.thawkar/Ritesh/self-evolving-uug/runs/final/E2_understanding_only/iter_log.jsonl,proposer,grpo_loss,0.4241536557674408,,0.0,-0.4249839875208472,-0.4037347923946446,0.001,0.001,True,
95,stage1_understanding,understanding,/Users/ritesh.thawkar/Ritesh/self-evolving-uug/runs/final/E2_understanding_only/iter_log.jsonl,proposer,kl_loss,0.0,,0.0,-0.4249839875208472,-0.4037347923946446,0.001,0.001,True,
96,stage1_understanding,understanding,/Users/ritesh.thawkar/Ritesh/self-evolving-uug/runs/final/E2_understanding_only/iter_log.jsonl,proposer,grpo_loss,-0.3177083432674408,,0.0,0.3202394660103941,0.11731418914181041,0.001,0.001,True,
96,stage1_understanding,understanding,/Users/ritesh.thawkar/Ritesh/self-evolving-uug/runs/final/E2_understanding_only/iter_log.jsonl,proposer,kl_loss,0.0,,0.0,0.3202394660103941,0.11731418914181041,0.001,0.001,True,
97,stage1_understanding,understanding,/Users/ritesh.thawkar/Ritesh/self-evolving-uug/runs/final/E2_understanding_only/iter_log.jsonl,proposer,grpo_loss,0.548828125,,0.0,-0.550982652599432,-0.5234335254792869,0.001,0.001,True,
97,stage1_understanding,understanding,/Users/ritesh.thawkar/Ritesh/self-evolving-uug/runs/final/E2_understanding_only/iter_log.jsonl,proposer,kl_loss,0.0,,0.0,-0.550982652599432,-0.5234335254792869,0.001,0.001,True,
98,stage1_understanding,understanding,/Users/ritesh.thawkar/Ritesh/self-evolving-uug/runs/final/E2_understanding_only/iter_log.jsonl,proposer,grpo_loss,0.8723958730697632,,0.0,-0.8771929732225301,-0.8333333333333334,0.001,0.001,True,
98,stage1_understanding,understanding,/Users/ritesh.thawkar/Ritesh/self-evolving-uug/runs/final/E2_understanding_only/iter_log.jsonl,proposer,kl_loss,0.0,,0.0,-0.8771929732225301,-0.8333333333333334,0.001,0.001,True,
99,stage1_understanding,understanding,/Users/ritesh.thawkar/Ritesh/self-evolving-uug/runs/final/E2_understanding_only/iter_log.jsonl,proposer,grpo_loss,0.8736979365348816,,0.0,-0.8771929732225301,-0.8333333333333334,0.001,0.001,True,
99,stage1_understanding,understanding,/Users/ritesh.thawkar/Ritesh/self-evolving-uug/runs/final/E2_understanding_only/iter_log.jsonl,proposer,kl_loss,0.0,,0.0,-0.8771929732225301,-0.8333333333333334,0.001,0.001,True,
100,stage1_understanding,understanding,/Users/ritesh.thawkar/Ritesh/self-evolving-uug/runs/final/E2_understanding_only/iter_log.jsonl,proposer,grpo_loss,0.1643880307674408,,0.0,-0.16622044104847,-0.1579094206582509,0.001,0.001,True,
100,stage1_understanding,understanding,/Users/ritesh.thawkar/Ritesh/self-evolving-uug/runs/final/E2_understanding_only/iter_log.jsonl,proposer,kl_loss,0.0,,0.0,-0.16622044104847,-0.1579094206582509,0.001,0.001,True,
101,stage1_understanding,understanding,/Users/ritesh.thawkar/Ritesh/self-evolving-uug/runs/final/E2_understanding_only/iter_log.jsonl,proposer,grpo_loss,0.96875,,0.0,-0.9725809598581003,-0.9533368639398061,0.001,0.001,True,
101,stage1_understanding,understanding,/Users/ritesh.thawkar/Ritesh/self-evolving-uug/runs/final/E2_understanding_only/iter_log.jsonl,proposer,kl_loss,0.0,,0.0,-0.9725809598581003,-0.9533368639398061,0.001,0.001,True,
102,stage1_understanding,understanding,/Users/ritesh.thawkar/Ritesh/self-evolving-uug/runs/final/E2_understanding_only/iter_log.jsonl,proposer,grpo_loss,-0.8997396230697632,,0.0,0.902752288541875,0.2772639999891556,0.001,0.001,True,
102,stage1_understanding,understanding,/Users/ritesh.thawkar/Ritesh/self-evolving-uug/runs/final/E2_understanding_only/iter_log.jsonl,proposer,kl_loss,0.0,,0.0,0.902752288541875,0.2772639999891556,0.001,0.001,True,
103,stage1_understanding,understanding,/Users/ritesh.thawkar/Ritesh/self-evolving-uug/runs/final/E2_understanding_only/iter_log.jsonl,proposer,grpo_loss,0.875,,0.0,-0.8771929732225301,-0.8333333333333334,0.001,0.001,True,
103,stage1_understanding,understanding,/Users/ritesh.thawkar/Ritesh/self-evolving-uug/runs/final/E2_understanding_only/iter_log.jsonl,proposer,kl_loss,0.0,,0.0,-0.8771929732225301,-0.8333333333333334,0.001,0.001,True,
104,stage1_understanding,understanding,/Users/ritesh.thawkar/Ritesh/self-evolving-uug/runs/final/E2_understanding_only/iter_log.jsonl,proposer,grpo_loss,0.5774739980697632,,0.0,-0.5792934579441664,-0.5503287908398927,0.001,0.001,True,
104,stage1_understanding,understanding,/Users/ritesh.thawkar/Ritesh/self-evolving-uug/runs/final/E2_understanding_only/iter_log.jsonl,proposer,kl_loss,0.0,,0.0,-0.5792934579441664,-0.5503287908398927,0.001,0.001,True,
105,stage1_understanding,understanding,/Users/ritesh.thawkar/Ritesh/self-evolving-uug/runs/final/E2_understanding_only/iter_log.jsonl,proposer,grpo_loss,-0.3509114682674408,,0.0,0.35309605643919323,0.08132400403488026,0.001,0.001,True,
105,stage1_understanding,understanding,/Users/ritesh.thawkar/Ritesh/self-evolving-uug/runs/final/E2_understanding_only/iter_log.jsonl,proposer,kl_loss,0.0,,0.0,0.35309605643919323,0.08132400403488026,0.001,0.001,True,
106,stage1_understanding,understanding,/Users/ritesh.thawkar/Ritesh/self-evolving-uug/runs/final/E2_understanding_only/iter_log.jsonl,proposer,grpo_loss,0.6979166865348816,,0.0,-0.7028702006261671,-1.2046189815415234,0.001,0.001,True,
106,stage1_understanding,understanding,/Users/ritesh.thawkar/Ritesh/self-evolving-uug/runs/final/E2_understanding_only/iter_log.jsonl,proposer,kl_loss,0.0,,0.0,-0.7028702006261671,-1.2046189815415234,0.001,0.001,True,
107,stage1_understanding,understanding,/Users/ritesh.thawkar/Ritesh/self-evolving-uug/runs/final/E2_understanding_only/iter_log.jsonl,proposer,grpo_loss,0.7109375,,0.0,-0.7142292777405902,-1.187582103450521,0.001,0.001,True,
107,stage1_understanding,understanding,/Users/ritesh.thawkar/Ritesh/self-evolving-uug/runs/final/E2_understanding_only/iter_log.jsonl,proposer,kl_loss,0.0,,0.0,-0.7142292777405902,-1.187582103450521,0.001,0.001,True,
108,stage1_understanding,understanding,/Users/ritesh.thawkar/Ritesh/self-evolving-uug/runs/final/E2_understanding_only/iter_log.jsonl,proposer,grpo_loss,0.8190104365348816,,0.0,-0.8219996030739525,-1.3597493253132875,0.001,0.001,True,
108,stage1_understanding,understanding,/Users/ritesh.thawkar/Ritesh/self-evolving-uug/runs/final/E2_understanding_only/iter_log.jsonl,proposer,kl_loss,0.0,,0.0,-0.8219996030739525,-1.3597493253132875,0.001,0.001,True,
109,stage1_understanding,understanding,/Users/ritesh.thawkar/Ritesh/self-evolving-uug/runs/final/E2_understanding_only/iter_log.jsonl,proposer,grpo_loss,0.0377604179084301,,0.0,-0.03704159105900769,-0.013798460286567579,0.001,0.001,True,
109,stage1_understanding,understanding,/Users/ritesh.thawkar/Ritesh/self-evolving-uug/runs/final/E2_understanding_only/iter_log.jsonl,proposer,kl_loss,0.0,,0.0,-0.03704159105900769,-0.013798460286567579,0.001,0.001,True,
110,stage1_understanding,understanding,/Users/ritesh.thawkar/Ritesh/self-evolving-uug/runs/final/E2_understanding_only/iter_log.jsonl,proposer,grpo_loss,0.87109375,,0.0,-0.8771929732225301,-0.8333333333333334,0.001,0.001,True,
110,stage1_understanding,understanding,/Users/ritesh.thawkar/Ritesh/self-evolving-uug/runs/final/E2_understanding_only/iter_log.jsonl,proposer,kl_loss,0.0,,0.0,-0.8771929732225301,-0.8333333333333334,0.001,0.001,True,
111,stage1_understanding,understanding,/Users/ritesh.thawkar/Ritesh/self-evolving-uug/runs/final/E2_understanding_only/iter_log.jsonl,proposer,grpo_loss,-0.44140625,,0.0,0.4425710154446108,0.14785096403394293,0.001,0.001,True,
111,stage1_understanding,understanding,/Users/ritesh.thawkar/Ritesh/self-evolving-uug/runs/final/E2_understanding_only/iter_log.jsonl,proposer,kl_loss,0.0,,0.0,0.4425710154446108,0.14785096403394293,0.001,0.001,True,
112,stage1_understanding,understanding,/Users/ritesh.thawkar/Ritesh/self-evolving-uug/runs/final/E2_understanding_only/iter_log.jsonl,proposer,grpo_loss,0.1041666716337204,,0.0,-0.10511246557734583,-0.09985684334960321,0.001,0.001,True,
112,stage1_understanding,understanding,/Users/ritesh.thawkar/Ritesh/self-evolving-uug/runs/final/E2_understanding_only/iter_log.jsonl,proposer,kl_loss,0.0,,0.0,-0.10511246557734583,-0.09985684334960321,0.001,0.001,True,
113,stage1_understanding,understanding,/Users/ritesh.thawkar/Ritesh/self-evolving-uug/runs/final/E2_understanding_only/iter_log.jsonl,proposer,grpo_loss,0.8697916865348816,,0.0,-0.8771929732225301,-0.8333333333333334,0.001,0.001,True,
113,stage1_understanding,understanding,/Users/ritesh.thawkar/Ritesh/self-evolving-uug/runs/final/E2_understanding_only/iter_log.jsonl,proposer,kl_loss,0.0,,0.0,-0.8771929732225301,-0.8333333333333334,0.001,0.001,True,
114,stage1_understanding,understanding,/Users/ritesh.thawkar/Ritesh/self-evolving-uug/runs/final/E2_understanding_only/iter_log.jsonl,proposer,grpo_loss,0.9791666865348816,,0.0,-0.9859520346084722,-0.9233476890317255,0.001,0.001,True,
114,stage1_understanding,understanding,/Users/ritesh.thawkar/Ritesh/self-evolving-uug/runs/final/E2_understanding_only/iter_log.jsonl,proposer,kl_loss,0.0,,0.0,-0.9859520346084722,-0.9233476890317255,0.001,0.001,True,
115,stage1_understanding,understanding,/Users/ritesh.thawkar/Ritesh/self-evolving-uug/runs/final/E2_understanding_only/iter_log.jsonl,proposer,grpo_loss,-0.4778645932674408,,0.0,0.4799884342608805,0.2202400175591643,0.001,0.001,True,
115,stage1_understanding,understanding,/Users/ritesh.thawkar/Ritesh/self-evolving-uug/runs/final/E2_understanding_only/iter_log.jsonl,proposer,kl_loss,0.0,,0.0,0.4799884342608805,0.2202400175591643,0.001,0.001,True,
116,stage1_understanding,understanding,/Users/ritesh.thawkar/Ritesh/self-evolving-uug/runs/final/E2_understanding_only/iter_log.jsonl,proposer,grpo_loss,-0.1744791716337204,,0.0,0.17551434159584442,0.16673862627119562,0.001,0.001,True,
116,stage1_understanding,understanding,/Users/ritesh.thawkar/Ritesh/self-evolving-uug/runs/final/E2_understanding_only/iter_log.jsonl,proposer,kl_loss,0.0,,0.0,0.17551434159584442,0.16673862627119562,0.001,0.001,True,
117,stage1_understanding,understanding,/Users/ritesh.thawkar/Ritesh/self-evolving-uug/runs/final/E2_understanding_only/iter_log.jsonl,proposer,grpo_loss,0.5716146230697632,,0.0,-0.5761440934712924,-0.28422590560349104,0.001,0.001,True,
117,stage1_understanding,understanding,/Users/ritesh.thawkar/Ritesh/self-evolving-uug/runs/final/E2_understanding_only/iter_log.jsonl,proposer,kl_loss,0.0,,0.0,-0.5761440934712924,-0.28422590560349104,0.001,0.001,True,
118,stage1_understanding,understanding,/Users/ritesh.thawkar/Ritesh/self-evolving-uug/runs/final/E2_understanding_only/iter_log.jsonl,proposer,grpo_loss,0.5960286855697632,,0.0,-0.5996185115660063,-0.3794034224164422,0.001,0.001,True,
118,stage1_understanding,understanding,/Users/ritesh.thawkar/Ritesh/self-evolving-uug/runs/final/E2_understanding_only/iter_log.jsonl,proposer,kl_loss,0.0,,0.0,-0.5996185115660063,-0.3794034224164422,0.001,0.001,True,
119,stage1_understanding,understanding,/Users/ritesh.thawkar/Ritesh/self-evolving-uug/runs/final/E2_understanding_only/iter_log.jsonl,proposer,grpo_loss,0.9778646230697632,,0.0,-0.9857176025208766,-0.9364317322520087,0.001,0.001,True,
119,stage1_understanding,understanding,/Users/ritesh.thawkar/Ritesh/self-evolving-uug/runs/final/E2_understanding_only/iter_log.jsonl,proposer,kl_loss,0.0,,0.0,-0.9857176025208766,-0.9364317322520087,0.001,0.001,True,
120,stage1_understanding,understanding,/Users/ritesh.thawkar/Ritesh/self-evolving-uug/runs/final/E2_understanding_only/iter_log.jsonl,proposer,grpo_loss,0.0872395858168602,,0.0,-0.0875924041439835,-0.03607253977083904,0.001,0.001,True,
120,stage1_understanding,understanding,/Users/ritesh.thawkar/Ritesh/self-evolving-uug/runs/final/E2_understanding_only/iter_log.jsonl,proposer,kl_loss,0.0,,0.0,-0.0875924041439835,-0.03607253977083904,0.001,0.001,True,
121,stage1_understanding,understanding,/Users/ritesh.thawkar/Ritesh/self-evolving-uug/runs/final/E2_understanding_only/iter_log.jsonl,proposer,grpo_loss,0.8736979365348816,,0.0,-0.8771929732225301,-0.8333333333333334,0.001,0.001,True,
121,stage1_understanding,understanding,/Users/ritesh.thawkar/Ritesh/self-evolving-uug/runs/final/E2_understanding_only/iter_log.jsonl,proposer,kl_loss,0.0,,0.0,-0.8771929732225301,-0.8333333333333334,0.001,0.001,True,
122,stage1_understanding,understanding,/Users/ritesh.thawkar/Ritesh/self-evolving-uug/runs/final/E2_understanding_only/iter_log.jsonl,proposer,grpo_loss,0.8697916865348816,,0.0,-0.8771929732225301,-0.8333333333333334,0.001,0.001,True,
122,stage1_understanding,understanding,/Users/ritesh.thawkar/Ritesh/self-evolving-uug/runs/final/E2_understanding_only/iter_log.jsonl,proposer,kl_loss,0.0,,0.0,-0.8771929732225301,-0.8333333333333334,0.001,0.001,True,
123,stage1_understanding,understanding,/Users/ritesh.thawkar/Ritesh/self-evolving-uug/runs/final/E2_understanding_only/iter_log.jsonl,proposer,grpo_loss,0.953125,,0.0,-0.9612264043997992,-0.9782082544179312,0.001,0.001,True,
123,stage1_understanding,understanding,/Users/ritesh.thawkar/Ritesh/self-evolving-uug/runs/final/E2_understanding_only/iter_log.jsonl,proposer,kl_loss,0.0,,0.0,-0.9612264043997992,-0.9782082544179312,0.001,0.001,True,
124,stage1_understanding,understanding,/Users/ritesh.thawkar/Ritesh/self-evolving-uug/runs/final/E2_understanding_only/iter_log.jsonl,proposer,grpo_loss,0.5208333730697632,,0.0,-0.5240601110270346,-0.3637396258286982,0.001,0.001,True,
124,stage1_understanding,understanding,/Users/ritesh.thawkar/Ritesh/self-evolving-uug/runs/final/E2_understanding_only/iter_log.jsonl,proposer,kl_loss,0.0,,0.0,-0.5240601110270346,-0.3637396258286982,0.001,0.001,True,
125,stage1_understanding,understanding,/Users/ritesh.thawkar/Ritesh/self-evolving-uug/runs/final/E2_understanding_only/iter_log.jsonl,proposer,grpo_loss,0.9817708730697632,,0.0,-0.9909419778860465,-1.0015364970224718,0.001,0.001,True,
125,stage1_understanding,understanding,/Users/ritesh.thawkar/Ritesh/self-evolving-uug/runs/final/E2_understanding_only/iter_log.jsonl,proposer,kl_loss,0.0,,0.0,-0.9909419778860465,-1.0015364970224718,0.001,0.001,True,
126,stage1_understanding,understanding,/Users/ritesh.thawkar/Ritesh/self-evolving-uug/runs/final/E2_understanding_only/iter_log.jsonl,proposer,grpo_loss,0.595703125,,0.0,-0.6026562934942473,-0.28086036642968715,0.001,0.001,True,
126,stage1_understanding,understanding,/Users/ritesh.thawkar/Ritesh/self-evolving-uug/runs/final/E2_understanding_only/iter_log.jsonl,proposer,kl_loss,0.0,,0.0,-0.6026562934942473,-0.28086036642968715,0.001,0.001,True,
127,stage1_understanding,understanding,/Users/ritesh.thawkar/Ritesh/self-evolving-uug/runs/final/E2_understanding_only/iter_log.jsonl,proposer,grpo_loss,-0.3558756709098816,,0.0,0.3587795364125121,0.3030452809697575,0.001,0.001,True,
127,stage1_understanding,understanding,/Users/ritesh.thawkar/Ritesh/self-evolving-uug/runs/final/E2_understanding_only/iter_log.jsonl,proposer,kl_loss,0.0,,0.0,0.3587795364125121,0.3030452809697575,0.001,0.001,True,
128,stage1_understanding,understanding,/Users/ritesh.thawkar/Ritesh/self-evolving-uug/runs/final/E2_understanding_only/iter_log.jsonl,proposer,grpo_loss,0.8697916865348816,,0.0,-0.8771929732225301,-0.8333333333333334,0.001,0.001,True,
128,stage1_understanding,understanding,/Users/ritesh.thawkar/Ritesh/self-evolving-uug/runs/final/E2_understanding_only/iter_log.jsonl,proposer,kl_loss,0.0,,0.0,-0.8771929732225301,-0.8333333333333334,0.001,0.001,True,
129,stage1_understanding,understanding,/Users/ritesh.thawkar/Ritesh/self-evolving-uug/runs/final/E2_understanding_only/iter_log.jsonl,proposer,grpo_loss,0.6022135615348816,,0.0,-0.606946959570847,-0.27362225219112385,0.001,0.001,True,
129,stage1_understanding,understanding,/Users/ritesh.thawkar/Ritesh/self-evolving-uug/runs/final/E2_understanding_only/iter_log.jsonl,proposer,kl_loss,0.0,,0.0,-0.606946959570847,-0.27362225219112385,0.001,0.001,True,
130,stage1_understanding,understanding,/Users/ritesh.thawkar/Ritesh/self-evolving-uug/runs/final/E2_understanding_only/iter_log.jsonl,proposer,grpo_loss,0.87109375,,0.0,-0.8771929732225301,-0.8333333333333334,0.001,0.001,True,
130,stage1_understanding,understanding,/Users/ritesh.thawkar/Ritesh/self-evolving-uug/runs/final/E2_understanding_only/iter_log.jsonl,proposer,kl_loss,0.0,,0.0,-0.8771929732225301,-0.8333333333333334,0.001,0.001,True,
131,stage1_understanding,understanding,/Users/ritesh.thawkar/Ritesh/self-evolving-uug/runs/final/E2_understanding_only/iter_log.jsonl,proposer,grpo_loss,0.8671875,,0.0,-0.8771929732225301,-0.8333333333333334,0.001,0.001,True,
131,stage1_understanding,understanding,/Users/ritesh.thawkar/Ritesh/self-evolving-uug/runs/final/E2_understanding_only/iter_log.jsonl,proposer,kl_loss,0.0,,0.0,-0.8771929732225301,-0.8333333333333334,0.001,0.001,True,
132,stage1_understanding,understanding,/Users/ritesh.thawkar/Ritesh/self-evolving-uug/runs/final/E2_understanding_only/iter_log.jsonl,proposer,grpo_loss,0.9583333730697632,,0.0,-0.9662653720376513,-1.0213129180846392,0.001,0.001,True,
132,stage1_understanding,understanding,/Users/ritesh.thawkar/Ritesh/self-evolving-uug/runs/final/E2_understanding_only/iter_log.jsonl,proposer,kl_loss,0.0,,0.0,-0.9662653720376513,-1.0213129180846392,0.001,0.001,True,
133,stage1_understanding,understanding,/Users/ritesh.thawkar/Ritesh/self-evolving-uug/runs/final/E2_understanding_only/iter_log.jsonl,proposer,grpo_loss,-0.0387369804084301,,0.0,0.03729654309197228,0.03543171631033911,0.001,0.001,True,
133,stage1_understanding,understanding,/Users/ritesh.thawkar/Ritesh/self-evolving-uug/runs/final/E2_understanding_only/iter_log.jsonl,proposer,kl_loss,0.0,,0.0,0.03729654309197228,0.03543171631033911,0.001,0.001,True,
134,stage1_understanding,understanding,/Users/ritesh.thawkar/Ritesh/self-evolving-uug/runs/final/E2_understanding_only/iter_log.jsonl,proposer,grpo_loss,0.8684896230697632,,0.0,-0.8771929732225301,-0.8333333333333334,0.001,0.001,True,
134,stage1_understanding,understanding,/Users/ritesh.thawkar/Ritesh/self-evolving-uug/runs/final/E2_understanding_only/iter_log.jsonl,proposer,kl_loss,0.0,,0.0,-0.8771929732225301,-0.8333333333333334,0.001,0.001,True,
135,stage1_understanding,understanding,/Users/ritesh.thawkar/Ritesh/self-evolving-uug/runs/final/E2_understanding_only/iter_log.jsonl,proposer,grpo_loss,0.8671875,,0.0,-0.8771929732225301,-0.8333333333333334,0.001,0.001,True,
135,stage1_understanding,understanding,/Users/ritesh.thawkar/Ritesh/self-evolving-uug/runs/final/E2_understanding_only/iter_log.jsonl,proposer,kl_loss,0.0,,0.0,-0.8771929732225301,-0.8333333333333334,0.001,0.001,True,
136,stage1_understanding,understanding,/Users/ritesh.thawkar/Ritesh/self-evolving-uug/runs/final/E2_understanding_only/iter_log.jsonl,proposer,grpo_loss,0.2125651091337204,,0.0,-0.21493466918018003,-0.07226413150132394,0.001,0.001,True,
136,stage1_understanding,understanding,/Users/ritesh.thawkar/Ritesh/self-evolving-uug/runs/final/E2_understanding_only/iter_log.jsonl,proposer,kl_loss,0.0,,0.0,-0.21493466918018003,-0.07226413150132394,0.001,0.001,True,
137,stage1_understanding,understanding,/Users/ritesh.thawkar/Ritesh/self-evolving-uug/runs/final/E2_understanding_only/iter_log.jsonl,proposer,grpo_loss,0.98046875,,0.0,-0.9892398186219905,-0.9117781831247056,0.001,0.001,True,
137,stage1_understanding,understanding,/Users/ritesh.thawkar/Ritesh/self-evolving-uug/runs/final/E2_understanding_only/iter_log.jsonl,proposer,kl_loss,0.0,,0.0,-0.9892398186219905,-0.9117781831247056,0.001,0.001,True,
138,stage1_understanding,understanding,/Users/ritesh.thawkar/Ritesh/self-evolving-uug/runs/final/E2_understanding_only/iter_log.jsonl,proposer,grpo_loss,0.8684896230697632,,0.0,-0.8771929732225301,-0.8333333333333334,0.001,0.001,True,
138,stage1_understanding,understanding,/Users/ritesh.thawkar/Ritesh/self-evolving-uug/runs/final/E2_understanding_only/iter_log.jsonl,proposer,kl_loss,0.0,,0.0,-0.8771929732225301,-0.8333333333333334,0.001,0.001,True,
139,stage1_understanding,understanding,/Users/ritesh.thawkar/Ritesh/self-evolving-uug/runs/final/E2_understanding_only/iter_log.jsonl,proposer,grpo_loss,0.2744140625,,0.0,-0.27909964856042063,-0.26514466892339605,0.001,0.001,True,
139,stage1_understanding,understanding,/Users/ritesh.thawkar/Ritesh/self-evolving-uug/runs/final/E2_understanding_only/iter_log.jsonl,proposer,kl_loss,0.0,,0.0,-0.27909964856042063,-0.26514466892339605,0.001,0.001,True,
140,stage1_understanding,understanding,/Users/ritesh.thawkar/Ritesh/self-evolving-uug/runs/final/E2_understanding_only/iter_log.jsonl,proposer,grpo_loss,0.0349934920668602,,0.0,-0.034724229957387824,-0.03298801880676072,0.001,0.001,True,
140,stage1_understanding,understanding,/Users/ritesh.thawkar/Ritesh/self-evolving-uug/runs/final/E2_understanding_only/iter_log.jsonl,proposer,kl_loss,0.0,,0.0,-0.034724229957387824,-0.03298801880676072,0.001,0.001,True,
141,stage1_understanding,understanding,/Users/ritesh.thawkar/Ritesh/self-evolving-uug/runs/final/E2_understanding_only/iter_log.jsonl,proposer,grpo_loss,0.8671875,,0.0,-0.8771929732225301,-0.8333333333333334,0.001,0.001,True,
141,stage1_understanding,understanding,/Users/ritesh.thawkar/Ritesh/self-evolving-uug/runs/final/E2_understanding_only/iter_log.jsonl,proposer,kl_loss,0.0,,0.0,-0.8771929732225301,-0.8333333333333334,0.001,0.001,True,
142,stage1_understanding,understanding,/Users/ritesh.thawkar/Ritesh/self-evolving-uug/runs/final/E2_understanding_only/iter_log.jsonl,proposer,grpo_loss,0.9661458730697632,,0.0,-0.9811356152523455,-1.2439082241120116,0.001,0.001,True,
142,stage1_understanding,understanding,/Users/ritesh.thawkar/Ritesh/self-evolving-uug/runs/final/E2_understanding_only/iter_log.jsonl,proposer,kl_loss,0.0,,0.0,-0.9811356152523455,-1.2439082241120116,0.001,0.001,True,
143,stage1_understanding,understanding,/Users/ritesh.thawkar/Ritesh/self-evolving-uug/runs/final/E2_understanding_only/iter_log.jsonl,proposer,grpo_loss,0.94921875,,0.0,-0.9628561872804206,-0.973615672168223,0.001,0.001,True,
143,stage1_understanding,understanding,/Users/ritesh.thawkar/Ritesh/self-evolving-uug/runs/final/E2_understanding_only/iter_log.jsonl,proposer,kl_loss,0.0,,0.0,-0.9628561872804206,-0.973615672168223,0.001,0.001,True,
144,stage1_understanding,understanding,/Users/ritesh.thawkar/Ritesh/self-evolving-uug/runs/final/E2_understanding_only/iter_log.jsonl,proposer,grpo_loss,0.4365234375,,0.0,-0.4419663736637651,-0.4198680594002406,0.001,0.001,True,
144,stage1_understanding,understanding,/Users/ritesh.thawkar/Ritesh/self-evolving-uug/runs/final/E2_understanding_only/iter_log.jsonl,proposer,kl_loss,0.0,,0.0,-0.4419663736637651,-0.4198680594002406,0.001,0.001,True,
145,stage1_understanding,understanding,/Users/ritesh.thawkar/Ritesh/self-evolving-uug/runs/final/E2_understanding_only/iter_log.jsonl,proposer,grpo_loss,0.5553385615348816,,0.0,-0.5620667713969362,-0.5339634384477571,0.001,0.001,True,
145,stage1_understanding,understanding,/Users/ritesh.thawkar/Ritesh/self-evolving-uug/runs/final/E2_understanding_only/iter_log.jsonl,proposer,kl_loss,0.0,,0.0,-0.5620667713969362,-0.5339634384477571,0.001,0.001,True,
146,stage1_understanding,understanding,/Users/ritesh.thawkar/Ritesh/self-evolving-uug/runs/final/E2_understanding_only/iter_log.jsonl,proposer,grpo_loss,0.8645833730697632,,0.0,-0.8771929732225301,-0.8333333333333334,0.001,0.001,True,
146,stage1_understanding,understanding,/Users/ritesh.thawkar/Ritesh/self-evolving-uug/runs/final/E2_understanding_only/iter_log.jsonl,proposer,kl_loss,0.0,,0.0,-0.8771929732225301,-0.8333333333333334,0.001,0.001,True,
147,stage1_understanding,understanding,/Users/ritesh.thawkar/Ritesh/self-evolving-uug/runs/final/E2_understanding_only/iter_log.jsonl,proposer,grpo_loss,0.599853515625,,0.0,-0.6079230095130638,-0.35888550756443616,0.001,0.001,True,
147,stage1_understanding,understanding,/Users/ritesh.thawkar/Ritesh/self-evolving-uug/runs/final/E2_understanding_only/iter_log.jsonl,proposer,kl_loss,0.0,,0.0,-0.6079230095130638,-0.35888550756443616,0.001,0.001,True,
148,stage1_understanding,understanding,/Users/ritesh.thawkar/Ritesh/self-evolving-uug/runs/final/E2_understanding_only/iter_log.jsonl,proposer,grpo_loss,0.8684896230697632,,0.0,-0.8771929732225301,-0.8333333333333334,0.001,0.001,True,
148,stage1_understanding,understanding,/Users/ritesh.thawkar/Ritesh/self-evolving-uug/runs/final/E2_understanding_only/iter_log.jsonl,proposer,kl_loss,0.0,,0.0,-0.8771929732225301,-0.8333333333333334,0.001,0.001,True,
149,stage1_understanding,understanding,/Users/ritesh.thawkar/Ritesh/self-evolving-uug/runs/final/E2_understanding_only/iter_log.jsonl,proposer,grpo_loss,0.9440104365348816,,0.0,-0.953118345750184,-0.9595370990119997,0.001,0.001,True,
149,stage1_understanding,understanding,/Users/ritesh.thawkar/Ritesh/self-evolving-uug/runs/final/E2_understanding_only/iter_log.jsonl,proposer,kl_loss,0.0,,0.0,-0.953118345750184,-0.9595370990119997,0.001,0.001,True,
150,stage1_understanding,understanding,/Users/ritesh.thawkar/Ritesh/self-evolving-uug/runs/final/E2_understanding_only/iter_log.jsonl,proposer,grpo_loss,0.8645833730697632,,0.0,-0.8771929732225301,-0.8333333333333334,0.001,0.001,True,
150,stage1_understanding,understanding,/Users/ritesh.thawkar/Ritesh/self-evolving-uug/runs/final/E2_understanding_only/iter_log.jsonl,proposer,kl_loss,0.0,,0.0,-0.8771929732225301,-0.8333333333333334,0.001,0.001,True,
151,stage1_understanding,understanding,/Users/ritesh.thawkar/Ritesh/self-evolving-uug/runs/final/E2_understanding_only/iter_log.jsonl,proposer,grpo_loss,0.8619791865348816,,0.0,-0.8771929732225301,-0.8333333333333334,0.001,0.001,True,
151,stage1_understanding,understanding,/Users/ritesh.thawkar/Ritesh/self-evolving-uug/runs/final/E2_understanding_only/iter_log.jsonl,proposer,kl_loss,0.0,,0.0,-0.8771929732225301,-0.8333333333333334,0.001,0.001,True,
152,stage1_understanding,understanding,/Users/ritesh.thawkar/Ritesh/self-evolving-uug/runs/final/E2_understanding_only/iter_log.jsonl,proposer,grpo_loss,0.8619791865348816,,0.0,-0.8771929732225301,-0.8333333333333334,0.001,0.001,True,
152,stage1_understanding,understanding,/Users/ritesh.thawkar/Ritesh/self-evolving-uug/runs/final/E2_understanding_only/iter_log.jsonl,proposer,kl_loss,0.0,,0.0,-0.8771929732225301,-0.8333333333333334,0.001,0.001,True,
153,stage1_understanding,understanding,/Users/ritesh.thawkar/Ritesh/self-evolving-uug/runs/final/E2_understanding_only/iter_log.jsonl,proposer,grpo_loss,0.8606771230697632,,0.0,-0.8771929732225301,-0.8333333333333334,0.001,0.001,True,
153,stage1_understanding,understanding,/Users/ritesh.thawkar/Ritesh/self-evolving-uug/runs/final/E2_understanding_only/iter_log.jsonl,proposer,kl_loss,0.0,,0.0,-0.8771929732225301,-0.8333333333333334,0.001,0.001,True,
154,stage1_understanding,understanding,/Users/ritesh.thawkar/Ritesh/self-evolving-uug/runs/final/E2_understanding_only/iter_log.jsonl,proposer,grpo_loss,0.9453125,,0.0,-0.9578946279041795,-1.5349314947609731,0.001,0.001,True,
154,stage1_understanding,understanding,/Users/ritesh.thawkar/Ritesh/self-evolving-uug/runs/final/E2_understanding_only/iter_log.jsonl,proposer,kl_loss,0.0,,0.0,-0.9578946279041795,-1.5349314947609731,0.001,0.001,True,
155,stage1_understanding,understanding,/Users/ritesh.thawkar/Ritesh/self-evolving-uug/runs/final/E2_understanding_only/iter_log.jsonl,proposer,grpo_loss,0.6178385615348816,,0.0,-0.6252388287760087,-0.3179203976501533,0.001,0.001,True,
155,stage1_understanding,understanding,/Users/ritesh.thawkar/Ritesh/self-evolving-uug/runs/final/E2_understanding_only/iter_log.jsonl,proposer,kl_loss,0.0,,0.0,-0.6252388287760087,-0.3179203976501533,0.001,0.001,True,
156,stage1_understanding,understanding,/Users/ritesh.thawkar/Ritesh/self-evolving-uug/runs/final/E2_understanding_only/iter_log.jsonl,proposer,grpo_loss,0.8658854365348816,,0.0,-0.8771929732225301,-0.8333333333333334,0.001,0.001,True,
156,stage1_understanding,understanding,/Users/ritesh.thawkar/Ritesh/self-evolving-uug/runs/final/E2_understanding_only/iter_log.jsonl,proposer,kl_loss,0.0,,0.0,-0.8771929732225301,-0.8333333333333334,0.001,0.001,True,
157,stage1_understanding,understanding,/Users/ritesh.thawkar/Ritesh/self-evolving-uug/runs/final/E2_understanding_only/iter_log.jsonl,proposer,grpo_loss,0.8684896230697632,,0.0,-0.8771929732225301,-0.8333333333333334,0.001,0.001,True,
157,stage1_understanding,understanding,/Users/ritesh.thawkar/Ritesh/self-evolving-uug/runs/final/E2_understanding_only/iter_log.jsonl,proposer,kl_loss,0.0,,0.0,-0.8771929732225301,-0.8333333333333334,0.001,0.001,True,
158,stage1_understanding,understanding,/Users/ritesh.thawkar/Ritesh/self-evolving-uug/runs/final/E2_understanding_only/iter_log.jsonl,proposer,grpo_loss,-0.505859375,,0.0,0.5120824336641716,0.43591426172926456,0.001,0.001,True,
158,stage1_understanding,understanding,/Users/ritesh.thawkar/Ritesh/self-evolving-uug/runs/final/E2_understanding_only/iter_log.jsonl,proposer,kl_loss,0.0,,0.0,0.5120824336641716,0.43591426172926456,0.001,0.001,True,
159,stage1_understanding,understanding,/Users/ritesh.thawkar/Ritesh/self-evolving-uug/runs/final/E2_understanding_only/iter_log.jsonl,proposer,grpo_loss,0.3743489682674408,,0.0,-0.3799084029595923,-0.2923961875276133,0.001,0.001,True,
159,stage1_understanding,understanding,/Users/ritesh.thawkar/Ritesh/self-evolving-uug/runs/final/E2_understanding_only/iter_log.jsonl,proposer,kl_loss,0.0,,0.0,-0.3799084029595923,-0.2923961875276133,0.001,0.001,True,
160,stage1_understanding,understanding,/Users/ritesh.thawkar/Ritesh/self-evolving-uug/runs/final/E2_understanding_only/iter_log.jsonl,proposer,grpo_loss,0.8658854365348816,,0.0,-0.8771929732225301,-0.8333333333333334,0.001,0.001,True,
160,stage1_understanding,understanding,/Users/ritesh.thawkar/Ritesh/self-evolving-uug/runs/final/E2_understanding_only/iter_log.jsonl,proposer,kl_loss,0.0,,0.0,-0.8771929732225301,-0.8333333333333334,0.001,0.001,True,
161,stage1_understanding,understanding,/Users/ritesh.thawkar/Ritesh/self-evolving-uug/runs/final/E2_understanding_only/iter_log.jsonl,proposer,grpo_loss,0.86328125,,0.0,-0.8771929732225301,-0.8333333333333334,0.001,0.001,True,
161,stage1_understanding,understanding,/Users/ritesh.thawkar/Ritesh/self-evolving-uug/runs/final/E2_understanding_only/iter_log.jsonl,proposer,kl_loss,0.0,,0.0,-0.8771929732225301,-0.8333333333333334,0.001,0.001,True,
162,stage1_understanding,understanding,/Users/ritesh.thawkar/Ritesh/self-evolving-uug/runs/final/E2_understanding_only/iter_log.jsonl,proposer,grpo_loss,0.8619791865348816,,0.0,-0.8771929732225301,-0.8333333333333334,0.001,0.001,True,
162,stage1_understanding,understanding,/Users/ritesh.thawkar/Ritesh/self-evolving-uug/runs/final/E2_understanding_only/iter_log.jsonl,proposer,kl_loss,0.0,,0.0,-0.8771929732225301,-0.8333333333333334,0.001,0.001,True,
163,stage1_understanding,understanding,/Users/ritesh.thawkar/Ritesh/self-evolving-uug/runs/final/E2_understanding_only/iter_log.jsonl,proposer,grpo_loss,0.5830078125,,0.0,-0.5872589704265131,-0.557896027777777,0.001,0.001,True,
163,stage1_understanding,understanding,/Users/ritesh.thawkar/Ritesh/self-evolving-uug/runs/final/E2_understanding_only/iter_log.jsonl,proposer,kl_loss,0.0,,0.0,-0.5872589704265131,-0.557896027777777,0.001,0.001,True,
164,stage1_understanding,understanding,/Users/ritesh.thawkar/Ritesh/self-evolving-uug/runs/final/E2_understanding_only/iter_log.jsonl,proposer,grpo_loss,0.8619791865348816,,0.0,-0.8771929732225301,-0.8333333333333334,0.001,0.001,True,
164,stage1_understanding,understanding,/Users/ritesh.thawkar/Ritesh/self-evolving-uug/runs/final/E2_understanding_only/iter_log.jsonl,proposer,kl_loss,0.0,,0.0,-0.8771929732225301,-0.8333333333333334,0.001,0.001,True,
165,stage1_understanding,understanding,/Users/ritesh.thawkar/Ritesh/self-evolving-uug/runs/final/E2_understanding_only/iter_log.jsonl,proposer,grpo_loss,0.1126302108168602,,0.0,-0.11524158941594587,-0.06022129779668772,0.001,0.001,True,
165,stage1_understanding,understanding,/Users/ritesh.thawkar/Ritesh/self-evolving-uug/runs/final/E2_understanding_only/iter_log.jsonl,proposer,kl_loss,0.0,,0.0,-0.11524158941594587,-0.06022129779668772,0.001,0.001,True,
166,stage1_understanding,understanding,/Users/ritesh.thawkar/Ritesh/self-evolving-uug/runs/final/E2_understanding_only/iter_log.jsonl,proposer,grpo_loss,0.8645833730697632,,0.0,-0.8771929732225301,-0.8333333333333334,0.001,0.001,True,
166,stage1_understanding,understanding,/Users/ritesh.thawkar/Ritesh/self-evolving-uug/runs/final/E2_understanding_only/iter_log.jsonl,proposer,kl_loss,0.0,,0.0,-0.8771929732225301,-0.8333333333333334,0.001,0.001,True,
167,stage1_understanding,understanding,/Users/ritesh.thawkar/Ritesh/self-evolving-uug/runs/final/E2_understanding_only/iter_log.jsonl,proposer,grpo_loss,0.41552734375,,0.0,-0.42015054601071206,-0.3991430229116819,0.001,0.001,True,
167,stage1_understanding,understanding,/Users/ritesh.thawkar/Ritesh/self-evolving-uug/runs/final/E2_understanding_only/iter_log.jsonl,proposer,kl_loss,0.0,,0.0,-0.42015054601071206,-0.3991430229116819,0.001,0.001,True,
168,stage1_understanding,understanding,/Users/ritesh.thawkar/Ritesh/self-evolving-uug/runs/final/E2_understanding_only/iter_log.jsonl,proposer,grpo_loss,0.1318359375,,0.0,-0.1336677104939168,-0.027818560976814805,0.001,0.001,True,
168,stage1_understanding,understanding,/Users/ritesh.thawkar/Ritesh/self-evolving-uug/runs/final/E2_understanding_only/iter_log.jsonl,proposer,kl_loss,0.0,,0.0,-0.1336677104939168,-0.027818560976814805,0.001,0.001,True,
169,stage1_understanding,understanding,/Users/ritesh.thawkar/Ritesh/self-evolving-uug/runs/final/E2_understanding_only/iter_log.jsonl,proposer,grpo_loss,0.8619791865348816,,0.0,-0.8771929732225301,-0.8333333333333334,0.001,0.001,True,
169,stage1_understanding,understanding,/Users/ritesh.thawkar/Ritesh/self-evolving-uug/runs/final/E2_understanding_only/iter_log.jsonl,proposer,kl_loss,0.0,,0.0,-0.8771929732225301,-0.8333333333333334,0.001,0.001,True,
170,stage1_understanding,understanding,/Users/ritesh.thawkar/Ritesh/self-evolving-uug/runs/final/E2_understanding_only/iter_log.jsonl,proposer,grpo_loss,0.07275390625,,0.0,-0.07328115943289264,-0.06961710219405959,0.001,0.001,True,
170,stage1_understanding,understanding,/Users/ritesh.thawkar/Ritesh/self-evolving-uug/runs/final/E2_understanding_only/iter_log.jsonl,proposer,kl_loss,0.0,,0.0,-0.07328115943289264,-0.06961710219405959,0.001,0.001,True,
171,stage1_understanding,understanding,/Users/ritesh.thawkar/Ritesh/self-evolving-uug/runs/final/E2_understanding_only/iter_log.jsonl,proposer,grpo_loss,0.9765625,,0.0,-0.9964412507076212,-0.9695899367677562,0.001,0.001,True,
171,stage1_understanding,understanding,/Users/ritesh.thawkar/Ritesh/self-evolving-uug/runs/final/E2_understanding_only/iter_log.jsonl,proposer,kl_loss,0.0,,0.0,-0.9964412507076212,-0.9695899367677562,0.001,0.001,True,
172,stage1_understanding,understanding,/Users/ritesh.thawkar/Ritesh/self-evolving-uug/runs/final/E2_understanding_only/iter_log.jsonl,proposer,grpo_loss,0.8645833730697632,,0.0,-0.8771929732225301,-0.8333333333333334,0.001,0.001,True,
172,stage1_understanding,understanding,/Users/ritesh.thawkar/Ritesh/self-evolving-uug/runs/final/E2_understanding_only/iter_log.jsonl,proposer,kl_loss,0.0,,0.0,-0.8771929732225301,-0.8333333333333334,0.001,0.001,True,
173,stage1_understanding,understanding,/Users/ritesh.thawkar/Ritesh/self-evolving-uug/runs/final/E2_understanding_only/iter_log.jsonl,proposer,grpo_loss,-0.4265950620174408,,0.0,0.43687809635803626,0.35789580645779884,0.001,0.001,True,
173,stage1_understanding,understanding,/Users/ritesh.thawkar/Ritesh/self-evolving-uug/runs/final/E2_understanding_only/iter_log.jsonl,proposer,kl_loss,0.0,,0.0,0.43687809635803626,0.35789580645779884,0.001,0.001,True,
174,stage1_understanding,understanding,/Users/ritesh.thawkar/Ritesh/self-evolving-uug/runs/final/E2_understanding_only/iter_log.jsonl,proposer,grpo_loss,0.013671875,,0.0,-0.014334124359780412,-0.0019467933720938395,0.001,0.001,True,
174,stage1_understanding,understanding,/Users/ritesh.thawkar/Ritesh/self-evolving-uug/runs/final/E2_understanding_only/iter_log.jsonl,proposer,kl_loss,0.0,,0.0,-0.014334124359780412,-0.0019467933720938395,0.001,0.001,True,
175,stage1_understanding,understanding,/Users/ritesh.thawkar/Ritesh/self-evolving-uug/runs/final/E2_understanding_only/iter_log.jsonl,proposer,grpo_loss,0.8580729365348816,,0.0,-0.8771929732225301,-0.8333333333333334,0.001,0.001,True,
175,stage1_understanding,understanding,/Users/ritesh.thawkar/Ritesh/self-evolving-uug/runs/final/E2_understanding_only/iter_log.jsonl,proposer,kl_loss,0.0,,0.0,-0.8771929732225301,-0.8333333333333334,0.001,0.001,True,
176,stage1_understanding,understanding,/Users/ritesh.thawkar/Ritesh/self-evolving-uug/runs/final/E2_understanding_only/iter_log.jsonl,proposer,grpo_loss,0.89453125,,0.0,-0.9042564089317291,-1.4807858004506624,0.001,0.001,True,
176,stage1_understanding,understanding,/Users/ritesh.thawkar/Ritesh/self-evolving-uug/runs/final/E2_understanding_only/iter_log.jsonl,proposer,kl_loss,0.0,,0.0,-0.9042564089317291,-1.4807858004506624,0.001,0.001,True,
177,stage1_understanding,understanding,/Users/ritesh.thawkar/Ritesh/self-evolving-uug/runs/final/E2_understanding_only/iter_log.jsonl,proposer,grpo_loss,0.859375,,0.0,-0.8771929732225301,-0.8333333333333334,0.001,0.001,True,
177,stage1_understanding,understanding,/Users/ritesh.thawkar/Ritesh/self-evolving-uug/runs/final/E2_understanding_only/iter_log.jsonl,proposer,kl_loss,0.0,,0.0,-0.8771929732225301,-0.8333333333333334,0.001,0.001,True,
178,stage1_understanding,understanding,/Users/ritesh.thawkar/Ritesh/self-evolving-uug/runs/final/E2_understanding_only/iter_log.jsonl,proposer,grpo_loss,0.2906901240348816,,0.0,-0.2966231770756263,-0.1503727492100783,0.001,0.001,True,
178,stage1_understanding,understanding,/Users/ritesh.thawkar/Ritesh/self-evolving-uug/runs/final/E2_understanding_only/iter_log.jsonl,proposer,kl_loss,0.0,,0.0,-0.2966231770756263,-0.1503727492100783,0.001,0.001,True,
179,stage1_understanding,understanding,/Users/ritesh.thawkar/Ritesh/self-evolving-uug/runs/final/E2_understanding_only/iter_log.jsonl,proposer,grpo_loss,0.4622395932674408,,0.0,-0.4661720031599435,-0.18907951537392675,0.001,0.001,True,
179,stage1_understanding,understanding,/Users/ritesh.thawkar/Ritesh/self-evolving-uug/runs/final/E2_understanding_only/iter_log.jsonl,proposer,kl_loss,0.0,,0.0,-0.4661720031599435,-0.18907951537392675,0.001,0.001,True,
180,stage1_understanding,understanding,/Users/ritesh.thawkar/Ritesh/self-evolving-uug/runs/final/E2_understanding_only/iter_log.jsonl,proposer,grpo_loss,0.4287109375,,0.0,-0.43807396283571487,-0.41617026907466875,0.001,0.001,True,
180,stage1_understanding,understanding,/Users/ritesh.thawkar/Ritesh/self-evolving-uug/runs/final/E2_understanding_only/iter_log.jsonl,proposer,kl_loss,0.0,,0.0,-0.43807396283571487,-0.41617026907466875,0.001,0.001,True,
181,stage1_understanding,understanding,/Users/ritesh.thawkar/Ritesh/self-evolving-uug/runs/final/E2_understanding_only/iter_log.jsonl,proposer,grpo_loss,0.8541666865348816,,0.0,-0.8771929732225301,-0.8333333333333334,0.001,0.001,True,
181,stage1_understanding,understanding,/Users/ritesh.thawkar/Ritesh/self-evolving-uug/runs/final/E2_understanding_only/iter_log.jsonl,proposer,kl_loss,0.0,,0.0,-0.8771929732225301,-0.8333333333333334,0.001,0.001,True,
182,stage1_understanding,understanding,/Users/ritesh.thawkar/Ritesh/self-evolving-uug/runs/final/E2_understanding_only/iter_log.jsonl,proposer,grpo_loss,-0.7434896230697632,,0.0,0.7555216218443134,0.15698199125921716,0.001,0.001,True,
182,stage1_understanding,understanding,/Users/ritesh.thawkar/Ritesh/self-evolving-uug/runs/final/E2_understanding_only/iter_log.jsonl,proposer,kl_loss,0.0,,0.0,0.7555216218443134,0.15698199125921716,0.001,0.001,True,
183,stage1_understanding,understanding,/Users/ritesh.thawkar/Ritesh/self-evolving-uug/runs/final/E2_understanding_only/iter_log.jsonl,proposer,grpo_loss,0.8541666865348816,,0.0,-0.8771929732225301,-0.8333333333333334,0.001,0.001,True,
183,stage1_understanding,understanding,/Users/ritesh.thawkar/Ritesh/self-evolving-uug/runs/final/E2_understanding_only/iter_log.jsonl,proposer,kl_loss,0.0,,0.0,-0.8771929732225301,-0.8333333333333334,0.001,0.001,True,
184,stage1_understanding,understanding,/Users/ritesh.thawkar/Ritesh/self-evolving-uug/runs/final/E2_understanding_only/iter_log.jsonl,proposer,grpo_loss,0.5520833730697632,,0.0,-0.5682538319960136,-0.5398411460787512,0.001,0.001,True,
184,stage1_understanding,understanding,/Users/ritesh.thawkar/Ritesh/self-evolving-uug/runs/final/E2_understanding_only/iter_log.jsonl,proposer,kl_loss,0.0,,0.0,-0.5682538319960136,-0.5398411460787512,0.001,0.001,True,
185,stage1_understanding,understanding,/Users/ritesh.thawkar/Ritesh/self-evolving-uug/runs/final/E2_understanding_only/iter_log.jsonl,proposer,grpo_loss,0.9440104365348816,,0.0,-0.9704506208601934,-0.9395791642832204,0.001,0.001,True,
185,stage1_understanding,understanding,/Users/ritesh.thawkar/Ritesh/self-evolving-uug/runs/final/E2_understanding_only/iter_log.jsonl,proposer,kl_loss,0.0,,0.0,-0.9704506208601934,-0.9395791642832204,0.001,0.001,True,
186,stage1_understanding,understanding,/Users/ritesh.thawkar/Ritesh/self-evolving-uug/runs/final/E2_understanding_only/iter_log.jsonl,proposer,grpo_loss,0.5901693105697632,,0.0,-0.6063525299465163,-0.3907803882894172,0.001,0.001,True,
186,stage1_understanding,understanding,/Users/ritesh.thawkar/Ritesh/self-evolving-uug/runs/final/E2_understanding_only/iter_log.jsonl,proposer,kl_loss,0.0,,0.0,-0.6063525299465163,-0.3907803882894172,0.001,0.001,True,
187,stage1_understanding,understanding,/Users/ritesh.thawkar/Ritesh/self-evolving-uug/runs/final/E2_understanding_only/iter_log.jsonl,proposer,grpo_loss,0.5888671875,,0.0,-0.6028170502615066,-0.5726762037766018,0.001,0.001,True,
187,stage1_understanding,understanding,/Users/ritesh.thawkar/Ritesh/self-evolving-uug/runs/final/E2_understanding_only/iter_log.jsonl,proposer,kl_loss,0.0,,0.0,-0.6028170502615066,-0.5726762037766018,0.001,0.001,True,
188,stage1_understanding,understanding,/Users/ritesh.thawkar/Ritesh/self-evolving-uug/runs/final/E2_understanding_only/iter_log.jsonl,proposer,grpo_loss,0.95703125,,0.0,-0.9741091751594615,-0.9449838063058723,0.001,0.001,True,
188,stage1_understanding,understanding,/Users/ritesh.thawkar/Ritesh/self-evolving-uug/runs/final/E2_understanding_only/iter_log.jsonl,proposer,kl_loss,0.0,,0.0,-0.9741091751594615,-0.9449838063058723,0.001,0.001,True,
189,stage1_understanding,understanding,/Users/ritesh.thawkar/Ritesh/self-evolving-uug/runs/final/E2_understanding_only/iter_log.jsonl,proposer,grpo_loss,0.8541666865348816,,0.0,-0.8771929732225301,-0.8333333333333334,0.001,0.001,True,
189,stage1_understanding,understanding,/Users/ritesh.thawkar/Ritesh/self-evolving-uug/runs/final/E2_understanding_only/iter_log.jsonl,proposer,kl_loss,0.0,,0.0,-0.8771929732225301,-0.8333333333333334,0.001,0.001,True,
190,stage1_understanding,understanding,/Users/ritesh.thawkar/Ritesh/self-evolving-uug/runs/final/E2_understanding_only/iter_log.jsonl,proposer,grpo_loss,-0.010416666977107525,,0.0,0.009188890309789902,0.008729445886189327,0.001,0.001,True,
190,stage1_understanding,understanding,/Users/ritesh.thawkar/Ritesh/self-evolving-uug/runs/final/E2_understanding_only/iter_log.jsonl,proposer,kl_loss,0.0,,0.0,0.009188890309789902,0.008729445886189327,0.001,0.001,True,
191,stage1_understanding,understanding,/Users/ritesh.thawkar/Ritesh/self-evolving-uug/runs/final/E2_understanding_only/iter_log.jsonl,proposer,grpo_loss,0.8567708730697632,,0.0,-0.8771929732225301,-0.8333333333333334,0.001,0.001,True,
191,stage1_understanding,understanding,/Users/ritesh.thawkar/Ritesh/self-evolving-uug/runs/final/E2_understanding_only/iter_log.jsonl,proposer,kl_loss,0.0,,0.0,-0.8771929732225301,-0.8333333333333334,0.001,0.001,True,
192,stage1_understanding,understanding,/Users/ritesh.thawkar/Ritesh/self-evolving-uug/runs/final/E2_understanding_only/iter_log.jsonl,proposer,grpo_loss,-0.1038411483168602,,0.0,0.104757732233194,0.03623105957494096,0.001,0.001,True,
192,stage1_understanding,understanding,/Users/ritesh.thawkar/Ritesh/self-evolving-uug/runs/final/E2_understanding_only/iter_log.jsonl,proposer,kl_loss,0.0,,0.0,0.104757732233194,0.03623105957494096,0.001,0.001,True,
193,stage1_understanding,understanding,/Users/ritesh.thawkar/Ritesh/self-evolving-uug/runs/final/E2_understanding_only/iter_log.jsonl,proposer,grpo_loss,0.8515625,,0.0,-0.8771929732225301,-0.8333333333333334,0.001,0.001,True,
193,stage1_understanding,understanding,/Users/ritesh.thawkar/Ritesh/self-evolving-uug/runs/final/E2_understanding_only/iter_log.jsonl,proposer,kl_loss,0.0,,0.0,-0.8771929732225301,-0.8333333333333334,0.001,0.001,True,
194,stage1_understanding,understanding,/Users/ritesh.thawkar/Ritesh/self-evolving-uug/runs/final/E2_understanding_only/iter_log.jsonl,proposer,grpo_loss,0.525390625,,0.0,-0.5393569345234868,-0.5123890931908818,0.001,0.001,True,
194,stage1_understanding,understanding,/Users/ritesh.thawkar/Ritesh/self-evolving-uug/runs/final/E2_understanding_only/iter_log.jsonl,proposer,kl_loss,0.0,,0.0,-0.5393569345234868,-0.5123890931908818,0.001,0.001,True,
195,stage1_understanding,understanding,/Users/ritesh.thawkar/Ritesh/self-evolving-uug/runs/final/E2_understanding_only/iter_log.jsonl,proposer,grpo_loss,0.9427083730697632,,0.0,-0.9581272107940656,-0.9193891942628261,0.001,0.001,True,
195,stage1_understanding,understanding,/Users/ritesh.thawkar/Ritesh/self-evolving-uug/runs/final/E2_understanding_only/iter_log.jsonl,proposer,kl_loss,0.0,,0.0,-0.9581272107940656,-0.9193891942628261,0.001,0.001,True,
196,stage1_understanding,understanding,/Users/ritesh.thawkar/Ritesh/self-evolving-uug/runs/final/E2_understanding_only/iter_log.jsonl,proposer,grpo_loss,-0.1640625,,0.0,0.165386455992274,0.1571171348465249,0.001,0.001,True,
196,stage1_understanding,understanding,/Users/ritesh.thawkar/Ritesh/self-evolving-uug/runs/final/E2_understanding_only/iter_log.jsonl,proposer,kl_loss,0.0,,0.0,0.165386455992274,0.1571171348465249,0.001,0.001,True,
197,stage1_understanding,understanding,/Users/ritesh.thawkar/Ritesh/self-evolving-uug/runs/final/E2_understanding_only/iter_log.jsonl,proposer,grpo_loss,0.8489583730697632,,0.0,-0.8771929732225301,-0.8333333333333334,0.001,0.001,True,
197,stage1_understanding,understanding,/Users/ritesh.thawkar/Ritesh/self-evolving-uug/runs/final/E2_understanding_only/iter_log.jsonl,proposer,kl_loss,0.0,,0.0,-0.8771929732225301,-0.8333333333333334,0.001,0.001,True,
198,stage1_understanding,understanding,/Users/ritesh.thawkar/Ritesh/self-evolving-uug/runs/final/E2_understanding_only/iter_log.jsonl,proposer,grpo_loss,0.8580729365348816,,0.0,-0.8771929732225301,-0.8333333333333334,0.001,0.001,True,
198,stage1_understanding,understanding,/Users/ritesh.thawkar/Ritesh/self-evolving-uug/runs/final/E2_understanding_only/iter_log.jsonl,proposer,kl_loss,0.0,,0.0,-0.8771929732225301,-0.8333333333333334,0.001,0.001,True,
199,stage1_understanding,understanding,/Users/ritesh.thawkar/Ritesh/self-evolving-uug/runs/final/E2_understanding_only/iter_log.jsonl,proposer,grpo_loss,0.9466146230697632,,0.0,-0.9716243865033372,-0.9483547814997637,0.001,0.001,True,
199,stage1_understanding,understanding,/Users/ritesh.thawkar/Ritesh/self-evolving-uug/runs/final/E2_understanding_only/iter_log.jsonl,proposer,kl_loss,0.0,,0.0,-0.9716243865033372,-0.9483547814997637,0.001,0.001,True,
200,stage1_understanding,understanding,/Users/ritesh.thawkar/Ritesh/self-evolving-uug/runs/final/E2_understanding_only/iter_log.jsonl,proposer,grpo_loss,0.8606771230697632,,0.0,-0.8771929732225301,-0.8333333333333334,0.001,0.001,True,
200,stage1_understanding,understanding,/Users/ritesh.thawkar/Ritesh/self-evolving-uug/runs/final/E2_understanding_only/iter_log.jsonl,proposer,kl_loss,0.0,,0.0,-0.8771929732225301,-0.8333333333333334,0.001,0.001,True,
201,stage1_understanding,understanding,/Users/ritesh.thawkar/Ritesh/self-evolving-uug/runs/final/E2_understanding_only/iter_log.jsonl,proposer,grpo_loss,0.6150716543197632,,0.0,-0.6309714089227163,-0.34946408200488194,0.001,0.001,True,
201,stage1_understanding,understanding,/Users/ritesh.thawkar/Ritesh/self-evolving-uug/runs/final/E2_understanding_only/iter_log.jsonl,proposer,kl_loss,0.0,,0.0,-0.6309714089227163,-0.34946408200488194,0.001,0.001,True,
202,stage1_understanding,understanding,/Users/ritesh.thawkar/Ritesh/self-evolving-uug/runs/final/E2_understanding_only/iter_log.jsonl,proposer,grpo_loss,0.0924479216337204,,0.0,-0.09555253000728352,-0.039154278478654526,0.001,0.001,True,
202,stage1_understanding,understanding,/Users/ritesh.thawkar/Ritesh/self-evolving-uug/runs/final/E2_understanding_only/iter_log.jsonl,proposer,kl_loss,0.0,,0.0,-0.09555253000728352,-0.039154278478654526,0.001,0.001,True,
203,stage1_understanding,understanding,/Users/ritesh.thawkar/Ritesh/self-evolving-uug/runs/final/E2_understanding_only/iter_log.jsonl,proposer,grpo_loss,0.4876302182674408,,0.0,-0.5032469071257007,-0.4780845668018849,0.001,0.001,True,
203,stage1_understanding,understanding,/Users/ritesh.thawkar/Ritesh/self-evolving-uug/runs/final/E2_understanding_only/iter_log.jsonl,proposer,kl_loss,0.0,,0.0,-0.5032469071257007,-0.4780845668018849,0.001,0.001,True,
204,stage1_understanding,understanding,/Users/ritesh.thawkar/Ritesh/self-evolving-uug/runs/final/E2_understanding_only/iter_log.jsonl,proposer,grpo_loss,0.8502604365348816,,0.0,-0.8771929732225301,-0.8333333333333334,0.001,0.001,True,
204,stage1_understanding,understanding,/Users/ritesh.thawkar/Ritesh/self-evolving-uug/runs/final/E2_understanding_only/iter_log.jsonl,proposer,kl_loss,0.0,,0.0,-0.8771929732225301,-0.8333333333333334,0.001,0.001,True,
205,stage1_understanding,understanding,/Users/ritesh.thawkar/Ritesh/self-evolving-uug/runs/final/E2_understanding_only/iter_log.jsonl,proposer,grpo_loss,-0.6822916865348816,,0.0,0.7020778670548066,0.5129929608818707,0.001,0.001,True,
205,stage1_understanding,understanding,/Users/ritesh.thawkar/Ritesh/self-evolving-uug/runs/final/E2_understanding_only/iter_log.jsonl,proposer,kl_loss,0.0,,0.0,0.7020778670548066,0.5129929608818707,0.001,0.001,True,
206,stage1_understanding,understanding,/Users/ritesh.thawkar/Ritesh/self-evolving-uug/runs/final/E2_understanding_only/iter_log.jsonl,proposer,grpo_loss,-0.8216146230697632,,0.0,0.848174861543504,0.06623849724382713,0.001,0.001,True,
206,stage1_understanding,understanding,/Users/ritesh.thawkar/Ritesh/self-evolving-uug/runs/final/E2_understanding_only/iter_log.jsonl,proposer,kl_loss,0.0,,0.0,0.848174861543504,0.06623849724382713,0.001,0.001,True,
207,stage1_understanding,understanding,/Users/ritesh.thawkar/Ritesh/self-evolving-uug/runs/final/E2_understanding_only/iter_log.jsonl,proposer,grpo_loss,0.61181640625,,0.0,-0.6318152239265166,-0.600224469048343,0.001,0.001,True,
207,stage1_understanding,understanding,/Users/ritesh.thawkar/Ritesh/self-evolving-uug/runs/final/E2_understanding_only/iter_log.jsonl,proposer,kl_loss,0.0,,0.0,-0.6318152239265166,-0.600224469048343,0.001,0.001,True,
208,stage1_understanding,understanding,/Users/ritesh.thawkar/Ritesh/self-evolving-uug/runs/final/E2_understanding_only/iter_log.jsonl,proposer,grpo_loss,0.5716146230697632,,0.0,-0.585160459707203,-0.12809580373467386,0.001,0.001,True,
208,stage1_understanding,understanding,/Users/ritesh.thawkar/Ritesh/self-evolving-uug/runs/final/E2_understanding_only/iter_log.jsonl,proposer,kl_loss,0.0,,0.0,-0.585160459707203,-0.12809580373467386,0.001,0.001,True,
209,stage1_understanding,understanding,/Users/ritesh.thawkar/Ritesh/self-evolving-uug/runs/final/E2_understanding_only/iter_log.jsonl,proposer,grpo_loss,0.7356771230697632,,0.0,-0.762466260336572,-0.4528393133933122,0.001,0.001,True,
209,stage1_understanding,understanding,/Users/ritesh.thawkar/Ritesh/self-evolving-uug/runs/final/E2_understanding_only/iter_log.jsonl,proposer,kl_loss,0.0,,0.0,-0.762466260336572,-0.4528393133933122,0.001,0.001,True,
210,stage1_understanding,understanding,/Users/ritesh.thawkar/Ritesh/self-evolving-uug/runs/final/E2_understanding_only/iter_log.jsonl,proposer,grpo_loss,0.6311849355697632,,0.0,-0.6476140400538416,-0.61523334452729,0.001,0.001,True,
210,stage1_understanding,understanding,/Users/ritesh.thawkar/Ritesh/self-evolving-uug/runs/final/E2_understanding_only/iter_log.jsonl,proposer,kl_loss,0.0,,0.0,-0.6476140400538416,-0.61523334452729,0.001,0.001,True,
211,stage1_understanding,understanding,/Users/ritesh.thawkar/Ritesh/self-evolving-uug/runs/final/E2_understanding_only/iter_log.jsonl,proposer,grpo_loss,0.019775390625,,0.0,-0.019258112656924193,-0.018295207216659115,0.001,0.001,True,
211,stage1_understanding,understanding,/Users/ritesh.thawkar/Ritesh/self-evolving-uug/runs/final/E2_understanding_only/iter_log.jsonl,proposer,kl_loss,0.0,,0.0,-0.019258112656924193,-0.018295207216659115,0.001,0.001,True,
212,stage1_understanding,understanding,/Users/ritesh.thawkar/Ritesh/self-evolving-uug/runs/final/E2_understanding_only/iter_log.jsonl,proposer,grpo_loss,0.8424479365348816,,0.0,-0.8771929732225301,-0.8333333333333334,0.001,0.001,True,
212,stage1_understanding,understanding,/Users/ritesh.thawkar/Ritesh/self-evolving-uug/runs/final/E2_understanding_only/iter_log.jsonl,proposer,kl_loss,0.0,,0.0,-0.8771929732225301,-0.8333333333333334,0.001,0.001,True,
213,stage1_understanding,understanding,/Users/ritesh.thawkar/Ritesh/self-evolving-uug/runs/final/E2_understanding_only/iter_log.jsonl,proposer,grpo_loss,0.8463541865348816,,0.0,-0.8771929732225301,-0.8333333333333334,0.001,0.001,True,
213,stage1_understanding,understanding,/Users/ritesh.thawkar/Ritesh/self-evolving-uug/runs/final/E2_understanding_only/iter_log.jsonl,proposer,kl_loss,0.0,,0.0,-0.8771929732225301,-0.8333333333333334,0.001,0.001,True,
214,stage1_understanding,understanding,/Users/ritesh.thawkar/Ritesh/self-evolving-uug/runs/final/E2_understanding_only/iter_log.jsonl,proposer,grpo_loss,0.84765625,,0.0,-0.8771929732225301,-0.8333333333333334,0.001,0.001,True,
214,stage1_understanding,understanding,/Users/ritesh.thawkar/Ritesh/self-evolving-uug/runs/final/E2_understanding_only/iter_log.jsonl,proposer,kl_loss,0.0,,0.0,-0.8771929732225301,-0.8333333333333334,0.001,0.001,True,
215,stage1_understanding,understanding,/Users/ritesh.thawkar/Ritesh/self-evolving-uug/runs/final/E2_understanding_only/iter_log.jsonl,proposer,grpo_loss,0.5071614980697632,,0.0,-0.525824563710383,-0.2667971479691437,0.001,0.001,True,
215,stage1_understanding,understanding,/Users/ritesh.thawkar/Ritesh/self-evolving-uug/runs/final/E2_understanding_only/iter_log.jsonl,proposer,kl_loss,0.0,,0.0,-0.525824563710383,-0.2667971479691437,0.001,0.001,True,
216,stage1_understanding,understanding,/Users/ritesh.thawkar/Ritesh/self-evolving-uug/runs/final/E2_understanding_only/iter_log.jsonl,proposer,grpo_loss,0.8502604365348816,,0.0,-0.8771929732225301,-0.8333333333333334,0.001,0.001,True,
216,stage1_understanding,understanding,/Users/ritesh.thawkar/Ritesh/self-evolving-uug/runs/final/E2_understanding_only/iter_log.jsonl,proposer,kl_loss,0.0,,0.0,-0.8771929732225301,-0.8333333333333334,0.001,0.001,True,
217,stage1_understanding,understanding,/Users/ritesh.thawkar/Ritesh/self-evolving-uug/runs/final/E2_understanding_only/iter_log.jsonl,proposer,grpo_loss,0.6276041865348816,,0.0,-0.6491371814284378,-0.3252043140248551,0.001,0.001,True,
217,stage1_understanding,understanding,/Users/ritesh.thawkar/Ritesh/self-evolving-uug/runs/final/E2_understanding_only/iter_log.jsonl,proposer,kl_loss,0.0,,0.0,-0.6491371814284378,-0.3252043140248551,0.001,0.001,True,
218,stage1_understanding,understanding,/Users/ritesh.thawkar/Ritesh/self-evolving-uug/runs/final/E2_understanding_only/iter_log.jsonl,proposer,grpo_loss,0.0755208358168602,,0.0,-0.07729690455542042,-0.046892573192386745,0.001,0.001,True,
218,stage1_understanding,understanding,/Users/ritesh.thawkar/Ritesh/self-evolving-uug/runs/final/E2_understanding_only/iter_log.jsonl,proposer,kl_loss,0.0,,0.0,-0.07729690455542042,-0.046892573192386745,0.001,0.001,True,
219,stage1_understanding,understanding,/Users/ritesh.thawkar/Ritesh/self-evolving-uug/runs/final/E2_understanding_only/iter_log.jsonl,proposer,grpo_loss,0.8515625,,0.0,-0.8771929732225301,-0.8333333333333334,0.001,0.001,True,
219,stage1_understanding,understanding,/Users/ritesh.thawkar/Ritesh/self-evolving-uug/runs/final/E2_understanding_only/iter_log.jsonl,proposer,kl_loss,0.0,,0.0,-0.8771929732225301,-0.8333333333333334,0.001,0.001,True,
220,stage1_understanding,understanding,/Users/ritesh.thawkar/Ritesh/self-evolving-uug/runs/final/E2_understanding_only/iter_log.jsonl,proposer,grpo_loss,0.83984375,,0.0,-0.8771929732225301,-0.8333333333333334,0.001,0.001,True,
220,stage1_understanding,understanding,/Users/ritesh.thawkar/Ritesh/self-evolving-uug/runs/final/E2_understanding_only/iter_log.jsonl,proposer,kl_loss,0.0,,0.0,-0.8771929732225301,-0.8333333333333334,0.001,0.001,True,
221,stage1_understanding,understanding,/Users/ritesh.thawkar/Ritesh/self-evolving-uug/runs/final/E2_understanding_only/iter_log.jsonl,proposer,grpo_loss,0.4635416865348816,,0.0,-0.4837377677281349,-0.20605576470161835,0.001,0.001,True,
221,stage1_understanding,understanding,/Users/ritesh.thawkar/Ritesh/self-evolving-uug/runs/final/E2_understanding_only/iter_log.jsonl,proposer,kl_loss,0.0,,0.0,-0.4837377677281349,-0.20605576470161835,0.001,0.001,True,
222,stage1_understanding,understanding,/Users/ritesh.thawkar/Ritesh/self-evolving-uug/runs/final/E2_understanding_only/iter_log.jsonl,proposer,grpo_loss,0.5777994990348816,,0.0,-0.5947716787054046,-0.5260176491489686,0.001,0.001,True,
222,stage1_understanding,understanding,/Users/ritesh.thawkar/Ritesh/self-evolving-uug/runs/final/E2_understanding_only/iter_log.jsonl,proposer,kl_loss,0.0,,0.0,-0.5947716787054046,-0.5260176491489686,0.001,0.001,True,
223,stage1_understanding,understanding,/Users/ritesh.thawkar/Ritesh/self-evolving-uug/runs/final/E2_understanding_only/iter_log.jsonl,proposer,grpo_loss,0.8424479365348816,,0.0,-0.8771929732225301,-0.8333333333333334,0.001,0.001,True,
223,stage1_understanding,understanding,/Users/ritesh.thawkar/Ritesh/self-evolving-uug/runs/final/E2_understanding_only/iter_log.jsonl,proposer,kl_loss,0.0,,0.0,-0.8771929732225301,-0.8333333333333334,0.001,0.001,True,
224,stage1_understanding,understanding,/Users/ritesh.thawkar/Ritesh/self-evolving-uug/runs/final/E2_understanding_only/iter_log.jsonl,proposer,grpo_loss,-0.8645833730697632,,0.0,0.8869943914471984,0.162464403648339,0.001,0.001,True,
224,stage1_understanding,understanding,/Users/ritesh.thawkar/Ritesh/self-evolving-uug/runs/final/E2_understanding_only/iter_log.jsonl,proposer,kl_loss,0.0,,0.0,0.8869943914471984,0.162464403648339,0.001,0.001,True,
225,stage1_understanding,understanding,/Users/ritesh.thawkar/Ritesh/self-evolving-uug/runs/final/E2_understanding_only/iter_log.jsonl,proposer,grpo_loss,0.83984375,,0.0,-0.8771929732225301,-0.8333333333333334,0.001,0.001,True,
225,stage1_understanding,understanding,/Users/ritesh.thawkar/Ritesh/self-evolving-uug/runs/final/E2_understanding_only/iter_log.jsonl,proposer,kl_loss,0.0,,0.0,-0.8771929732225301,-0.8333333333333334,0.001,0.001,True,
226,stage1_understanding,understanding,/Users/ritesh.thawkar/Ritesh/self-evolving-uug/runs/final/E2_understanding_only/iter_log.jsonl,proposer,grpo_loss,-0.7890625,,0.0,0.8171263400092114,0.1452138977952152,0.001,0.001,True,
226,stage1_understanding,understanding,/Users/ritesh.thawkar/Ritesh/self-evolving-uug/runs/final/E2_understanding_only/iter_log.jsonl,proposer,kl_loss,0.0,,0.0,0.8171263400092114,0.1452138977952152,0.001,0.001,True,
227,stage1_understanding,understanding,/Users/ritesh.thawkar/Ritesh/self-evolving-uug/runs/final/E2_understanding_only/iter_log.jsonl,proposer,grpo_loss,0.96875,,0.0,-0.988749081813432,-0.9393116376102512,0.001,0.001,True,
227,stage1_understanding,understanding,/Users/ritesh.thawkar/Ritesh/self-evolving-uug/runs/final/E2_understanding_only/iter_log.jsonl,proposer,kl_loss,0.0,,0.0,-0.988749081813432,-0.9393116376102512,0.001,0.001,True,
228,stage1_understanding,understanding,/Users/ritesh.thawkar/Ritesh/self-evolving-uug/runs/final/E2_understanding_only/iter_log.jsonl,proposer,grpo_loss,0.4365234375,,0.0,-0.4457686953251077,-0.4234802650165393,0.001,0.001,True,
228,stage1_understanding,understanding,/Users/ritesh.thawkar/Ritesh/self-evolving-uug/runs/final/E2_understanding_only/iter_log.jsonl,proposer,kl_loss,0.0,,0.0,-0.4457686953251077,-0.4234802650165393,0.001,0.001,True,
229,stage1_understanding,understanding,/Users/ritesh.thawkar/Ritesh/self-evolving-uug/runs/final/E2_understanding_only/iter_log.jsonl,proposer,grpo_loss,0.639190673828125,,0.0,-0.6651662996661214,-0.21415627188060868,0.001,0.001,True,
229,stage1_understanding,understanding,/Users/ritesh.thawkar/Ritesh/self-evolving-uug/runs/final/E2_understanding_only/iter_log.jsonl,proposer,kl_loss,0.0,,0.0,-0.6651662996661214,-0.21415627188060868,0.001,0.001,True,
230,stage1_understanding,understanding,/Users/ritesh.thawkar/Ritesh/self-evolving-uug/runs/final/E2_understanding_only/iter_log.jsonl,proposer,grpo_loss,0.2589111328125,,0.0,-0.2617563566526009,-0.0863000097788849,0.001,0.001,True,
230,stage1_understanding,understanding,/Users/ritesh.thawkar/Ritesh/self-evolving-uug/runs/final/E2_understanding_only/iter_log.jsonl,proposer,kl_loss,0.0,,0.0,-0.2617563566526009,-0.0863000097788849,0.001,0.001,True,
231,stage1_understanding,understanding,/Users/ritesh.thawkar/Ritesh/self-evolving-uug/runs/final/E2_understanding_only/iter_log.jsonl,proposer,grpo_loss,0.8528646230697632,,0.0,-0.8771929732225301,-0.8333333333333334,0.001,0.001,True,
231,stage1_understanding,understanding,/Users/ritesh.thawkar/Ritesh/self-evolving-uug/runs/final/E2_understanding_only/iter_log.jsonl,proposer,kl_loss,0.0,,0.0,-0.8771929732225301,-0.8333333333333334,0.001,0.001,True,
232,stage1_understanding,understanding,/Users/ritesh.thawkar/Ritesh/self-evolving-uug/runs/final/E2_understanding_only/iter_log.jsonl,proposer,grpo_loss,-0.0192057304084301,,0.0,0.021438882535878,0.004831607339994455,0.001,0.001,True,
232,stage1_understanding,understanding,/Users/ritesh.thawkar/Ritesh/self-evolving-uug/runs/final/E2_understanding_only/iter_log.jsonl,proposer,kl_loss,0.0,,0.0,0.021438882535878,0.004831607339994455,0.001,0.001,True,
233,stage1_understanding,understanding,/Users/ritesh.thawkar/Ritesh/self-evolving-uug/runs/final/E2_understanding_only/iter_log.jsonl,proposer,grpo_loss,0.8463541865348816,,0.0,-0.8771929732225301,-0.8333333333333334,0.001,0.001,True,
233,stage1_understanding,understanding,/Users/ritesh.thawkar/Ritesh/self-evolving-uug/runs/final/E2_understanding_only/iter_log.jsonl,proposer,kl_loss,0.0,,0.0,-0.8771929732225301,-0.8333333333333334,0.001,0.001,True,
234,stage1_understanding,understanding,/Users/ritesh.thawkar/Ritesh/self-evolving-uug/runs/final/E2_understanding_only/iter_log.jsonl,proposer,grpo_loss,0.8424479365348816,,0.0,-0.8771929732225301,-0.8333333333333334,0.001,0.001,True,
234,stage1_understanding,understanding,/Users/ritesh.thawkar/Ritesh/self-evolving-uug/runs/final/E2_understanding_only/iter_log.jsonl,proposer,kl_loss,0.0,,0.0,-0.8771929732225301,-0.8333333333333334,0.001,0.001,True,
235,stage1_understanding,understanding,/Users/ritesh.thawkar/Ritesh/self-evolving-uug/runs/final/E2_understanding_only/iter_log.jsonl,proposer,grpo_loss,0.02473958395421505,,0.0,-0.027253099943545512,-0.025890445218899234,0.001,0.001,True,
235,stage1_understanding,understanding,/Users/ritesh.thawkar/Ritesh/self-evolving-uug/runs/final/E2_understanding_only/iter_log.jsonl,proposer,kl_loss,0.0,,0.0,-0.027253099943545512,-0.025890445218899234,0.001,0.001,True,
236,stage1_understanding,understanding,/Users/ritesh.thawkar/Ritesh/self-evolving-uug/runs/final/E2_understanding_only/iter_log.jsonl,proposer,grpo_loss,0.8450521230697632,,0.0,-0.8771929732225301,-0.8333333333333334,0.001,0.001,True,
236,stage1_understanding,understanding,/Users/ritesh.thawkar/Ritesh/self-evolving-uug/runs/final/E2_understanding_only/iter_log.jsonl,proposer,kl_loss,0.0,,0.0,-0.8771929732225301,-0.8333333333333334,0.001,0.001,True,
237,stage1_understanding,understanding,/Users/ritesh.thawkar/Ritesh/self-evolving-uug/runs/final/E2_understanding_only/iter_log.jsonl,proposer,grpo_loss,-0.6190592646598816,,0.0,0.6481339006925716,0.10837003041412592,0.001,0.001,True,
237,stage1_understanding,understanding,/Users/ritesh.thawkar/Ritesh/self-evolving-uug/runs/final/E2_understanding_only/iter_log.jsonl,proposer,kl_loss,0.0,,0.0,0.6481339006925716,0.10837003041412592,0.001,0.001,True,
238,stage1_understanding,understanding,/Users/ritesh.thawkar/Ritesh/self-evolving-uug/runs/final/E2_understanding_only/iter_log.jsonl,proposer,grpo_loss,0.6087239980697632,,0.0,-0.6348359349856313,-0.6030941445847091,0.001,0.001,True,
238,stage1_understanding,understanding,/Users/ritesh.thawkar/Ritesh/self-evolving-uug/runs/final/E2_understanding_only/iter_log.jsonl,proposer,kl_loss,0.0,,0.0,-0.6348359349856313,-0.6030941445847091,0.001,0.001,True,
239,stage1_understanding,understanding,/Users/ritesh.thawkar/Ritesh/self-evolving-uug/runs/final/E2_understanding_only/iter_log.jsonl,proposer,grpo_loss,0.66796875,,0.0,-0.6918454391895743,-1.2221868346698062,0.001,0.001,True,
239,stage1_understanding,understanding,/Users/ritesh.thawkar/Ritesh/self-evolving-uug/runs/final/E2_understanding_only/iter_log.jsonl,proposer,kl_loss,0.0,,0.0,-0.6918454391895743,-1.2221868346698062,0.001,0.001,True,
240,stage1_understanding,understanding,/Users/ritesh.thawkar/Ritesh/self-evolving-uug/runs/final/E2_understanding_only/iter_log.jsonl,proposer,grpo_loss,0.517578125,,0.0,-0.5492500856258499,-0.5217875868370583,0.001,0.001,True,
240,stage1_understanding,understanding,/Users/ritesh.thawkar/Ritesh/self-evolving-uug/runs/final/E2_understanding_only/iter_log.jsonl,proposer,kl_loss,0.0,,0.0,-0.5492500856258499,-0.5217875868370583,0.001,0.001,True,
241,stage1_understanding,understanding,/Users/ritesh.thawkar/Ritesh/self-evolving-uug/runs/final/E2_understanding_only/iter_log.jsonl,proposer,grpo_loss,0.84375,,0.0,-0.8771929732225301,-0.8333333333333334,0.001,0.001,True,
241,stage1_understanding,understanding,/Users/ritesh.thawkar/Ritesh/self-evolving-uug/runs/final/E2_understanding_only/iter_log.jsonl,proposer,kl_loss,0.0,,0.0,-0.8771929732225301,-0.8333333333333334,0.001,0.001,True,
242,stage1_understanding,understanding,/Users/ritesh.thawkar/Ritesh/self-evolving-uug/runs/final/E2_understanding_only/iter_log.jsonl,proposer,grpo_loss,0.8411458730697632,,0.0,-0.8771929732225301,-0.8333333333333334,0.001,0.001,True,
242,stage1_understanding,understanding,/Users/ritesh.thawkar/Ritesh/self-evolving-uug/runs/final/E2_understanding_only/iter_log.jsonl,proposer,kl_loss,0.0,,0.0,-0.8771929732225301,-0.8333333333333334,0.001,0.001,True,
243,stage1_understanding,understanding,/Users/ritesh.thawkar/Ritesh/self-evolving-uug/runs/final/E2_understanding_only/iter_log.jsonl,proposer,grpo_loss,0.5442708730697632,,0.0,-0.5706052910233966,-0.21097298782529803,0.001,0.001,True,
243,stage1_understanding,understanding,/Users/ritesh.thawkar/Ritesh/self-evolving-uug/runs/final/E2_understanding_only/iter_log.jsonl,proposer,kl_loss,0.0,,0.0,-0.5706052910233966,-0.21097298782529803,0.001,0.001,True,
244,stage1_understanding,understanding,/Users/ritesh.thawkar/Ritesh/self-evolving-uug/runs/final/E2_understanding_only/iter_log.jsonl,proposer,grpo_loss,0.8828125,,0.0,-0.9248320447022881,-0.878590451715494,0.001,0.001,True,
244,stage1_understanding,understanding,/Users/ritesh.thawkar/Ritesh/self-evolving-uug/runs/final/E2_understanding_only/iter_log.jsonl,proposer,kl_loss,0.0,,0.0,-0.9248320447022881,-0.878590451715494,0.001,0.001,True,
245,stage1_understanding,understanding,/Users/ritesh.thawkar/Ritesh/self-evolving-uug/runs/final/E2_understanding_only/iter_log.jsonl,proposer,grpo_loss,0.2138671875,,0.0,-0.22352494128580416,-0.21234869645676338,0.001,0.001,True,
245,stage1_understanding,understanding,/Users/ritesh.thawkar/Ritesh/self-evolving-uug/runs/final/E2_understanding_only/iter_log.jsonl,proposer,kl_loss,0.0,,0.0,-0.22352494128580416,-0.21234869645676338,0.001,0.001,True,
246,stage1_understanding,understanding,/Users/ritesh.thawkar/Ritesh/self-evolving-uug/runs/final/E2_understanding_only/iter_log.jsonl,proposer,grpo_loss,0.8307291865348816,,0.0,-0.8667055319524103,-1.1828696578888214,0.001,0.001,True,
246,stage1_understanding,understanding,/Users/ritesh.thawkar/Ritesh/self-evolving-uug/runs/final/E2_understanding_only/iter_log.jsonl,proposer,kl_loss,0.0,,0.0,-0.8667055319524103,-1.1828696578888214,0.001,0.001,True,
247,stage1_understanding,understanding,/Users/ritesh.thawkar/Ritesh/self-evolving-uug/runs/final/E2_understanding_only/iter_log.jsonl,proposer,grpo_loss,0.212890625,,0.0,-0.2174939545136707,-0.10537771483992046,0.001,0.001,True,
247,stage1_understanding,understanding,/Users/ritesh.thawkar/Ritesh/self-evolving-uug/runs/final/E2_understanding_only/iter_log.jsonl,proposer,kl_loss,0.0,,0.0,-0.2174939545136707,-0.10537771483992046,0.001,0.001,True,
248,stage1_understanding,understanding,/Users/ritesh.thawkar/Ritesh/self-evolving-uug/runs/final/E2_understanding_only/iter_log.jsonl,proposer,grpo_loss,0.5397135615348816,,0.0,-0.5496261009322684,-0.15354256362322036,0.001,0.001,True,
248,stage1_understanding,understanding,/Users/ritesh.thawkar/Ritesh/self-evolving-uug/runs/final/E2_understanding_only/iter_log.jsonl,proposer,kl_loss,0.0,,0.0,-0.5496261009322684,-0.15354256362322036,0.001,0.001,True,
249,stage1_understanding,understanding,/Users/ritesh.thawkar/Ritesh/self-evolving-uug/runs/final/E2_understanding_only/iter_log.jsonl,proposer,grpo_loss,-0.515625,,0.0,0.5372537344549905,0.42924520832296537,0.001,0.001,True,
249,stage1_understanding,understanding,/Users/ritesh.thawkar/Ritesh/self-evolving-uug/runs/final/E2_understanding_only/iter_log.jsonl,proposer,kl_loss,0.0,,0.0,0.5372537344549905,0.42924520832296537,0.001,0.001,True,
250,stage1_understanding,understanding,/Users/ritesh.thawkar/Ritesh/self-evolving-uug/runs/final/E2_understanding_only/iter_log.jsonl,proposer,grpo_loss,0.8359375,,0.0,-0.8771929732225301,-0.8333333333333334,0.001,0.001,True,
250,stage1_understanding,understanding,/Users/ritesh.thawkar/Ritesh/self-evolving-uug/runs/final/E2_understanding_only/iter_log.jsonl,proposer,kl_loss,0.0,,0.0,-0.8771929732225301,-0.8333333333333334,0.001,0.001,True,
251,stage1_understanding,understanding,/Users/ritesh.thawkar/Ritesh/self-evolving-uug/runs/final/E2_understanding_only/iter_log.jsonl,proposer,grpo_loss,0.1484375,,0.0,-0.15569392558432263,-0.14790923086204574,0.001,0.001,True,
251,stage1_understanding,understanding,/Users/ritesh.thawkar/Ritesh/self-evolving-uug/runs/final/E2_understanding_only/iter_log.jsonl,proposer,kl_loss,0.0,,0.0,-0.15569392558432263,-0.14790923086204574,0.001,0.001,True,
252,stage1_understanding,understanding,/Users/ritesh.thawkar/Ritesh/self-evolving-uug/runs/final/E2_understanding_only/iter_log.jsonl,proposer,grpo_loss,0.4205729365348816,,0.0,-0.43726089569104865,-0.1687382185324617,0.001,0.001,True,
252,stage1_understanding,understanding,/Users/ritesh.thawkar/Ritesh/self-evolving-uug/runs/final/E2_understanding_only/iter_log.jsonl,proposer,kl_loss,0.0,,0.0,-0.43726089569104865,-0.1687382185324617,0.001,0.001,True,
253,stage1_understanding,understanding,/Users/ritesh.thawkar/Ritesh/self-evolving-uug/runs/final/E2_understanding_only/iter_log.jsonl,proposer,grpo_loss,0.94140625,,0.0,-0.9858997205224772,-0.9636089559273323,0.001,0.001,True,
253,stage1_understanding,understanding,/Users/ritesh.thawkar/Ritesh/self-evolving-uug/runs/final/E2_understanding_only/iter_log.jsonl,proposer,kl_loss,0.0,,0.0,-0.9858997205224772,-0.9636089559273323,0.001,0.001,True,
254,stage1_understanding,understanding,/Users/ritesh.thawkar/Ritesh/self-evolving-uug/runs/final/E2_understanding_only/iter_log.jsonl,proposer,grpo_loss,0.8528646230697632,,0.0,-0.8771929732225301,-0.8333333333333334,0.001,0.001,True,
254,stage1_understanding,understanding,/Users/ritesh.thawkar/Ritesh/self-evolving-uug/runs/final/E2_understanding_only/iter_log.jsonl,proposer,kl_loss,0.0,,0.0,-0.8771929732225301,-0.8333333333333334,0.001,0.001,True,
255,stage1_understanding,understanding,/Users/ritesh.thawkar/Ritesh/self-evolving-uug/runs/final/E2_understanding_only/iter_log.jsonl,proposer,grpo_loss,0.8385416865348816,,0.0,-0.8779070032742395,-0.8340116618895976,0.001,0.001,True,
255,stage1_understanding,understanding,/Users/ritesh.thawkar/Ritesh/self-evolving-uug/runs/final/E2_understanding_only/iter_log.jsonl,proposer,kl_loss,0.0,,0.0,-0.8779070032742395,-0.8340116618895976,0.001,0.001,True,
256,stage1_understanding,understanding,/Users/ritesh.thawkar/Ritesh/self-evolving-uug/runs/final/E2_understanding_only/iter_log.jsonl,proposer,grpo_loss,0.2200520932674408,,0.0,-0.22899626753118765,-0.21754645644459095,0.001,0.001,True,
256,stage1_understanding,understanding,/Users/ritesh.thawkar/Ritesh/self-evolving-uug/runs/final/E2_understanding_only/iter_log.jsonl,proposer,kl_loss,0.0,,0.0,-0.22899626753118765,-0.21754645644459095,0.001,0.001,True,
257,stage1_understanding,understanding,/Users/ritesh.thawkar/Ritesh/self-evolving-uug/runs/final/E2_understanding_only/iter_log.jsonl,proposer,grpo_loss,0.5377604365348816,,0.0,-0.5659800436710897,-0.2466361977189597,0.001,0.001,True,
257,stage1_understanding,understanding,/Users/ritesh.thawkar/Ritesh/self-evolving-uug/runs/final/E2_understanding_only/iter_log.jsonl,proposer,kl_loss,0.0,,0.0,-0.5659800436710897,-0.2466361977189597,0.001,0.001,True,
258,stage1_understanding,understanding,/Users/ritesh.thawkar/Ritesh/self-evolving-uug/runs/final/E2_understanding_only/iter_log.jsonl,proposer,grpo_loss,0.8567708730697632,,0.0,-0.8771929732225301,-0.8333333333333334,0.001,0.001,True,
258,stage1_understanding,understanding,/Users/ritesh.thawkar/Ritesh/self-evolving-uug/runs/final/E2_understanding_only/iter_log.jsonl,proposer,kl_loss,0.0,,0.0,-0.8771929732225301,-0.8333333333333334,0.001,0.001,True,
259,stage1_understanding,understanding,/Users/ritesh.thawkar/Ritesh/self-evolving-uug/runs/final/E2_understanding_only/iter_log.jsonl,proposer,grpo_loss,0.8411458730697632,,0.0,-0.8771929732225301,-0.8333333333333334,0.001,0.001,True,
259,stage1_understanding,understanding,/Users/ritesh.thawkar/Ritesh/self-evolving-uug/runs/final/E2_understanding_only/iter_log.jsonl,proposer,kl_loss,0.0,,0.0,-0.8771929732225301,-0.8333333333333334,0.001,0.001,True,
260,stage1_understanding,understanding,/Users/ritesh.thawkar/Ritesh/self-evolving-uug/runs/final/E2_understanding_only/iter_log.jsonl,proposer,grpo_loss,0.494140625,,0.0,-0.5107969298184104,-0.20558488867559113,0.001,0.001,True,
260,stage1_understanding,understanding,/Users/ritesh.thawkar/Ritesh/self-evolving-uug/runs/final/E2_understanding_only/iter_log.jsonl,proposer,kl_loss,0.0,,0.0,-0.5107969298184104,-0.20558488867559113,0.001,0.001,True,
261,stage1_understanding,understanding,/Users/ritesh.thawkar/Ritesh/self-evolving-uug/runs/final/E2_understanding_only/iter_log.jsonl,proposer,grpo_loss,0.8255208730697632,,0.0,-0.8771929732225301,-0.8333333333333334,0.001,0.001,True,
261,stage1_understanding,understanding,/Users/ritesh.thawkar/Ritesh/self-evolving-uug/runs/final/E2_understanding_only/iter_log.jsonl,proposer,kl_loss,0.0,,0.0,-0.8771929732225301,-0.8333333333333334,0.001,0.001,True,
262,stage1_understanding,understanding,/Users/ritesh.thawkar/Ritesh/self-evolving-uug/runs/final/E2_understanding_only/iter_log.jsonl,proposer,grpo_loss,0.8372396230697632,,0.0,-0.8771929732225301,-0.8333333333333334,0.001,0.001,True,
262,stage1_understanding,understanding,/Users/ritesh.thawkar/Ritesh/self-evolving-uug/runs/final/E2_understanding_only/iter_log.jsonl,proposer,kl_loss,0.0,,0.0,-0.8771929732225301,-0.8333333333333334,0.001,0.001,True,
263,stage1_understanding,understanding,/Users/ritesh.thawkar/Ritesh/self-evolving-uug/runs/final/E2_understanding_only/iter_log.jsonl,proposer,grpo_loss,0.5927734375,,0.0,-0.610752350480857,-0.5802147390643376,0.001,0.001,True,
263,stage1_understanding,understanding,/Users/ritesh.thawkar/Ritesh/self-evolving-uug/runs/final/E2_understanding_only/iter_log.jsonl,proposer,kl_loss,0.0,,0.0,-0.610752350480857,-0.5802147390643376,0.001,0.001,True,
264,stage1_understanding,understanding,/Users/ritesh.thawkar/Ritesh/self-evolving-uug/runs/final/E2_understanding_only/iter_log.jsonl,proposer,grpo_loss,0.8359375,,0.0,-0.8771929732225301,-0.8333333333333334,0.001,0.001,True,
264,stage1_understanding,understanding,/Users/ritesh.thawkar/Ritesh/self-evolving-uug/runs/final/E2_understanding_only/iter_log.jsonl,proposer,kl_loss,0.0,,0.0,-0.8771929732225301,-0.8333333333333334,0.001,0.001,True,
265,stage1_understanding,understanding,/Users/ritesh.thawkar/Ritesh/self-evolving-uug/runs/final/E2_understanding_only/iter_log.jsonl,proposer,grpo_loss,-0.0579427108168602,,0.0,0.05898856723558376,0.05603913946369025,0.001,0.001,True,
265,stage1_understanding,understanding,/Users/ritesh.thawkar/Ritesh/self-evolving-uug/runs/final/E2_understanding_only/iter_log.jsonl,proposer,kl_loss,0.0,,0.0,0.05898856723558376,0.05603913946369025,0.001,0.001,True,
266,stage1_understanding,understanding,/Users/ritesh.thawkar/Ritesh/self-evolving-uug/runs/final/E2_understanding_only/iter_log.jsonl,proposer,grpo_loss,0.453125,,0.0,-0.47715639155652756,-0.21787473212992867,0.001,0.001,True,
266,stage1_understanding,understanding,/Users/ritesh.thawkar/Ritesh/self-evolving-uug/runs/final/E2_understanding_only/iter_log.jsonl,proposer,kl_loss,0.0,,0.0,-0.47715639155652756,-0.21787473212992867,0.001,0.001,True,
267,stage1_understanding,understanding,/Users/ritesh.thawkar/Ritesh/self-evolving-uug/runs/final/E2_understanding_only/iter_log.jsonl,proposer,grpo_loss,0.1848958432674408,,0.0,-0.19416778320977443,-0.18445939599096353,0.001,0.001,True,
267,stage1_understanding,understanding,/Users/ritesh.thawkar/Ritesh/self-evolving-uug/runs/final/E2_understanding_only/iter_log.jsonl,proposer,kl_loss,0.0,,0.0,-0.19416778320977443,-0.18445939599096353,0.001,0.001,True,
268,stage1_understanding,understanding,/Users/ritesh.thawkar/Ritesh/self-evolving-uug/runs/final/E2_understanding_only/iter_log.jsonl,proposer,grpo_loss,0.8580729365348816,,0.0,-0.8771929732225301,-0.8333333333333334,0.001,0.001,True,
268,stage1_understanding,understanding,/Users/ritesh.thawkar/Ritesh/self-evolving-uug/runs/final/E2_understanding_only/iter_log.jsonl,proposer,kl_loss,0.0,,0.0,-0.8771929732225301,-0.8333333333333334,0.001,0.001,True,
269,stage1_understanding,understanding,/Users/ritesh.thawkar/Ritesh/self-evolving-uug/runs/final/E2_understanding_only/iter_log.jsonl,proposer,grpo_loss,0.521484375,,0.0,-0.5445656863056879,-0.27801682410738665,0.001,0.001,True,
269,stage1_understanding,understanding,/Users/ritesh.thawkar/Ritesh/self-evolving-uug/runs/final/E2_understanding_only/iter_log.jsonl,proposer,kl_loss,0.0,,0.0,-0.5445656863056879,-0.27801682410738665,0.001,0.001,True,
270,stage1_understanding,understanding,/Users/ritesh.thawkar/Ritesh/self-evolving-uug/runs/final/E2_understanding_only/iter_log.jsonl,proposer,grpo_loss,0.859375,,0.0,-0.8771929732225301,-0.8333333333333334,0.001,0.001,True,
270,stage1_understanding,understanding,/Users/ritesh.thawkar/Ritesh/self-evolving-uug/runs/final/E2_understanding_only/iter_log.jsonl,proposer,kl_loss,0.0,,0.0,-0.8771929732225301,-0.8333333333333334,0.001,0.001,True,
271,stage1_understanding,understanding,/Users/ritesh.thawkar/Ritesh/self-evolving-uug/runs/final/E2_understanding_only/iter_log.jsonl,proposer,grpo_loss,0.5748698115348816,,0.0,-0.5883819248529946,-0.5589628344941641,0.001,0.001,True,
271,stage1_understanding,understanding,/Users/ritesh.thawkar/Ritesh/self-evolving-uug/runs/final/E2_understanding_only/iter_log.jsonl,proposer,kl_loss,0.0,,0.0,-0.5883819248529946,-0.5589628344941641,0.001,0.001,True,
272,stage1_understanding,understanding,/Users/ritesh.thawkar/Ritesh/self-evolving-uug/runs/final/E2_understanding_only/iter_log.jsonl,proposer,grpo_loss,-0.48828125,,0.0,0.5104964383548106,0.38990464018132515,0.001,0.001,True,
272,stage1_understanding,understanding,/Users/ritesh.thawkar/Ritesh/self-evolving-uug/runs/final/E2_understanding_only/iter_log.jsonl,proposer,kl_loss,0.0,,0.0,0.5104964383548106,0.38990464018132515,0.001,0.001,True,
273,stage1_understanding,understanding,/Users/ritesh.thawkar/Ritesh/self-evolving-uug/runs/final/E2_understanding_only/iter_log.jsonl,proposer,grpo_loss,0.3854166865348816,,0.0,-0.40513099918918183,-0.13058733117276847,0.001,0.001,True,
273,stage1_understanding,understanding,/Users/ritesh.thawkar/Ritesh/self-evolving-uug/runs/final/E2_understanding_only/iter_log.jsonl,proposer,kl_loss,0.0,,0.0,-0.40513099918918183,-0.13058733117276847,0.001,0.001,True,
274,stage1_understanding,understanding,/Users/ritesh.thawkar/Ritesh/self-evolving-uug/runs/final/E2_understanding_only/iter_log.jsonl,proposer,grpo_loss,0.2952880859375,,0.0,-0.30600192367203793,-0.4614881713148533,0.001,0.001,True,
274,stage1_understanding,understanding,/Users/ritesh.thawkar/Ritesh/self-evolving-uug/runs/final/E2_understanding_only/iter_log.jsonl,proposer,kl_loss,0.0,,0.0,-0.30600192367203793,-0.4614881713148533,0.001,0.001,True,
275,stage1_understanding,understanding,/Users/ritesh.thawkar/Ritesh/self-evolving-uug/runs/final/E2_understanding_only/iter_log.jsonl,proposer,grpo_loss,0.9036458730697632,,0.0,-0.9402947186701084,-0.8958182727654512,0.001,0.001,True,
275,stage1_understanding,understanding,/Users/ritesh.thawkar/Ritesh/self-evolving-uug/runs/final/E2_understanding_only/iter_log.jsonl,proposer,kl_loss,0.0,,0.0,-0.9402947186701084,-0.8958182727654512,0.001,0.001,True,
276,stage1_understanding,understanding,/Users/ritesh.thawkar/Ritesh/self-evolving-uug/runs/final/E2_understanding_only/iter_log.jsonl,proposer,grpo_loss,0.63818359375,,0.0,-0.6723325224673022,-0.6387159030672623,0.001,0.001,True,
276,stage1_understanding,understanding,/Users/ritesh.thawkar/Ritesh/self-evolving-uug/runs/final/E2_understanding_only/iter_log.jsonl,proposer,kl_loss,0.0,,0.0,-0.6723325224673022,-0.6387159030672623,0.001,0.001,True,
277,stage1_understanding,understanding,/Users/ritesh.thawkar/Ritesh/self-evolving-uug/runs/final/E2_understanding_only/iter_log.jsonl,proposer,grpo_loss,-0.5475260615348816,,0.0,0.5667501251478323,0.5100751183005504,0.001,0.001,True,
277,stage1_understanding,understanding,/Users/ritesh.thawkar/Ritesh/self-evolving-uug/runs/final/E2_understanding_only/iter_log.jsonl,proposer,kl_loss,0.0,,0.0,0.5667501251478323,0.5100751183005504,0.001,0.001,True,
278,stage1_understanding,understanding,/Users/ritesh.thawkar/Ritesh/self-evolving-uug/runs/final/E2_understanding_only/iter_log.jsonl,proposer,grpo_loss,0.6612955927848816,,0.0,-0.6895866455281139,-0.6551073201475747,0.001,0.001,True,
278,stage1_understanding,understanding,/Users/ritesh.thawkar/Ritesh/self-evolving-uug/runs/final/E2_understanding_only/iter_log.jsonl,proposer,kl_loss,0.0,,0.0,-0.6895866455281139,-0.6551073201475747,0.001,0.001,True,
279,stage1_understanding,understanding,/Users/ritesh.thawkar/Ritesh/self-evolving-uug/runs/final/E2_understanding_only/iter_log.jsonl,proposer,grpo_loss,0.4147135615348816,,0.0,-0.4324144247192198,-0.41079370780740304,0.001,0.001,True,
279,stage1_understanding,understanding,/Users/ritesh.thawkar/Ritesh/self-evolving-uug/runs/final/E2_understanding_only/iter_log.jsonl,proposer,kl_loss,0.0,,0.0,-0.4324144247192198,-0.41079370780740304,0.001,0.001,True,
280,stage1_understanding,understanding,/Users/ritesh.thawkar/Ritesh/self-evolving-uug/runs/final/E2_understanding_only/iter_log.jsonl,proposer,grpo_loss,0.11328125,,0.0,-0.11673552696760647,-0.0640870922834607,0.001,0.001,True,
280,stage1_understanding,understanding,/Users/ritesh.thawkar/Ritesh/self-evolving-uug/runs/final/E2_understanding_only/iter_log.jsonl,proposer,kl_loss,0.0,,0.0,-0.11673552696760647,-0.0640870922834607,0.001,0.001,True,
281,stage1_understanding,understanding,/Users/ritesh.thawkar/Ritesh/self-evolving-uug/runs/final/E2_understanding_only/iter_log.jsonl,proposer,grpo_loss,0.8346354365348816,,0.0,-0.8771929732225301,-0.8333333333333334,0.001,0.001,True,
281,stage1_understanding,understanding,/Users/ritesh.thawkar/Ritesh/self-evolving-uug/runs/final/E2_understanding_only/iter_log.jsonl,proposer,kl_loss,0.0,,0.0,-0.8771929732225301,-0.8333333333333334,0.001,0.001,True,
282,stage1_understanding,understanding,/Users/ritesh.thawkar/Ritesh/self-evolving-uug/runs/final/E2_understanding_only/iter_log.jsonl,proposer,grpo_loss,0.8541666865348816,,0.0,-0.8771929732225301,-0.8333333333333334,0.001,0.001,True,
282,stage1_understanding,understanding,/Users/ritesh.thawkar/Ritesh/self-evolving-uug/runs/final/E2_understanding_only/iter_log.jsonl,proposer,kl_loss,0.0,,0.0,-0.8771929732225301,-0.8333333333333334,0.001,0.001,True,
283,stage1_understanding,understanding,/Users/ritesh.thawkar/Ritesh/self-evolving-uug/runs/final/E2_understanding_only/iter_log.jsonl,proposer,grpo_loss,0.6292318105697632,,0.0,-0.6481388862770098,-0.6157319484445481,0.001,0.001,True,
283,stage1_understanding,understanding,/Users/ritesh.thawkar/Ritesh/self-evolving-uug/runs/final/E2_understanding_only/iter_log.jsonl,proposer,kl_loss,0.0,,0.0,-0.6481388862770098,-0.6157319484445481,0.001,0.001,True,
284,stage1_understanding,understanding,/Users/ritesh.thawkar/Ritesh/self-evolving-uug/runs/final/E2_understanding_only/iter_log.jsonl,proposer,grpo_loss,0.5784505605697632,,0.0,-0.5895466507799988,-0.5600693241364655,0.001,0.001,True,
284,stage1_understanding,understanding,/Users/ritesh.thawkar/Ritesh/self-evolving-uug/runs/final/E2_understanding_only/iter_log.jsonl,proposer,kl_loss,0.0,,0.0,-0.5895466507799988,-0.5600693241364655,0.001,0.001,True,
285,stage1_understanding,understanding,/Users/ritesh.thawkar/Ritesh/self-evolving-uug/runs/final/E2_understanding_only/iter_log.jsonl,proposer,grpo_loss,0.5703125,,0.0,-0.6011146521103675,-0.5710589255159956,0.001,0.001,True,
285,stage1_understanding,understanding,/Users/ritesh.thawkar/Ritesh/self-evolving-uug/runs/final/E2_understanding_only/iter_log.jsonl,proposer,kl_loss,0.0,,0.0,-0.6011146521103675,-0.5710589255159956,0.001,0.001,True,
286,stage1_understanding,understanding,/Users/ritesh.thawkar/Ritesh/self-evolving-uug/runs/final/E2_understanding_only/iter_log.jsonl,proposer,grpo_loss,0.359375,,0.0,-0.37529429778612716,-0.3565295866497638,0.001,0.001,True,
286,stage1_understanding,understanding,/Users/ritesh.thawkar/Ritesh/self-evolving-uug/runs/final/E2_understanding_only/iter_log.jsonl,proposer,kl_loss,0.0,,0.0,-0.37529429778612716,-0.3565295866497638,0.001,0.001,True,
287,stage1_understanding,understanding,/Users/ritesh.thawkar/Ritesh/self-evolving-uug/runs/final/E2_understanding_only/iter_log.jsonl,proposer,grpo_loss,0.8385416865348816,,0.0,-0.8771929732225301,-0.8333333333333334,0.001,0.001,True,
287,stage1_understanding,understanding,/Users/ritesh.thawkar/Ritesh/self-evolving-uug/runs/final/E2_understanding_only/iter_log.jsonl,proposer,kl_loss,0.0,,0.0,-0.8771929732225301,-0.8333333333333334,0.001,0.001,True,
288,stage1_understanding,understanding,/Users/ritesh.thawkar/Ritesh/self-evolving-uug/runs/final/E2_understanding_only/iter_log.jsonl,proposer,grpo_loss,0.1923828125,,0.0,-0.2009509238501698,-0.19090337966717055,0.001,0.001,True,
288,stage1_understanding,understanding,/Users/ritesh.thawkar/Ritesh/self-evolving-uug/runs/final/E2_understanding_only/iter_log.jsonl,proposer,kl_loss,0.0,,0.0,-0.2009509238501698,-0.19090337966717055,0.001,0.001,True,
289,stage1_understanding,understanding,/Users/ritesh.thawkar/Ritesh/self-evolving-uug/runs/final/E2_understanding_only/iter_log.jsonl,proposer,grpo_loss,0.5738932490348816,,0.0,-0.6016895472672013,-0.5716050759207366,0.001,0.001,True,
289,stage1_understanding,understanding,/Users/ritesh.thawkar/Ritesh/self-evolving-uug/runs/final/E2_understanding_only/iter_log.jsonl,proposer,kl_loss,0.0,,0.0,-0.6016895472672013,-0.5716050759207366,0.001,0.001,True,
290,stage1_understanding,understanding,/Users/ritesh.thawkar/Ritesh/self-evolving-uug/runs/final/E2_understanding_only/iter_log.jsonl,proposer,grpo_loss,0.2239583432674408,,0.0,-0.235867661251679,-0.22407428054777165,0.001,0.001,True,
290,stage1_understanding,understanding,/Users/ritesh.thawkar/Ritesh/self-evolving-uug/runs/final/E2_understanding_only/iter_log.jsonl,proposer,kl_loss,0.0,,0.0,-0.235867661251679,-0.22407428054777165,0.001,0.001,True,
291,stage1_understanding,understanding,/Users/ritesh.thawkar/Ritesh/self-evolving-uug/runs/final/E2_understanding_only/iter_log.jsonl,proposer,grpo_loss,0.4967448115348816,,0.0,-0.5300765413600269,-0.16169892801430186,0.001,0.001,True,
291,stage1_understanding,understanding,/Users/ritesh.thawkar/Ritesh/self-evolving-uug/runs/final/E2_understanding_only/iter_log.jsonl,proposer,kl_loss,0.0,,0.0,-0.5300765413600269,-0.16169892801430186,0.001,0.001,True,
292,stage1_understanding,understanding,/Users/ritesh.thawkar/Ritesh/self-evolving-uug/runs/final/E2_understanding_only/iter_log.jsonl,proposer,grpo_loss,0.2215169370174408,,0.0,-0.23522233861375463,-0.16194994286519407,0.001,0.001,True,
292,stage1_understanding,understanding,/Users/ritesh.thawkar/Ritesh/self-evolving-uug/runs/final/E2_understanding_only/iter_log.jsonl,proposer,kl_loss,0.0,,0.0,-0.23522233861375463,-0.16194994286519407,0.001,0.001,True,
293,stage1_understanding,understanding,/Users/ritesh.thawkar/Ritesh/self-evolving-uug/runs/final/E2_understanding_only/iter_log.jsonl,proposer,grpo_loss,-0.7493489980697632,,0.0,0.7861236072740692,0.11166361232446571,0.001,0.001,True,
293,stage1_understanding,understanding,/Users/ritesh.thawkar/Ritesh/self-evolving-uug/runs/final/E2_understanding_only/iter_log.jsonl,proposer,kl_loss,0.0,,0.0,0.7861236072740692,0.11166361232446571,0.001,0.001,True,
294,stage1_understanding,understanding,/Users/ritesh.thawkar/Ritesh/self-evolving-uug/runs/final/E2_understanding_only/iter_log.jsonl,proposer,grpo_loss,0.3489583432674408,,0.0,-0.3747301922726653,-0.071394698860617,0.001,0.001,True,
294,stage1_understanding,understanding,/Users/ritesh.thawkar/Ritesh/self-evolving-uug/runs/final/E2_understanding_only/iter_log.jsonl,proposer,kl_loss,0.0,,0.0,-0.3747301922726653,-0.071394698860617,0.001,0.001,True,
295,stage1_understanding,understanding,/Users/ritesh.thawkar/Ritesh/self-evolving-uug/runs/final/E2_understanding_only/iter_log.jsonl,proposer,grpo_loss,0.8294271230697632,,0.0,-0.8771929732225301,-0.8333333333333334,0.001,0.001,True,
295,stage1_understanding,understanding,/Users/ritesh.thawkar/Ritesh/self-evolving-uug/runs/final/E2_understanding_only/iter_log.jsonl,proposer,kl_loss,0.0,,0.0,-0.8771929732225301,-0.8333333333333334,0.001,0.001,True,
296,stage1_understanding,understanding,/Users/ritesh.thawkar/Ritesh/self-evolving-uug/runs/final/E2_understanding_only/iter_log.jsonl,proposer,grpo_loss,0.8828125,,0.0,-0.928994496582244,-0.8825447810430767,0.001,0.001,True,
296,stage1_understanding,understanding,/Users/ritesh.thawkar/Ritesh/self-evolving-uug/runs/final/E2_understanding_only/iter_log.jsonl,proposer,kl_loss,0.0,,0.0,-0.928994496582244,-0.8825447810430767,0.001,0.001,True,
297,stage1_understanding,understanding,/Users/ritesh.thawkar/Ritesh/self-evolving-uug/runs/final/E2_understanding_only/iter_log.jsonl,proposer,grpo_loss,0.91796875,,0.0,-0.98074223269641,-0.9438416972856764,0.001,0.001,True,
297,stage1_understanding,understanding,/Users/ritesh.thawkar/Ritesh/self-evolving-uug/runs/final/E2_understanding_only/iter_log.jsonl,proposer,kl_loss,0.0,,0.0,-0.98074223269641,-0.9438416972856764,0.001,0.001,True,
298,stage1_understanding,understanding,/Users/ritesh.thawkar/Ritesh/self-evolving-uug/runs/final/E2_understanding_only/iter_log.jsonl,proposer,grpo_loss,-0.7356771230697632,,0.0,0.7545288969130838,0.11531562457529027,0.001,0.001,True,
298,stage1_understanding,understanding,/Users/ritesh.thawkar/Ritesh/self-evolving-uug/runs/final/E2_understanding_only/iter_log.jsonl,proposer,kl_loss,0.0,,0.0,0.7545288969130838,0.11531562457529027,0.001,0.001,True,
299,stage1_understanding,understanding,/Users/ritesh.thawkar/Ritesh/self-evolving-uug/runs/final/E2_understanding_only/iter_log.jsonl,proposer,grpo_loss,-0.88671875,,0.0,0.9354636882856081,0.14296812212691942,0.001,0.001,True,
299,stage1_understanding,understanding,/Users/ritesh.thawkar/Ritesh/self-evolving-uug/runs/final/E2_understanding_only/iter_log.jsonl,proposer,kl_loss,0.0,,0.0,0.9354636882856081,0.14296812212691942,0.001,0.001,True,
300,stage1_understanding,understanding,/Users/ritesh.thawkar/Ritesh/self-evolving-uug/runs/final/E2_understanding_only/iter_log.jsonl,proposer,grpo_loss,-0.9127604365348816,,0.0,0.9729430656596608,0.19345453964276613,0.001,0.001,True,
300,stage1_understanding,understanding,/Users/ritesh.thawkar/Ritesh/self-evolving-uug/runs/final/E2_understanding_only/iter_log.jsonl,proposer,kl_loss,0.0,,0.0,0.9729430656596608,0.19345453964276613,0.001,0.001,True,
301,stage1_understanding,understanding,/Users/ritesh.thawkar/Ritesh/self-evolving-uug/runs/final/E2_understanding_only/iter_log.jsonl,proposer,grpo_loss,0.359375,,0.0,-0.36935727973545074,-0.09621638489064754,0.001,0.001,True,
301,stage1_understanding,understanding,/Users/ritesh.thawkar/Ritesh/self-evolving-uug/runs/final/E2_understanding_only/iter_log.jsonl,proposer,kl_loss,0.0,,0.0,-0.36935727973545074,-0.09621638489064754,0.001,0.001,True,
302,stage1_understanding,understanding,/Users/ritesh.thawkar/Ritesh/self-evolving-uug/runs/final/E2_understanding_only/iter_log.jsonl,proposer,grpo_loss,0.8346354365348816,,0.0,-0.8771929732225301,-0.8333333333333334,0.001,0.001,True,
302,stage1_understanding,understanding,/Users/ritesh.thawkar/Ritesh/self-evolving-uug/runs/final/E2_understanding_only/iter_log.jsonl,proposer,kl_loss,0.0,,0.0,-0.8771929732225301,-0.8333333333333334,0.001,0.001,True,
303,stage1_understanding,understanding,/Users/ritesh.thawkar/Ritesh/self-evolving-uug/runs/final/E2_understanding_only/iter_log.jsonl,proposer,grpo_loss,0.8268229365348816,,0.0,-0.8771929732225301,-0.8333333333333334,0.001,0.001,True,
303,stage1_understanding,understanding,/Users/ritesh.thawkar/Ritesh/self-evolving-uug/runs/final/E2_understanding_only/iter_log.jsonl,proposer,kl_loss,0.0,,0.0,-0.8771929732225301,-0.8333333333333334,0.001,0.001,True,
304,stage1_understanding,understanding,/Users/ritesh.thawkar/Ritesh/self-evolving-uug/runs/final/E2_understanding_only/iter_log.jsonl,proposer,grpo_loss,0.8203125,,0.0,-0.8771929732225301,-0.8333333333333334,0.001,0.001,True,
304,stage1_understanding,understanding,/Users/ritesh.thawkar/Ritesh/self-evolving-uug/runs/final/E2_understanding_only/iter_log.jsonl,proposer,kl_loss,0.0,,0.0,-0.8771929732225301,-0.8333333333333334,0.001,0.001,True,
305,stage1_understanding,understanding,/Users/ritesh.thawkar/Ritesh/self-evolving-uug/runs/final/E2_understanding_only/iter_log.jsonl,proposer,grpo_loss,0.5390625,,0.0,-0.5586255887419828,-0.24736992635568053,0.001,0.001,True,
305,stage1_understanding,understanding,/Users/ritesh.thawkar/Ritesh/self-evolving-uug/runs/final/E2_understanding_only/iter_log.jsonl,proposer,kl_loss,0.0,,0.0,-0.5586255887419828,-0.24736992635568053,0.001,0.001,True,
306,stage1_understanding,understanding,/Users/ritesh.thawkar/Ritesh/self-evolving-uug/runs/final/E2_understanding_only/iter_log.jsonl,proposer,grpo_loss,0.8203125,,0.0,-0.8771929732225301,-0.8333333333333334,0.001,0.001,True,
306,stage1_understanding,understanding,/Users/ritesh.thawkar/Ritesh/self-evolving-uug/runs/final/E2_understanding_only/iter_log.jsonl,proposer,kl_loss,0.0,,0.0,-0.8771929732225301,-0.8333333333333334,0.001,0.001,True,
307,stage1_understanding,understanding,/Users/ritesh.thawkar/Ritesh/self-evolving-uug/runs/final/E2_understanding_only/iter_log.jsonl,proposer,grpo_loss,0.8203125,,0.0,-0.8771929732225301,-0.8333333333333334,0.001,0.001,True,
307,stage1_understanding,understanding,/Users/ritesh.thawkar/Ritesh/self-evolving-uug/runs/final/E2_understanding_only/iter_log.jsonl,proposer,kl_loss,0.0,,0.0,-0.8771929732225301,-0.8333333333333334,0.001,0.001,True,
308,stage1_understanding,understanding,/Users/ritesh.thawkar/Ritesh/self-evolving-uug/runs/final/E2_understanding_only/iter_log.jsonl,proposer,grpo_loss,0.6393229365348816,,0.0,-0.679678244682464,-1.2428734245192203,0.001,0.001,True,
308,stage1_understanding,understanding,/Users/ritesh.thawkar/Ritesh/self-evolving-uug/runs/final/E2_understanding_only/iter_log.jsonl,proposer,kl_loss,0.0,,0.0,-0.679678244682464,-1.2428734245192203,0.001,0.001,True,
309,stage1_understanding,understanding,/Users/ritesh.thawkar/Ritesh/self-evolving-uug/runs/final/E2_understanding_only/iter_log.jsonl,proposer,grpo_loss,0.2283528745174408,,0.0,-0.24559671855043383,-0.2333168850788793,0.001,0.001,True,
309,stage1_understanding,understanding,/Users/ritesh.thawkar/Ritesh/self-evolving-uug/runs/final/E2_understanding_only/iter_log.jsonl,proposer,kl_loss,0.0,,0.0,-0.24559671855043383,-0.2333168850788793,0.001,0.001,True,
310,stage1_understanding,understanding,/Users/ritesh.thawkar/Ritesh/self-evolving-uug/runs/final/E2_understanding_only/iter_log.jsonl,proposer,grpo_loss,0.4479166865348816,,0.0,-0.47979926856927596,-0.2722148329591107,0.001,0.001,True,
310,stage1_understanding,understanding,/Users/ritesh.thawkar/Ritesh/self-evolving-uug/runs/final/E2_understanding_only/iter_log.jsonl,proposer,kl_loss,0.0,,0.0,-0.47979926856927596,-0.2722148329591107,0.001,0.001,True,
311,stage1_understanding,understanding,/Users/ritesh.thawkar/Ritesh/self-evolving-uug/runs/final/E2_understanding_only/iter_log.jsonl,proposer,grpo_loss,0.5478515625,,0.0,-0.5935085473222083,-0.5638331258911833,0.001,0.001,True,
311,stage1_understanding,understanding,/Users/ritesh.thawkar/Ritesh/self-evolving-uug/runs/final/E2_understanding_only/iter_log.jsonl,proposer,kl_loss,0.0,,0.0,-0.5935085473222083,-0.5638331258911833,0.001,0.001,True,
312,stage1_understanding,understanding,/Users/ritesh.thawkar/Ritesh/self-evolving-uug/runs/final/E2_understanding_only/iter_log.jsonl,proposer,grpo_loss,0.8424479365348816,,0.0,-0.8771929732225301,-0.8333333333333334,0.001,0.001,True,
312,stage1_understanding,understanding,/Users/ritesh.thawkar/Ritesh/self-evolving-uug/runs/final/E2_understanding_only/iter_log.jsonl,proposer,kl_loss,0.0,,0.0,-0.8771929732225301,-0.8333333333333334,0.001,0.001,True,
313,stage1_understanding,understanding,/Users/ritesh.thawkar/Ritesh/self-evolving-uug/runs/final/E2_understanding_only/iter_log.jsonl,proposer,grpo_loss,0.6764323115348816,,0.0,-0.7067067457336766,-0.4339990887965189,0.001,0.001,True,
313,stage1_understanding,understanding,/Users/ritesh.thawkar/Ritesh/self-evolving-uug/runs/final/E2_understanding_only/iter_log.jsonl,proposer,kl_loss,0.0,,0.0,-0.7067067457336766,-0.4339990887965189,0.001,0.001,True,
314,stage1_understanding,understanding,/Users/ritesh.thawkar/Ritesh/self-evolving-uug/runs/final/E2_understanding_only/iter_log.jsonl,proposer,grpo_loss,-0.2473958432674408,,0.0,0.2549023215970383,0.03561976007917186,0.001,0.001,True,
314,stage1_understanding,understanding,/Users/ritesh.thawkar/Ritesh/self-evolving-uug/runs/final/E2_understanding_only/iter_log.jsonl,proposer,kl_loss,0.0,,0.0,0.2549023215970383,0.03561976007917186,0.001,0.001,True,
315,stage1_understanding,understanding,/Users/ritesh.thawkar/Ritesh/self-evolving-uug/runs/final/E2_understanding_only/iter_log.jsonl,proposer,grpo_loss,0.5904948115348816,,0.0,-0.6263518394648139,-0.5950342537550916,0.001,0.001,True,
315,stage1_understanding,understanding,/Users/ritesh.thawkar/Ritesh/self-evolving-uug/runs/final/E2_understanding_only/iter_log.jsonl,proposer,kl_loss,0.0,,0.0,-0.6263518394648139,-0.5950342537550916,0.001,0.001,True,
316,stage1_understanding,understanding,/Users/ritesh.thawkar/Ritesh/self-evolving-uug/runs/final/E2_understanding_only/iter_log.jsonl,proposer,grpo_loss,0.486328125,,0.0,-0.5163858677084249,-0.2017842342734423,0.001,0.001,True,
316,stage1_understanding,understanding,/Users/ritesh.thawkar/Ritesh/self-evolving-uug/runs/final/E2_understanding_only/iter_log.jsonl,proposer,kl_loss,0.0,,0.0,-0.5163858677084249,-0.2017842342734423,0.001,0.001,True,
317,stage1_understanding,understanding,/Users/ritesh.thawkar/Ritesh/self-evolving-uug/runs/final/E2_understanding_only/iter_log.jsonl,proposer,grpo_loss,0.7122396230697632,,0.0,-0.7647541503527288,-1.1226725126999135,0.001,0.001,True,
317,stage1_understanding,understanding,/Users/ritesh.thawkar/Ritesh/self-evolving-uug/runs/final/E2_understanding_only/iter_log.jsonl,proposer,kl_loss,0.0,,0.0,-0.7647541503527288,-1.1226725126999135,0.001,0.001,True,
318,stage1_understanding,understanding,/Users/ritesh.thawkar/Ritesh/self-evolving-uug/runs/final/E2_understanding_only/iter_log.jsonl,proposer,grpo_loss,0.5384114980697632,,0.0,-0.5803120007109923,-0.5512964064785627,0.001,0.001,True,
318,stage1_understanding,understanding,/Users/ritesh.thawkar/Ritesh/self-evolving-uug/runs/final/E2_understanding_only/iter_log.jsonl,proposer,kl_loss,0.0,,0.0,-0.5803120007109923,-0.5512964064785627,0.001,0.001,True,
319,stage1_understanding,understanding,/Users/ritesh.thawkar/Ritesh/self-evolving-uug/runs/final/E2_understanding_only/iter_log.jsonl,proposer,grpo_loss,0.4010416865348816,,0.0,-0.4169392294952112,-0.10570477042646302,0.001,0.001,True,
319,stage1_understanding,understanding,/Users/ritesh.thawkar/Ritesh/self-evolving-uug/runs/final/E2_understanding_only/iter_log.jsonl,proposer,kl_loss,0.0,,0.0,-0.4169392294952112,-0.10570477042646302,0.001,0.001,True,
320,stage1_understanding,understanding,/Users/ritesh.thawkar/Ritesh/self-evolving-uug/runs/final/E2_understanding_only/iter_log.jsonl,proposer,grpo_loss,0.5777994990348816,,0.0,-0.6075885923681731,-0.5772091688256503,0.001,0.001,True,
320,stage1_understanding,understanding,/Users/ritesh.thawkar/Ritesh/self-evolving-uug/runs/final/E2_understanding_only/iter_log.jsonl,proposer,kl_loss,0.0,,0.0,-0.6075885923681731,-0.5772091688256503,0.001,0.001,True,
321,stage1_understanding,understanding,/Users/ritesh.thawkar/Ritesh/self-evolving-uug/runs/final/E2_understanding_only/iter_log.jsonl,proposer,grpo_loss,0.8307291865348816,,0.0,-0.8771929732225301,-0.8333333333333334,0.001,0.001,True,
321,stage1_understanding,understanding,/Users/ritesh.thawkar/Ritesh/self-evolving-uug/runs/final/E2_understanding_only/iter_log.jsonl,proposer,kl_loss,0.0,,0.0,-0.8771929732225301,-0.8333333333333334,0.001,0.001,True,
322,stage1_understanding,understanding,/Users/ritesh.thawkar/Ritesh/self-evolving-uug/runs/final/E2_understanding_only/iter_log.jsonl,proposer,grpo_loss,0.5859375,,0.0,-0.6161549121239108,-0.5853471726792644,0.001,0.001,True,
322,stage1_understanding,understanding,/Users/ritesh.thawkar/Ritesh/self-evolving-uug/runs/final/E2_understanding_only/iter_log.jsonl,proposer,kl_loss,0.0,,0.0,-0.6161549121239108,-0.5853471726792644,0.001,0.001,True,
323,stage1_understanding,understanding,/Users/ritesh.thawkar/Ritesh/self-evolving-uug/runs/final/E2_understanding_only/iter_log.jsonl,proposer,grpo_loss,-0.1204427108168602,,0.0,0.1287450076192496,0.09668071390073914,0.001,0.001,True,
323,stage1_understanding,understanding,/Users/ritesh.thawkar/Ritesh/self-evolving-uug/runs/final/E2_understanding_only/iter_log.jsonl,proposer,kl_loss,0.0,,0.0,0.1287450076192496,0.09668071390073914,0.001,0.001,True,
324,stage1_understanding,understanding,/Users/ritesh.thawkar/Ritesh/self-evolving-uug/runs/final/E2_understanding_only/iter_log.jsonl,proposer,grpo_loss,0.8307291865348816,,0.0,-0.8771929732225301,-0.8333333333333334,0.001,0.001,True,
324,stage1_understanding,understanding,/Users/ritesh.thawkar/Ritesh/self-evolving-uug/runs/final/E2_understanding_only/iter_log.jsonl,proposer,kl_loss,0.0,,0.0,-0.8771929732225301,-0.8333333333333334,0.001,0.001,True,
325,stage1_understanding,understanding,/Users/ritesh.thawkar/Ritesh/self-evolving-uug/runs/final/E2_understanding_only/iter_log.jsonl,proposer,grpo_loss,0.17138671875,,0.0,-0.1872036348992583,-0.1778434550263317,0.001,0.001,True,
325,stage1_understanding,understanding,/Users/ritesh.thawkar/Ritesh/self-evolving-uug/runs/final/E2_understanding_only/iter_log.jsonl,proposer,kl_loss,0.0,,0.0,-0.1872036348992583,-0.1778434550263317,0.001,0.001,True,
326,stage1_understanding,understanding,/Users/ritesh.thawkar/Ritesh/self-evolving-uug/runs/final/E2_understanding_only/iter_log.jsonl,proposer,grpo_loss,0.5686849355697632,,0.0,-0.6039107236808423,-0.4173278233749415,0.001,0.001,True,
326,stage1_understanding,understanding,/Users/ritesh.thawkar/Ritesh/self-evolving-uug/runs/final/E2_understanding_only/iter_log.jsonl,proposer,kl_loss,0.0,,0.0,-0.6039107236808423,-0.4173278233749415,0.001,0.001,True,
327,stage1_understanding,understanding,/Users/ritesh.thawkar/Ritesh/self-evolving-uug/runs/final/E2_understanding_only/iter_log.jsonl,proposer,grpo_loss,0.4928385615348816,,0.0,-0.5258699713732576,-0.15323857321745551,0.001,0.001,True,
327,stage1_understanding,understanding,/Users/ritesh.thawkar/Ritesh/self-evolving-uug/runs/final/E2_understanding_only/iter_log.jsonl,proposer,kl_loss,0.0,,0.0,-0.5258699713732576,-0.15323857321745551,0.001,0.001,True,
328,stage1_understanding,understanding,/Users/ritesh.thawkar/Ritesh/self-evolving-uug/runs/final/E2_understanding_only/iter_log.jsonl,proposer,grpo_loss,0.9127604365348816,,0.0,-0.9802611025411286,-0.9312480572166834,0.001,0.001,True,
328,stage1_understanding,understanding,/Users/ritesh.thawkar/Ritesh/self-evolving-uug/runs/final/E2_understanding_only/iter_log.jsonl,proposer,kl_loss,0.0,,0.0,-0.9802611025411286,-0.9312480572166834,0.001,0.001,True,
329,stage1_understanding,understanding,/Users/ritesh.thawkar/Ritesh/self-evolving-uug/runs/final/E2_understanding_only/iter_log.jsonl,proposer,grpo_loss,0.8372396230697632,,0.0,-0.8771929732225301,-0.8333333333333334,0.001,0.001,True,
329,stage1_understanding,understanding,/Users/ritesh.thawkar/Ritesh/self-evolving-uug/runs/final/E2_understanding_only/iter_log.jsonl,proposer,kl_loss,0.0,,0.0,-0.8771929732225301,-0.8333333333333334,0.001,0.001,True,
330,stage1_understanding,understanding,/Users/ritesh.thawkar/Ritesh/self-evolving-uug/runs/final/E2_understanding_only/iter_log.jsonl,proposer,grpo_loss,0.8229166865348816,,0.0,-0.8771929732225301,-0.8333333333333334,0.001,0.001,True,
330,stage1_understanding,understanding,/Users/ritesh.thawkar/Ritesh/self-evolving-uug/runs/final/E2_understanding_only/iter_log.jsonl,proposer,kl_loss,0.0,,0.0,-0.8771929732225301,-0.8333333333333334,0.001,0.001,True,
331,stage1_understanding,understanding,/Users/ritesh.thawkar/Ritesh/self-evolving-uug/runs/final/E2_understanding_only/iter_log.jsonl,proposer,grpo_loss,0.82421875,,0.0,-0.8771929732225301,-0.8333333333333334,0.001,0.001,True,
331,stage1_understanding,understanding,/Users/ritesh.thawkar/Ritesh/self-evolving-uug/runs/final/E2_understanding_only/iter_log.jsonl,proposer,kl_loss,0.0,,0.0,-0.8771929732225301,-0.8333333333333334,0.001,0.001,True,
332,stage1_understanding,understanding,/Users/ritesh.thawkar/Ritesh/self-evolving-uug/runs/final/E2_understanding_only/iter_log.jsonl,proposer,grpo_loss,0.8216146230697632,,0.0,-0.8771929732225301,-0.8333333333333334,0.001,0.001,True,
332,stage1_understanding,understanding,/Users/ritesh.thawkar/Ritesh/self-evolving-uug/runs/final/E2_understanding_only/iter_log.jsonl,proposer,kl_loss,0.0,,0.0,-0.8771929732225301,-0.8333333333333334,0.001,0.001,True,
333,stage1_understanding,understanding,/Users/ritesh.thawkar/Ritesh/self-evolving-uug/runs/final/E2_understanding_only/iter_log.jsonl,proposer,grpo_loss,0.02864583395421505,,0.0,-0.026926546695477078,-0.006962157231260406,0.001,0.001,True,
333,stage1_understanding,understanding,/Users/ritesh.thawkar/Ritesh/self-evolving-uug/runs/final/E2_understanding_only/iter_log.jsonl,proposer,kl_loss,0.0,,0.0,-0.026926546695477078,-0.006962157231260406,0.001,0.001,True,
334,stage1_understanding,understanding,/Users/ritesh.thawkar/Ritesh/self-evolving-uug/runs/final/E2_understanding_only/iter_log.jsonl,proposer,grpo_loss,0.8151041865348816,,0.0,-0.8771929732225301,-0.8333333333333334,0.001,0.001,True,
334,stage1_understanding,understanding,/Users/ritesh.thawkar/Ritesh/self-evolving-uug/runs/final/E2_understanding_only/iter_log.jsonl,proposer,kl_loss,0.0,,0.0,-0.8771929732225301,-0.8333333333333334,0.001,0.001,True,
335,stage1_understanding,understanding,/Users/ritesh.thawkar/Ritesh/self-evolving-uug/runs/final/E2_understanding_only/iter_log.jsonl,proposer,grpo_loss,0.82421875,,0.0,-0.8771929732225301,-0.8333333333333334,0.001,0.001,True,
335,stage1_understanding,understanding,/Users/ritesh.thawkar/Ritesh/self-evolving-uug/runs/final/E2_understanding_only/iter_log.jsonl,proposer,kl_loss,0.0,,0.0,-0.8771929732225301,-0.8333333333333334,0.001,0.001,True,
336,stage1_understanding,understanding,/Users/ritesh.thawkar/Ritesh/self-evolving-uug/runs/final/E2_understanding_only/iter_log.jsonl,proposer,grpo_loss,-0.3580729365348816,,0.0,0.39454668863736914,0.14717673257711875,0.001,0.001,True,
336,stage1_understanding,understanding,/Users/ritesh.thawkar/Ritesh/self-evolving-uug/runs/final/E2_understanding_only/iter_log.jsonl,proposer,kl_loss,0.0,,0.0,0.39454668863736914,0.14717673257711875,0.001,0.001,True,
337,stage1_understanding,understanding,/Users/ritesh.thawkar/Ritesh/self-evolving-uug/runs/final/E2_understanding_only/iter_log.jsonl,proposer,grpo_loss,0.2698567807674408,,0.0,-0.2886148740081696,-0.2741841331939099,0.001,0.001,True,
337,stage1_understanding,understanding,/Users/ritesh.thawkar/Ritesh/self-evolving-uug/runs/final/E2_understanding_only/iter_log.jsonl,proposer,kl_loss,0.0,,0.0,-0.2886148740081696,-0.2741841331939099,0.001,0.001,True,
338,stage1_understanding,understanding,/Users/ritesh.thawkar/Ritesh/self-evolving-uug/runs/final/E2_understanding_only/iter_log.jsonl,proposer,grpo_loss,0.8138021230697632,,0.0,-0.8771929732225301,-0.8333333333333334,0.001,0.001,True,
338,stage1_understanding,understanding,/Users/ritesh.thawkar/Ritesh/self-evolving-uug/runs/final/E2_understanding_only/iter_log.jsonl,proposer,kl_loss,0.0,,0.0,-0.8771929732225301,-0.8333333333333334,0.001,0.001,True,
339,stage1_understanding,understanding,/Users/ritesh.thawkar/Ritesh/self-evolving-uug/runs/final/E2_understanding_only/iter_log.jsonl,proposer,grpo_loss,0.8255208730697632,,0.0,-0.8771929732225301,-0.8333333333333334,0.001,0.001,True,
339,stage1_understanding,understanding,/Users/ritesh.thawkar/Ritesh/self-evolving-uug/runs/final/E2_understanding_only/iter_log.jsonl,proposer,kl_loss,0.0,,0.0,-0.8771929732225301,-0.8333333333333334,0.001,0.001,True,
340,stage1_understanding,understanding,/Users/ritesh.thawkar/Ritesh/self-evolving-uug/runs/final/E2_understanding_only/iter_log.jsonl,proposer,grpo_loss,0.2682291865348816,,0.0,-0.28509202818452845,-0.0778325914409846,0.001,0.001,True,
340,stage1_understanding,understanding,/Users/ritesh.thawkar/Ritesh/self-evolving-uug/runs/final/E2_understanding_only/iter_log.jsonl,proposer,kl_loss,0.0,,0.0,-0.28509202818452845,-0.0778325914409846,0.001,0.001,True,
341,stage1_understanding,understanding,/Users/ritesh.thawkar/Ritesh/self-evolving-uug/runs/final/E2_understanding_only/iter_log.jsonl,proposer,grpo_loss,0.8072916865348816,,0.0,-0.8771929732225301,-0.8333333333333334,0.001,0.001,True,
341,stage1_understanding,understanding,/Users/ritesh.thawkar/Ritesh/self-evolving-uug/runs/final/E2_understanding_only/iter_log.jsonl,proposer,kl_loss,0.0,,0.0,-0.8771929732225301,-0.8333333333333334,0.001,0.001,True,
342,stage1_understanding,understanding,/Users/ritesh.thawkar/Ritesh/self-evolving-uug/runs/final/E2_understanding_only/iter_log.jsonl,proposer,grpo_loss,0.9088541865348816,,0.0,-0.9588644691734914,-0.927408631849746,0.001,0.001,True,
342,stage1_understanding,understanding,/Users/ritesh.thawkar/Ritesh/self-evolving-uug/runs/final/E2_understanding_only/iter_log.jsonl,proposer,kl_loss,0.0,,0.0,-0.9588644691734914,-0.927408631849746,0.001,0.001,True,
343,stage1_understanding,understanding,/Users/ritesh.thawkar/Ritesh/self-evolving-uug/runs/final/E2_understanding_only/iter_log.jsonl,proposer,grpo_loss,0.5794271230697632,,0.0,-0.6037767524679291,-0.17362915724527953,0.001,0.001,True,
343,stage1_understanding,understanding,/Users/ritesh.thawkar/Ritesh/self-evolving-uug/runs/final/E2_understanding_only/iter_log.jsonl,proposer,kl_loss,0.0,,0.0,-0.6037767524679291,-0.17362915724527953,0.001,0.001,True,
344,stage1_understanding,understanding,/Users/ritesh.thawkar/Ritesh/self-evolving-uug/runs/final/E2_understanding_only/iter_log.jsonl,proposer,grpo_loss,0.9075521230697632,,0.0,-0.9795020957765505,-0.9647437338918685,0.001,0.001,True,
344,stage1_understanding,understanding,/Users/ritesh.thawkar/Ritesh/self-evolving-uug/runs/final/E2_understanding_only/iter_log.jsonl,proposer,kl_loss,0.0,,0.0,-0.9795020957765505,-0.9647437338918685,0.001,0.001,True,
345,stage1_understanding,understanding,/Users/ritesh.thawkar/Ritesh/self-evolving-uug/runs/final/E2_understanding_only/iter_log.jsonl,proposer,grpo_loss,-0.828125,,0.0,0.891503439373046,0.16379214338627912,0.001,0.001,True,
345,stage1_understanding,understanding,/Users/ritesh.thawkar/Ritesh/self-evolving-uug/runs/final/E2_understanding_only/iter_log.jsonl,proposer,kl_loss,0.0,,0.0,0.891503439373046,0.16379214338627912,0.001,0.001,True,
346,stage1_understanding,understanding,/Users/ritesh.thawkar/Ritesh/self-evolving-uug/runs/final/E2_understanding_only/iter_log.jsonl,proposer,grpo_loss,0.40625,,0.0,-0.44696022016039677,-0.42461221362197915,0.001,0.001,True,
346,stage1_understanding,understanding,/Users/ritesh.thawkar/Ritesh/self-evolving-uug/runs/final/E2_understanding_only/iter_log.jsonl,proposer,kl_loss,0.0,,0.0,-0.44696022016039677,-0.42461221362197915,0.001,0.001,True,
347,stage1_understanding,understanding,/Users/ritesh.thawkar/Ritesh/self-evolving-uug/runs/final/E2_understanding_only/iter_log.jsonl,proposer,grpo_loss,0.8841146230697632,,0.0,-0.9552468968534839,-0.9700504393272765,0.001,0.001,True,
347,stage1_understanding,understanding,/Users/ritesh.thawkar/Ritesh/self-evolving-uug/runs/final/E2_understanding_only/iter_log.jsonl,proposer,kl_loss,0.0,,0.0,-0.9552468968534839,-0.9700504393272765,0.001,0.001,True,
348,stage1_understanding,understanding,/Users/ritesh.thawkar/Ritesh/self-evolving-uug/runs/final/E2_understanding_only/iter_log.jsonl,proposer,grpo_loss,0.4049479365348816,,0.0,-0.446944054950436,-0.42459685667235475,0.001,0.001,True,
348,stage1_understanding,understanding,/Users/ritesh.thawkar/Ritesh/self-evolving-uug/runs/final/E2_understanding_only/iter_log.jsonl,proposer,kl_loss,0.0,,0.0,-0.446944054950436,-0.42459685667235475,0.001,0.001,True,
349,stage1_understanding,understanding,/Users/ritesh.thawkar/Ritesh/self-evolving-uug/runs/final/E2_understanding_only/iter_log.jsonl,proposer,grpo_loss,0.8033854365348816,,0.0,-0.8771929732225301,-0.8333333333333334,0.001,0.001,True,
349,stage1_understanding,understanding,/Users/ritesh.thawkar/Ritesh/self-evolving-uug/runs/final/E2_understanding_only/iter_log.jsonl,proposer,kl_loss,0.0,,0.0,-0.8771929732225301,-0.8333333333333334,0.001,0.001,True,
350,stage1_understanding,understanding,/Users/ritesh.thawkar/Ritesh/self-evolving-uug/runs/final/E2_understanding_only/iter_log.jsonl,proposer,grpo_loss,0.20947265625,,0.0,-0.22658094386610936,-0.2152518989386133,0.001,0.001,True,
350,stage1_understanding,understanding,/Users/ritesh.thawkar/Ritesh/self-evolving-uug/runs/final/E2_understanding_only/iter_log.jsonl,proposer,kl_loss,0.0,,0.0,-0.22658094386610936,-0.2152518989386133,0.001,0.001,True,
351,stage1_understanding,understanding,/Users/ritesh.thawkar/Ritesh/self-evolving-uug/runs/final/E2_understanding_only/iter_log.jsonl,proposer,grpo_loss,0.63671875,,0.0,-0.6929250330509337,-1.2204189333823718,0.001,0.001,True,
351,stage1_understanding,understanding,/Users/ritesh.thawkar/Ritesh/self-evolving-uug/runs/final/E2_understanding_only/iter_log.jsonl,proposer,kl_loss,0.0,,0.0,-0.6929250330509337,-1.2204189333823718,0.001,0.001,True,
352,stage1_understanding,understanding,/Users/ritesh.thawkar/Ritesh/self-evolving-uug/runs/final/E2_understanding_only/iter_log.jsonl,proposer,grpo_loss,0.3473714292049408,,0.0,-0.3743450210276151,-0.541858212948417,0.001,0.001,True,
352,stage1_understanding,understanding,/Users/ritesh.thawkar/Ritesh/self-evolving-uug/runs/final/E2_understanding_only/iter_log.jsonl,proposer,kl_loss,0.0,,0.0,-0.3743450210276151,-0.541858212948417,0.001,0.001,True,
353,stage1_understanding,understanding,/Users/ritesh.thawkar/Ritesh/self-evolving-uug/runs/final/E2_understanding_only/iter_log.jsonl,proposer,grpo_loss,0.1158854216337204,,0.0,-0.1300528748098091,-0.04206292737413886,0.001,0.001,True,
353,stage1_understanding,understanding,/Users/ritesh.thawkar/Ritesh/self-evolving-uug/runs/final/E2_understanding_only/iter_log.jsonl,proposer,kl_loss,0.0,,0.0,-0.1300528748098091,-0.04206292737413886,0.001,0.001,True,
354,stage1_understanding,understanding,/Users/ritesh.thawkar/Ritesh/self-evolving-uug/runs/final/E2_understanding_only/iter_log.jsonl,proposer,grpo_loss,0.8463541865348816,,0.0,-0.9266578499138088,-0.880324966684697,0.001,0.001,True,
354,stage1_understanding,understanding,/Users/ritesh.thawkar/Ritesh/self-evolving-uug/runs/final/E2_understanding_only/iter_log.jsonl,proposer,kl_loss,0.0,,0.0,-0.9266578499138088,-0.880324966684697,0.001,0.001,True,
355,stage1_understanding,understanding,/Users/ritesh.thawkar/Ritesh/self-evolving-uug/runs/final/E2_understanding_only/iter_log.jsonl,proposer,grpo_loss,0.796875,,0.0,-0.8771929732225301,-0.8333333333333334,0.001,0.001,True,
355,stage1_understanding,understanding,/Users/ritesh.thawkar/Ritesh/self-evolving-uug/runs/final/E2_understanding_only/iter_log.jsonl,proposer,kl_loss,0.0,,0.0,-0.8771929732225301,-0.8333333333333334,0.001,0.001,True,
356,stage1_understanding,understanding,/Users/ritesh.thawkar/Ritesh/self-evolving-uug/runs/final/E2_understanding_only/iter_log.jsonl,proposer,grpo_loss,-0.1975911557674408,,0.0,0.21087688246379507,0.03407220830299362,0.001,0.001,True,
356,stage1_understanding,understanding,/Users/ritesh.thawkar/Ritesh/self-evolving-uug/runs/final/E2_understanding_only/iter_log.jsonl,proposer,kl_loss,0.0,,0.0,0.21087688246379507,0.03407220830299362,0.001,0.001,True,
357,stage1_understanding,understanding,/Users/ritesh.thawkar/Ritesh/self-evolving-uug/runs/final/E2_understanding_only/iter_log.jsonl,proposer,grpo_loss,0.8111979365348816,,0.0,-0.8771929732225301,-0.8333333333333334,0.001,0.001,True,
357,stage1_understanding,understanding,/Users/ritesh.thawkar/Ritesh/self-evolving-uug/runs/final/E2_understanding_only/iter_log.jsonl,proposer,kl_loss,0.0,,0.0,-0.8771929732225301,-0.8333333333333334,0.001,0.001,True,
358,stage1_understanding,understanding,/Users/ritesh.thawkar/Ritesh/self-evolving-uug/runs/final/E2_understanding_only/iter_log.jsonl,proposer,grpo_loss,0.7115885615348816,,0.0,-0.7806615892010619,-0.7416285175476247,0.001,0.001,True,
358,stage1_understanding,understanding,/Users/ritesh.thawkar/Ritesh/self-evolving-uug/runs/final/E2_understanding_only/iter_log.jsonl,proposer,kl_loss,0.0,,0.0,-0.7806615892010619,-0.7416285175476247,0.001,0.001,True,
359,stage1_understanding,understanding,/Users/ritesh.thawkar/Ritesh/self-evolving-uug/runs/final/E2_understanding_only/iter_log.jsonl,proposer,grpo_loss,0.2721354365348816,,0.0,-0.28992728899964154,-0.07271818382477428,0.001,0.001,True,
359,stage1_understanding,understanding,/Users/ritesh.thawkar/Ritesh/self-evolving-uug/runs/final/E2_understanding_only/iter_log.jsonl,proposer,kl_loss,0.0,,0.0,-0.28992728899964154,-0.07271818382477428,0.001,0.001,True,
360,stage1_understanding,understanding,/Users/ritesh.thawkar/Ritesh/self-evolving-uug/runs/final/E2_understanding_only/iter_log.jsonl,proposer,grpo_loss,0.5374349355697632,,0.0,-0.5863855485854287,-0.5570662770200128,0.001,0.001,True,
360,stage1_understanding,understanding,/Users/ritesh.thawkar/Ritesh/self-evolving-uug/runs/final/E2_understanding_only/iter_log.jsonl,proposer,kl_loss,0.0,,0.0,-0.5863855485854287,-0.5570662770200128,0.001,0.001,True,
361,stage1_understanding,understanding,/Users/ritesh.thawkar/Ritesh/self-evolving-uug/runs/final/E2_understanding_only/iter_log.jsonl,proposer,grpo_loss,0.8333333730697632,,0.0,-0.9055025814311418,-0.8602274614146106,0.001,0.001,True,
361,stage1_understanding,understanding,/Users/ritesh.thawkar/Ritesh/self-evolving-uug/runs/final/E2_understanding_only/iter_log.jsonl,proposer,kl_loss,0.0,,0.0,-0.9055025814311418,-0.8602274614146106,0.001,0.001,True,
362,stage1_understanding,understanding,/Users/ritesh.thawkar/Ritesh/self-evolving-uug/runs/final/E2_understanding_only/iter_log.jsonl,proposer,grpo_loss,-0.3933919370174408,,0.0,0.4365370957039489,0.36068146548242863,0.001,0.001,True,
362,stage1_understanding,understanding,/Users/ritesh.thawkar/Ritesh/self-evolving-uug/runs/final/E2_understanding_only/iter_log.jsonl,proposer,kl_loss,0.0,,0.0,0.4365370957039489,0.36068146548242863,0.001,0.001,True,
363,stage1_understanding,understanding,/Users/ritesh.thawkar/Ritesh/self-evolving-uug/runs/final/E2_understanding_only/iter_log.jsonl,proposer,grpo_loss,-0.02734375,,0.0,0.02922898505037454,0.0086655246104305,0.001,0.001,True,
363,stage1_understanding,understanding,/Users/ritesh.thawkar/Ritesh/self-evolving-uug/runs/final/E2_understanding_only/iter_log.jsonl,proposer,kl_loss,0.0,,0.0,0.02922898505037454,0.0086655246104305,0.001,0.001,True,
364,stage1_understanding,understanding,/Users/ritesh.thawkar/Ritesh/self-evolving-uug/runs/final/E2_understanding_only/iter_log.jsonl,proposer,grpo_loss,0.5608724355697632,,0.0,-0.5836901427010573,-0.5545056414029058,0.001,0.001,True,
364,stage1_understanding,understanding,/Users/ritesh.thawkar/Ritesh/self-evolving-uug/runs/final/E2_understanding_only/iter_log.jsonl,proposer,kl_loss,0.0,,0.0,-0.5836901427010573,-0.5545056414029058,0.001,0.001,True,
365,stage1_understanding,understanding,/Users/ritesh.thawkar/Ritesh/self-evolving-uug/runs/final/E2_understanding_only/iter_log.jsonl,proposer,grpo_loss,-0.76953125,,0.0,0.832208797858481,0.19543158819254183,0.001,0.001,True,
365,stage1_understanding,understanding,/Users/ritesh.thawkar/Ritesh/self-evolving-uug/runs/final/E2_understanding_only/iter_log.jsonl,proposer,kl_loss,0.0,,0.0,0.832208797858481,0.19543158819254183,0.001,0.001,True,
366,stage1_understanding,understanding,/Users/ritesh.thawkar/Ritesh/self-evolving-uug/runs/final/E2_understanding_only/iter_log.jsonl,proposer,grpo_loss,0.4850260615348816,,0.0,-0.5367737648373899,-0.5099350819632581,0.001,0.001,True,
366,stage1_understanding,understanding,/Users/ritesh.thawkar/Ritesh/self-evolving-uug/runs/final/E2_understanding_only/iter_log.jsonl,proposer,kl_loss,0.0,,0.0,-0.5367737648373899,-0.5099350819632581,0.001,0.001,True,
367,stage1_understanding,understanding,/Users/ritesh.thawkar/Ritesh/self-evolving-uug/runs/final/E2_understanding_only/iter_log.jsonl,proposer,grpo_loss,0.8190104365348816,,0.0,-0.8952105103687281,-1.2013920594223346,0.001,0.001,True,
367,stage1_understanding,understanding,/Users/ritesh.thawkar/Ritesh/self-evolving-uug/runs/final/E2_understanding_only/iter_log.jsonl,proposer,kl_loss,0.0,,0.0,-0.8952105103687281,-1.2013920594223346,0.001,0.001,True,
368,stage1_understanding,understanding,/Users/ritesh.thawkar/Ritesh/self-evolving-uug/runs/final/E2_understanding_only/iter_log.jsonl,proposer,grpo_loss,-0.3597005307674408,,0.0,0.3903744043251694,0.14127185429083292,0.001,0.001,True,
368,stage1_understanding,understanding,/Users/ritesh.thawkar/Ritesh/self-evolving-uug/runs/final/E2_understanding_only/iter_log.jsonl,proposer,kl_loss,0.0,,0.0,0.3903744043251694,0.14127185429083292,0.001,0.001,True,
369,stage1_understanding,understanding,/Users/ritesh.thawkar/Ritesh/self-evolving-uug/runs/final/E2_understanding_only/iter_log.jsonl,proposer,grpo_loss,0.5110677480697632,,0.0,-0.5587351230159946,-0.5307983724525461,0.001,0.001,True,
369,stage1_understanding,understanding,/Users/ritesh.thawkar/Ritesh/self-evolving-uug/runs/final/E2_understanding_only/iter_log.jsonl,proposer,kl_loss,0.0,,0.0,-0.5587351230159946,-0.5307983724525461,0.001,0.001,True,
370,stage1_understanding,understanding,/Users/ritesh.thawkar/Ritesh/self-evolving-uug/runs/final/E2_understanding_only/iter_log.jsonl,proposer,grpo_loss,0.7955729365348816,,0.0,-0.8771929732225301,-0.8333333333333334,0.001,0.001,True,
370,stage1_understanding,understanding,/Users/ritesh.thawkar/Ritesh/self-evolving-uug/runs/final/E2_understanding_only/iter_log.jsonl,proposer,kl_loss,0.0,,0.0,-0.8771929732225301,-0.8333333333333334,0.001,0.001,True,
371,stage1_understanding,understanding,/Users/ritesh.thawkar/Ritesh/self-evolving-uug/runs/final/E2_understanding_only/iter_log.jsonl,proposer,grpo_loss,-0.5205078125,,0.0,0.5630650867431345,0.17284394109877524,0.001,0.001,True,
371,stage1_understanding,understanding,/Users/ritesh.thawkar/Ritesh/self-evolving-uug/runs/final/E2_understanding_only/iter_log.jsonl,proposer,kl_loss,0.0,,0.0,0.5630650867431345,0.17284394109877524,0.001,0.001,True,
372,stage1_understanding,understanding,/Users/ritesh.thawkar/Ritesh/self-evolving-uug/runs/final/E2_understanding_only/iter_log.jsonl,proposer,grpo_loss,0.3190104365348816,,0.0,-0.34216689781037424,-0.25558704164110396,0.001,0.001,True,
372,stage1_understanding,understanding,/Users/ritesh.thawkar/Ritesh/self-evolving-uug/runs/final/E2_understanding_only/iter_log.jsonl,proposer,kl_loss,0.0,,0.0,-0.34216689781037424,-0.25558704164110396,0.001,0.001,True,
373,stage1_understanding,understanding,/Users/ritesh.thawkar/Ritesh/self-evolving-uug/runs/final/E2_understanding_only/iter_log.jsonl,proposer,grpo_loss,-0.1549479216337204,,0.0,0.1749156637912761,0.08233344094961143,0.001,0.001,True,
373,stage1_understanding,understanding,/Users/ritesh.thawkar/Ritesh/self-evolving-uug/runs/final/E2_understanding_only/iter_log.jsonl,proposer,kl_loss,0.0,,0.0,0.1749156637912761,0.08233344094961143,0.001,0.001,True,
374,stage1_understanding,understanding,/Users/ritesh.thawkar/Ritesh/self-evolving-uug/runs/final/E2_understanding_only/iter_log.jsonl,proposer,grpo_loss,-0.1184895858168602,,0.0,0.12315659158689429,0.03914224786996312,0.001,0.001,True,
374,stage1_understanding,understanding,/Users/ritesh.thawkar/Ritesh/self-evolving-uug/runs/final/E2_understanding_only/iter_log.jsonl,proposer,kl_loss,0.0,,0.0,0.12315659158689429,0.03914224786996312,0.001,0.001,True,
375,stage1_understanding,understanding,/Users/ritesh.thawkar/Ritesh/self-evolving-uug/runs/final/E2_understanding_only/iter_log.jsonl,proposer,grpo_loss,0.4811198115348816,,0.0,-0.5276836735154816,-0.5012994951165441,0.001,0.001,True,
375,stage1_understanding,understanding,/Users/ritesh.thawkar/Ritesh/self-evolving-uug/runs/final/E2_understanding_only/iter_log.jsonl,proposer,kl_loss,0.0,,0.0,-0.5276836735154816,-0.5012994951165441,0.001,0.001,True,
376,stage1_understanding,understanding,/Users/ritesh.thawkar/Ritesh/self-evolving-uug/runs/final/E2_understanding_only/iter_log.jsonl,proposer,grpo_loss,0.5345052480697632,,0.0,-0.5763374433413562,-0.5475205769376628,0.001,0.001,True,
376,stage1_understanding,understanding,/Users/ritesh.thawkar/Ritesh/self-evolving-uug/runs/final/E2_understanding_only/iter_log.jsonl,proposer,kl_loss,0.0,,0.0,-0.5763374433413562,-0.5475205769376628,0.001,0.001,True,
377,stage1_understanding,understanding,/Users/ritesh.thawkar/Ritesh/self-evolving-uug/runs/final/E2_understanding_only/iter_log.jsonl,proposer,grpo_loss,0.7486979365348816,,0.0,-0.8189107401700398,-1.2530580681830772,0.001,0.001,True,
377,stage1_understanding,understanding,/Users/ritesh.thawkar/Ritesh/self-evolving-uug/runs/final/E2_understanding_only/iter_log.jsonl,proposer,kl_loss,0.0,,0.0,-0.8189107401700398,-1.2530580681830772,0.001,0.001,True,
378,stage1_understanding,understanding,/Users/ritesh.thawkar/Ritesh/self-evolving-uug/runs/final/E2_understanding_only/iter_log.jsonl,proposer,grpo_loss,0.8229166865348816,,0.0,-0.8771929732225301,-0.8333333333333334,0.001,0.001,True,
378,stage1_understanding,understanding,/Users/ritesh.thawkar/Ritesh/self-evolving-uug/runs/final/E2_understanding_only/iter_log.jsonl,proposer,kl_loss,0.0,,0.0,-0.8771929732225301,-0.8333333333333334,0.001,0.001,True,
379,stage1_understanding,understanding,/Users/ritesh.thawkar/Ritesh/self-evolving-uug/runs/final/E2_understanding_only/iter_log.jsonl,proposer,grpo_loss,0.27197265625,,0.0,-0.2900454126518865,-0.2755431449197463,0.001,0.001,True,
379,stage1_understanding,understanding,/Users/ritesh.thawkar/Ritesh/self-evolving-uug/runs/final/E2_understanding_only/iter_log.jsonl,proposer,kl_loss,0.0,,0.0,-0.2900454126518865,-0.2755431449197463,0.001,0.001,True,
380,stage1_understanding,understanding,/Users/ritesh.thawkar/Ritesh/self-evolving-uug/runs/final/E2_understanding_only/iter_log.jsonl,proposer,grpo_loss,-0.6461588740348816,,0.0,0.6821321040957627,0.1674556156402359,0.001,0.001,True,
380,stage1_understanding,understanding,/Users/ritesh.thawkar/Ritesh/self-evolving-uug/runs/final/E2_understanding_only/iter_log.jsonl,proposer,kl_loss,0.0,,0.0,0.6821321040957627,0.1674556156402359,0.001,0.001,True,
381,stage1_understanding,understanding,/Users/ritesh.thawkar/Ritesh/self-evolving-uug/runs/final/E2_understanding_only/iter_log.jsonl,proposer,grpo_loss,0.2110799252986908,,0.0,-0.22609191518244234,-0.2147873216842394,0.001,0.001,True,
381,stage1_understanding,understanding,/Users/ritesh.thawkar/Ritesh/self-evolving-uug/runs/final/E2_understanding_only/iter_log.jsonl,proposer,kl_loss,0.0,,0.0,-0.22609191518244234,-0.2147873216842394,0.001,0.001,True,
382,stage1_understanding,understanding,/Users/ritesh.thawkar/Ritesh/self-evolving-uug/runs/final/E2_understanding_only/iter_log.jsonl,proposer,grpo_loss,-0.6998698115348816,,0.0,0.7752467458555393,0.24250844540220093,0.001,0.001,True,
382,stage1_understanding,understanding,/Users/ritesh.thawkar/Ritesh/self-evolving-uug/runs/final/E2_understanding_only/iter_log.jsonl,proposer,kl_loss,0.0,,0.0,0.7752467458555393,0.24250844540220093,0.001,0.001,True,
383,stage1_understanding,understanding,/Users/ritesh.thawkar/Ritesh/self-evolving-uug/runs/final/E2_understanding_only/iter_log.jsonl,proposer,grpo_loss,0.80859375,,0.0,-0.8771929732225301,-0.8333333333333334,0.001,0.001,True,
383,stage1_understanding,understanding,/Users/ritesh.thawkar/Ritesh/self-evolving-uug/runs/final/E2_understanding_only/iter_log.jsonl,proposer,kl_loss,0.0,,0.0,-0.8771929732225301,-0.8333333333333334,0.001,0.001,True,
384,stage1_understanding,understanding,/Users/ritesh.thawkar/Ritesh/self-evolving-uug/runs/final/E2_understanding_only/iter_log.jsonl,proposer,grpo_loss,-0.7916666865348816,,0.0,0.8752314792408179,0.27522094594782404,0.001,0.001,True,
384,stage1_understanding,understanding,/Users/ritesh.thawkar/Ritesh/self-evolving-uug/runs/final/E2_understanding_only/iter_log.jsonl,proposer,kl_loss,0.0,,0.0,0.8752314792408179,0.27522094594782404,0.001,0.001,True,
385,stage1_understanding,understanding,/Users/ritesh.thawkar/Ritesh/self-evolving-uug/runs/final/E2_understanding_only/iter_log.jsonl,proposer,grpo_loss,0.1686197966337204,,0.0,-0.17679926423682982,-0.16795930279298096,0.001,0.001,True,
385,stage1_understanding,understanding,/Users/ritesh.thawkar/Ritesh/self-evolving-uug/runs/final/E2_understanding_only/iter_log.jsonl,proposer,kl_loss,0.0,,0.0,-0.17679926423682982,-0.16795930279298096,0.001,0.001,True,
386,stage1_understanding,understanding,/Users/ritesh.thawkar/Ritesh/self-evolving-uug/runs/final/E2_understanding_only/iter_log.jsonl,proposer,grpo_loss,0.8098958730697632,,0.0,-0.8771929732225301,-0.8333333333333334,0.001,0.001,True,
386,stage1_understanding,understanding,/Users/ritesh.thawkar/Ritesh/self-evolving-uug/runs/final/E2_understanding_only/iter_log.jsonl,proposer,kl_loss,0.0,,0.0,-0.8771929732225301,-0.8333333333333334,0.001,0.001,True,
387,stage1_understanding,understanding,/Users/ritesh.thawkar/Ritesh/self-evolving-uug/runs/final/E2_understanding_only/iter_log.jsonl,proposer,grpo_loss,0.80078125,,0.0,-0.8771929732225301,-0.8333333333333334,0.001,0.001,True,
387,stage1_understanding,understanding,/Users/ritesh.thawkar/Ritesh/self-evolving-uug/runs/final/E2_understanding_only/iter_log.jsonl,proposer,kl_loss,0.0,,0.0,-0.8771929732225301,-0.8333333333333334,0.001,0.001,True,
388,stage1_understanding,understanding,/Users/ritesh.thawkar/Ritesh/self-evolving-uug/runs/final/E2_understanding_only/iter_log.jsonl,proposer,grpo_loss,-0.6022135615348816,,0.0,0.6467061172177438,0.14166273012216346,0.001,0.001,True,
388,stage1_understanding,understanding,/Users/ritesh.thawkar/Ritesh/self-evolving-uug/runs/final/E2_understanding_only/iter_log.jsonl,proposer,kl_loss,0.0,,0.0,0.6467061172177438,0.14166273012216346,0.001,0.001,True,
389,stage1_understanding,understanding,/Users/ritesh.thawkar/Ritesh/self-evolving-uug/runs/final/E2_understanding_only/iter_log.jsonl,proposer,grpo_loss,0.5231119990348816,,0.0,-0.5741816551973268,-0.650817809416466,0.001,0.001,True,
389,stage1_understanding,understanding,/Users/ritesh.thawkar/Ritesh/self-evolving-uug/runs/final/E2_understanding_only/iter_log.jsonl,proposer,kl_loss,0.0,,0.0,-0.5741816551973268,-0.650817809416466,0.001,0.001,True,
390,stage1_understanding,understanding,/Users/ritesh.thawkar/Ritesh/self-evolving-uug/runs/final/E2_understanding_only/iter_log.jsonl,proposer,grpo_loss,0.4007161557674408,,0.0,-0.44214021387990354,-0.4200332076073105,0.001,0.001,True,
390,stage1_understanding,understanding,/Users/ritesh.thawkar/Ritesh/self-evolving-uug/runs/final/E2_understanding_only/iter_log.jsonl,proposer,kl_loss,0.0,,0.0,-0.44214021387990354,-0.4200332076073105,0.001,0.001,True,
391,stage1_understanding,understanding,/Users/ritesh.thawkar/Ritesh/self-evolving-uug/runs/final/E2_understanding_only/iter_log.jsonl,proposer,grpo_loss,-0.3255208432674408,,0.0,0.34919911592524794,0.07837617026629529,0.001,0.001,True,
391,stage1_understanding,understanding,/Users/ritesh.thawkar/Ritesh/self-evolving-uug/runs/final/E2_understanding_only/iter_log.jsonl,proposer,kl_loss,0.0,,0.0,0.34919911592524794,0.07837617026629529,0.001,0.001,True,
392,stage1_understanding,understanding,/Users/ritesh.thawkar/Ritesh/self-evolving-uug/runs/final/E2_understanding_only/iter_log.jsonl,proposer,grpo_loss,0.7942708730697632,,0.0,-0.8771929732225301,-0.8333333333333334,0.001,0.001,True,
392,stage1_understanding,understanding,/Users/ritesh.thawkar/Ritesh/self-evolving-uug/runs/final/E2_understanding_only/iter_log.jsonl,proposer,kl_loss,0.0,,0.0,-0.8771929732225301,-0.8333333333333334,0.001,0.001,True,
393,stage1_understanding,understanding,/Users/ritesh.thawkar/Ritesh/self-evolving-uug/runs/final/E2_understanding_only/iter_log.jsonl,proposer,grpo_loss,0.7942708730697632,,0.0,-0.8771929732225301,-0.8333333333333334,0.001,0.001,True,
393,stage1_understanding,understanding,/Users/ritesh.thawkar/Ritesh/self-evolving-uug/runs/final/E2_understanding_only/iter_log.jsonl,proposer,kl_loss,0.0,,0.0,-0.8771929732225301,-0.8333333333333334,0.001,0.001,True,
394,stage1_understanding,understanding,/Users/ritesh.thawkar/Ritesh/self-evolving-uug/runs/final/E2_understanding_only/iter_log.jsonl,proposer,grpo_loss,0.8216146230697632,,0.0,-0.8771929732225301,-0.8333333333333334,0.001,0.001,True,
394,stage1_understanding,understanding,/Users/ritesh.thawkar/Ritesh/self-evolving-uug/runs/final/E2_understanding_only/iter_log.jsonl,proposer,kl_loss,0.0,,0.0,-0.8771929732225301,-0.8333333333333334,0.001,0.001,True,
395,stage1_understanding,understanding,/Users/ritesh.thawkar/Ritesh/self-evolving-uug/runs/final/E2_understanding_only/iter_log.jsonl,proposer,grpo_loss,0.8020833730697632,,0.0,-0.8771929732225301,-0.8333333333333334,0.001,0.001,True,
395,stage1_understanding,understanding,/Users/ritesh.thawkar/Ritesh/self-evolving-uug/runs/final/E2_understanding_only/iter_log.jsonl,proposer,kl_loss,0.0,,0.0,-0.8771929732225301,-0.8333333333333334,0.001,0.001,True,
396,stage1_understanding,understanding,/Users/ritesh.thawkar/Ritesh/self-evolving-uug/runs/final/E2_understanding_only/iter_log.jsonl,proposer,grpo_loss,0.612060546875,,0.0,-0.656990362452048,-0.6241408508993492,0.001,0.001,True,
396,stage1_understanding,understanding,/Users/ritesh.thawkar/Ritesh/self-evolving-uug/runs/final/E2_understanding_only/iter_log.jsonl,proposer,kl_loss,0.0,,0.0,-0.656990362452048,-0.6241408508993492,0.001,0.001,True,
397,stage1_understanding,understanding,/Users/ritesh.thawkar/Ritesh/self-evolving-uug/runs/final/E2_understanding_only/iter_log.jsonl,proposer,grpo_loss,0.8020833730697632,,0.0,-0.8771929732225301,-0.8333333333333334,0.001,0.001,True,
397,stage1_understanding,understanding,/Users/ritesh.thawkar/Ritesh/self-evolving-uug/runs/final/E2_understanding_only/iter_log.jsonl,proposer,kl_loss,0.0,,0.0,-0.8771929732225301,-0.8333333333333334,0.001,0.001,True,
398,stage1_understanding,understanding,/Users/ritesh.thawkar/Ritesh/self-evolving-uug/runs/final/E2_understanding_only/iter_log.jsonl,proposer,grpo_loss,0.82421875,,0.0,-0.9095746813819354,-0.8640959564085855,0.001,0.001,True,
398,stage1_understanding,understanding,/Users/ritesh.thawkar/Ritesh/self-evolving-uug/runs/final/E2_understanding_only/iter_log.jsonl,proposer,kl_loss,0.0,,0.0,-0.9095746813819354,-0.8640959564085855,0.001,0.001,True,
399,stage1_understanding,understanding,/Users/ritesh.thawkar/Ritesh/self-evolving-uug/runs/final/E2_understanding_only/iter_log.jsonl,proposer,grpo_loss,0.8255208730697632,,0.0,-0.9007461845953872,-0.8557088843730799,0.001,0.001,True,
399,stage1_understanding,understanding,/Users/ritesh.thawkar/Ritesh/self-evolving-uug/runs/final/E2_understanding_only/iter_log.jsonl,proposer,kl_loss,0.0,,0.0,-0.9007461845953872,-0.8557088843730799,0.001,0.001,True,
400,stage1_understanding,understanding,/Users/ritesh.thawkar/Ritesh/self-evolving-uug/runs/final/E2_understanding_only/iter_log.jsonl,proposer,grpo_loss,0.6004232168197632,,0.0,-0.65018625489916,-0.6176769486560646,0.001,0.001,True,
400,stage1_understanding,understanding,/Users/ritesh.thawkar/Ritesh/self-evolving-uug/runs/final/E2_understanding_only/iter_log.jsonl,proposer,kl_loss,0.0,,0.0,-0.65018625489916,-0.6176769486560646,0.001,0.001,True,
401,stage1_understanding,understanding,/Users/ritesh.thawkar/Ritesh/self-evolving-uug/runs/final/E2_understanding_only/iter_log.jsonl,proposer,grpo_loss,0.7942708730697632,,0.0,-0.8771929732225301,-0.8333333333333334,0.001,0.001,True,
401,stage1_understanding,understanding,/Users/ritesh.thawkar/Ritesh/self-evolving-uug/runs/final/E2_understanding_only/iter_log.jsonl,proposer,kl_loss,0.0,,0.0,-0.8771929732225301,-0.8333333333333334,0.001,0.001,True,
402,stage1_understanding,understanding,/Users/ritesh.thawkar/Ritesh/self-evolving-uug/runs/final/E2_understanding_only/iter_log.jsonl,proposer,grpo_loss,-0.4440104365348816,,0.0,0.5013442565538874,0.09640487754243969,0.001,0.001,True,
402,stage1_understanding,understanding,/Users/ritesh.thawkar/Ritesh/self-evolving-uug/runs/final/E2_understanding_only/iter_log.jsonl,proposer,kl_loss,0.0,,0.0,0.5013442565538874,0.09640487754243969,0.001,0.001,True,
403,stage1_understanding,understanding,/Users/ritesh.thawkar/Ritesh/self-evolving-uug/runs/final/E2_understanding_only/iter_log.jsonl,proposer,grpo_loss,0.8229166865348816,,0.0,-0.8771929732225301,-0.8333333333333334,0.001,0.001,True,
403,stage1_understanding,understanding,/Users/ritesh.thawkar/Ritesh/self-evolving-uug/runs/final/E2_understanding_only/iter_log.jsonl,proposer,kl_loss,0.0,,0.0,-0.8771929732225301,-0.8333333333333334,0.001,0.001,True,
404,stage1_understanding,understanding,/Users/ritesh.thawkar/Ritesh/self-evolving-uug/runs/final/E2_understanding_only/iter_log.jsonl,proposer,grpo_loss,0.7825521230697632,,0.0,-0.8771929732225301,-0.8333333333333334,0.001,0.001,True,
404,stage1_understanding,understanding,/Users/ritesh.thawkar/Ritesh/self-evolving-uug/runs/final/E2_understanding_only/iter_log.jsonl,proposer,kl_loss,0.0,,0.0,-0.8771929732225301,-0.8333333333333334,0.001,0.001,True,
405,stage1_understanding,understanding,/Users/ritesh.thawkar/Ritesh/self-evolving-uug/runs/final/E2_understanding_only/iter_log.jsonl,proposer,grpo_loss,0.7942708730697632,,0.0,-0.8771929732225301,-0.8333333333333334,0.001,0.001,True,
405,stage1_understanding,understanding,/Users/ritesh.thawkar/Ritesh/self-evolving-uug/runs/final/E2_understanding_only/iter_log.jsonl,proposer,kl_loss,0.0,,0.0,-0.8771929732225301,-0.8333333333333334,0.001,0.001,True,
406,stage1_understanding,understanding,/Users/ritesh.thawkar/Ritesh/self-evolving-uug/runs/final/E2_understanding_only/iter_log.jsonl,proposer,grpo_loss,0.5,,0.0,-0.5567368156051797,-0.5288999803922888,0.001,0.001,True,
406,stage1_understanding,understanding,/Users/ritesh.thawkar/Ritesh/self-evolving-uug/runs/final/E2_understanding_only/iter_log.jsonl,proposer,kl_loss,0.0,,0.0,-0.5567368156051797,-0.5288999803922888,0.001,0.001,True,
407,stage1_understanding,understanding,/Users/ritesh.thawkar/Ritesh/self-evolving-uug/runs/final/E2_understanding_only/iter_log.jsonl,proposer,grpo_loss,-0.61865234375,,0.0,0.6545436464837335,0.20765766797792914,0.001,0.001,True,
407,stage1_understanding,understanding,/Users/ritesh.thawkar/Ritesh/self-evolving-uug/runs/final/E2_understanding_only/iter_log.jsonl,proposer,kl_loss,0.0,,0.0,0.6545436464837335,0.20765766797792914,0.001,0.001,True,
408,stage1_understanding,understanding,/Users/ritesh.thawkar/Ritesh/self-evolving-uug/runs/final/E2_understanding_only/iter_log.jsonl,proposer,grpo_loss,0.8111979365348816,,0.0,-0.8771929732225301,-0.8333333333333334,0.001,0.001,True,
408,stage1_understanding,understanding,/Users/ritesh.thawkar/Ritesh/self-evolving-uug/runs/final/E2_understanding_only/iter_log.jsonl,proposer,kl_loss,0.0,,0.0,-0.8771929732225301,-0.8333333333333334,0.001,0.001,True,
409,stage1_understanding,understanding,/Users/ritesh.thawkar/Ritesh/self-evolving-uug/runs/final/E2_understanding_only/iter_log.jsonl,proposer,grpo_loss,0.5192057490348816,,0.0,-0.5790268591061699,-0.5500755219411301,0.001,0.001,True,
409,stage1_understanding,understanding,/Users/ritesh.thawkar/Ritesh/self-evolving-uug/runs/final/E2_understanding_only/iter_log.jsonl,proposer,kl_loss,0.0,,0.0,-0.5790268591061699,-0.5500755219411301,0.001,0.001,True,
410,stage1_understanding,understanding,/Users/ritesh.thawkar/Ritesh/self-evolving-uug/runs/final/E2_understanding_only/iter_log.jsonl,proposer,grpo_loss,-0.4127604365348816,,0.0,0.4681130701657632,0.11515255822900265,0.001,0.001,True,
410,stage1_understanding,understanding,/Users/ritesh.thawkar/Ritesh/self-evolving-uug/runs/final/E2_understanding_only/iter_log.jsonl,proposer,kl_loss,0.0,,0.0,0.4681130701657632,0.11515255822900265,0.001,0.001,True,
411,stage1_understanding,understanding,/Users/ritesh.thawkar/Ritesh/self-evolving-uug/runs/final/E2_understanding_only/iter_log.jsonl,proposer,grpo_loss,0.73828125,,0.0,-0.8099909342981636,-0.4804616906167731,0.001,0.001,True,
411,stage1_understanding,understanding,/Users/ritesh.thawkar/Ritesh/self-evolving-uug/runs/final/E2_understanding_only/iter_log.jsonl,proposer,kl_loss,0.0,,0.0,-0.8099909342981636,-0.4804616906167731,0.001,0.001,True,
412,stage1_understanding,understanding,/Users/ritesh.thawkar/Ritesh/self-evolving-uug/runs/final/E2_understanding_only/iter_log.jsonl,proposer,grpo_loss,0.1871744841337204,,0.0,-0.20489612648289235,-0.194651322207709,0.001,0.001,True,
412,stage1_understanding,understanding,/Users/ritesh.thawkar/Ritesh/self-evolving-uug/runs/final/E2_understanding_only/iter_log.jsonl,proposer,kl_loss,0.0,,0.0,-0.20489612648289235,-0.194651322207709,0.001,0.001,True,
413,stage1_understanding,understanding,/Users/ritesh.thawkar/Ritesh/self-evolving-uug/runs/final/E2_understanding_only/iter_log.jsonl,proposer,grpo_loss,0.1663411557674408,,0.0,-0.18726837746183933,-0.11880460139766669,0.001,0.001,True,
413,stage1_understanding,understanding,/Users/ritesh.thawkar/Ritesh/self-evolving-uug/runs/final/E2_understanding_only/iter_log.jsonl,proposer,kl_loss,0.0,,0.0,-0.18726837746183933,-0.11880460139766669,0.001,0.001,True,
414,stage1_understanding,understanding,/Users/ritesh.thawkar/Ritesh/self-evolving-uug/runs/final/E2_understanding_only/iter_log.jsonl,proposer,grpo_loss,0.4544270932674408,,0.0,-0.49311008110532684,-0.14800974002121814,0.001,0.001,True,
414,stage1_understanding,understanding,/Users/ritesh.thawkar/Ritesh/self-evolving-uug/runs/final/E2_understanding_only/iter_log.jsonl,proposer,kl_loss,0.0,,0.0,-0.49311008110532684,-0.14800974002121814,0.001,0.001,True,
415,stage1_understanding,understanding,/Users/ritesh.thawkar/Ritesh/self-evolving-uug/runs/final/E2_understanding_only/iter_log.jsonl,proposer,grpo_loss,0.7903646230697632,,0.0,-0.8771929732225301,-0.8333333333333334,0.001,0.001,True,
415,stage1_understanding,understanding,/Users/ritesh.thawkar/Ritesh/self-evolving-uug/runs/final/E2_understanding_only/iter_log.jsonl,proposer,kl_loss,0.0,,0.0,-0.8771929732225301,-0.8333333333333334,0.001,0.001,True,
416,stage1_understanding,understanding,/Users/ritesh.thawkar/Ritesh/self-evolving-uug/runs/final/E2_understanding_only/iter_log.jsonl,proposer,grpo_loss,0.01009114645421505,,0.0,-0.016042051222334448,-0.015239948821638224,0.001,0.001,True,
416,stage1_understanding,understanding,/Users/ritesh.thawkar/Ritesh/self-evolving-uug/runs/final/E2_understanding_only/iter_log.jsonl,proposer,kl_loss,0.0,,0.0,-0.016042051222334448,-0.015239948821638224,0.001,0.001,True,
417,stage1_understanding,understanding,/Users/ritesh.thawkar/Ritesh/self-evolving-uug/runs/final/E2_understanding_only/iter_log.jsonl,proposer,grpo_loss,0.203125,,0.0,-0.2222368825401344,-0.29908256017264606,0.001,0.001,True,
417,stage1_understanding,understanding,/Users/ritesh.thawkar/Ritesh/self-evolving-uug/runs/final/E2_understanding_only/iter_log.jsonl,proposer,kl_loss,0.0,,0.0,-0.2222368825401344,-0.29908256017264606,0.001,0.001,True,
418,stage1_understanding,understanding,/Users/ritesh.thawkar/Ritesh/self-evolving-uug/runs/final/E2_understanding_only/iter_log.jsonl,proposer,grpo_loss,0.7825521230697632,,0.0,-0.8771929732225301,-0.8333333333333334,0.001,0.001,True,
418,stage1_understanding,understanding,/Users/ritesh.thawkar/Ritesh/self-evolving-uug/runs/final/E2_understanding_only/iter_log.jsonl,proposer,kl_loss,0.0,,0.0,-0.8771929732225301,-0.8333333333333334,0.001,0.001,True,
419,stage1_understanding,understanding,/Users/ritesh.thawkar/Ritesh/self-evolving-uug/runs/final/E2_understanding_only/iter_log.jsonl,proposer,grpo_loss,0.796875,,0.0,-0.8771929732225301,-0.8333333333333334,0.001,0.001,True,
419,stage1_understanding,understanding,/Users/ritesh.thawkar/Ritesh/self-evolving-uug/runs/final/E2_understanding_only/iter_log.jsonl,proposer,kl_loss,0.0,,0.0,-0.8771929732225301,-0.8333333333333334,0.001,0.001,True,
420,stage1_understanding,understanding,/Users/ritesh.thawkar/Ritesh/self-evolving-uug/runs/final/E2_understanding_only/iter_log.jsonl,proposer,grpo_loss,0.8268229365348816,,0.0,-0.8771929732225301,-0.8333333333333334,0.001,0.001,True,
420,stage1_understanding,understanding,/Users/ritesh.thawkar/Ritesh/self-evolving-uug/runs/final/E2_understanding_only/iter_log.jsonl,proposer,kl_loss,0.0,,0.0,-0.8771929732225301,-0.8333333333333334,0.001,0.001,True,
421,stage1_understanding,understanding,/Users/ritesh.thawkar/Ritesh/self-evolving-uug/runs/final/E2_understanding_only/iter_log.jsonl,proposer,grpo_loss,0.021484375,,0.0,-0.02986006355329977,-0.008313580823348876,0.001,0.001,True,
421,stage1_understanding,understanding,/Users/ritesh.thawkar/Ritesh/self-evolving-uug/runs/final/E2_understanding_only/iter_log.jsonl,proposer,kl_loss,0.0,,0.0,-0.02986006355329977,-0.008313580823348876,0.001,0.001,True,
422,stage1_understanding,understanding,/Users/ritesh.thawkar/Ritesh/self-evolving-uug/runs/final/E2_understanding_only/iter_log.jsonl,proposer,grpo_loss,0.1979166716337204,,0.0,-0.22371386313448113,-0.2125281722148957,0.001,0.001,True,
422,stage1_understanding,understanding,/Users/ritesh.thawkar/Ritesh/self-evolving-uug/runs/final/E2_understanding_only/iter_log.jsonl,proposer,kl_loss,0.0,,0.0,-0.22371386313448113,-0.2125281722148957,0.001,0.001,True,
423,stage1_understanding,understanding,/Users/ritesh.thawkar/Ritesh/self-evolving-uug/runs/final/E2_understanding_only/iter_log.jsonl,proposer,grpo_loss,0.79296875,,0.0,-0.8771929732225301,-0.8333333333333334,0.001,0.001,True,
423,stage1_understanding,understanding,/Users/ritesh.thawkar/Ritesh/self-evolving-uug/runs/final/E2_understanding_only/iter_log.jsonl,proposer,kl_loss,0.0,,0.0,-0.8771929732225301,-0.8333333333333334,0.001,0.001,True,
424,stage1_understanding,understanding,/Users/ritesh.thawkar/Ritesh/self-evolving-uug/runs/final/E2_understanding_only/iter_log.jsonl,proposer,grpo_loss,0.5670573115348816,,0.0,-0.6207780809529863,-0.5897391831131178,0.001,0.001,True,
424,stage1_understanding,understanding,/Users/ritesh.thawkar/Ritesh/self-evolving-uug/runs/final/E2_understanding_only/iter_log.jsonl,proposer,kl_loss,0.0,,0.0,-0.6207780809529863,-0.5897391831131178,0.001,0.001,True,
425,stage1_understanding,understanding,/Users/ritesh.thawkar/Ritesh/self-evolving-uug/runs/final/E2_understanding_only/iter_log.jsonl,proposer,grpo_loss,0.7877604365348816,,0.0,-0.8771929732225301,-0.8333333333333334,0.001,0.001,True,
425,stage1_understanding,understanding,/Users/ritesh.thawkar/Ritesh/self-evolving-uug/runs/final/E2_understanding_only/iter_log.jsonl,proposer,kl_loss,0.0,,0.0,-0.8771929732225301,-0.8333333333333334,0.001,0.001,True,
426,stage1_understanding,understanding,/Users/ritesh.thawkar/Ritesh/self-evolving-uug/runs/final/E2_understanding_only/iter_log.jsonl,proposer,grpo_loss,0.1106770858168602,,0.0,-0.12796183937662578,-0.04348505275408595,0.001,0.001,True,
426,stage1_understanding,understanding,/Users/ritesh.thawkar/Ritesh/self-evolving-uug/runs/final/E2_understanding_only/iter_log.jsonl,proposer,kl_loss,0.0,,0.0,-0.12796183937662578,-0.04348505275408595,0.001,0.001,True,
427,stage1_understanding,understanding,/Users/ritesh.thawkar/Ritesh/self-evolving-uug/runs/final/E2_understanding_only/iter_log.jsonl,proposer,grpo_loss,0.4635416865348816,,0.0,-0.5058357119074767,-0.2022576755199359,0.001,0.001,True,
427,stage1_understanding,understanding,/Users/ritesh.thawkar/Ritesh/self-evolving-uug/runs/final/E2_understanding_only/iter_log.jsonl,proposer,kl_loss,0.0,,0.0,-0.5058357119074767,-0.2022576755199359,0.001,0.001,True,
428,stage1_understanding,understanding,/Users/ritesh.thawkar/Ritesh/self-evolving-uug/runs/final/E2_understanding_only/iter_log.jsonl,proposer,grpo_loss,0.8138021230697632,,0.0,-0.8771929732225301,-0.8333333333333334,0.001,0.001,True,
428,stage1_understanding,understanding,/Users/ritesh.thawkar/Ritesh/self-evolving-uug/runs/final/E2_understanding_only/iter_log.jsonl,proposer,kl_loss,0.0,,0.0,-0.8771929732225301,-0.8333333333333334,0.001,0.001,True,
429,stage1_understanding,understanding,/Users/ritesh.thawkar/Ritesh/self-evolving-uug/runs/final/E2_understanding_only/iter_log.jsonl,proposer,grpo_loss,0.7734375,,0.0,-0.8771929732225301,-0.8333333333333334,0.001,0.001,True,
429,stage1_understanding,understanding,/Users/ritesh.thawkar/Ritesh/self-evolving-uug/runs/final/E2_understanding_only/iter_log.jsonl,proposer,kl_loss,0.0,,0.0,-0.8771929732225301,-0.8333333333333334,0.001,0.001,True,
430,stage1_understanding,understanding,/Users/ritesh.thawkar/Ritesh/self-evolving-uug/runs/final/E2_understanding_only/iter_log.jsonl,proposer,grpo_loss,0.240966796875,,0.0,-0.26537622481763,-0.25210741623051075,0.001,0.001,True,
430,stage1_understanding,understanding,/Users/ritesh.thawkar/Ritesh/self-evolving-uug/runs/final/E2_understanding_only/iter_log.jsonl,proposer,kl_loss,0.0,,0.0,-0.26537622481763,-0.25210741623051075,0.001,0.001,True,
431,stage1_understanding,understanding,/Users/ritesh.thawkar/Ritesh/self-evolving-uug/runs/final/E2_understanding_only/iter_log.jsonl,proposer,grpo_loss,0.8515625,,0.0,-0.9514308339991991,-0.9038593018135476,0.001,0.001,True,
431,stage1_understanding,understanding,/Users/ritesh.thawkar/Ritesh/self-evolving-uug/runs/final/E2_understanding_only/iter_log.jsonl,proposer,kl_loss,0.0,,0.0,-0.9514308339991991,-0.9038593018135476,0.001,0.001,True,
432,stage1_understanding,understanding,/Users/ritesh.thawkar/Ritesh/self-evolving-uug/runs/final/E2_understanding_only/iter_log.jsonl,proposer,grpo_loss,0.7734375,,0.0,-0.8428256002115059,-0.8006843286291865,0.001,0.001,True,
432,stage1_understanding,understanding,/Users/ritesh.thawkar/Ritesh/self-evolving-uug/runs/final/E2_understanding_only/iter_log.jsonl,proposer,kl_loss,0.0,,0.0,-0.8428256002115059,-0.8006843286291865,0.001,0.001,True,
433,stage1_understanding,understanding,/Users/ritesh.thawkar/Ritesh/self-evolving-uug/runs/final/E2_understanding_only/iter_log.jsonl,proposer,grpo_loss,0.7786458730697632,,0.0,-0.8771929732225301,-0.8333333333333334,0.001,0.001,True,
433,stage1_understanding,understanding,/Users/ritesh.thawkar/Ritesh/self-evolving-uug/runs/final/E2_understanding_only/iter_log.jsonl,proposer,kl_loss,0.0,,0.0,-0.8771929732225301,-0.8333333333333334,0.001,0.001,True,
434,stage1_understanding,understanding,/Users/ritesh.thawkar/Ritesh/self-evolving-uug/runs/final/E2_understanding_only/iter_log.jsonl,proposer,grpo_loss,0.0240885429084301,,0.0,-0.021755386971265556,-0.02066761784025613,0.001,0.001,True,
434,stage1_understanding,understanding,/Users/ritesh.thawkar/Ritesh/self-evolving-uug/runs/final/E2_understanding_only/iter_log.jsonl,proposer,kl_loss,0.0,,0.0,-0.021755386971265556,-0.02066761784025613,0.001,0.001,True,
435,stage1_understanding,understanding,/Users/ritesh.thawkar/Ritesh/self-evolving-uug/runs/final/E2_understanding_only/iter_log.jsonl,proposer,grpo_loss,0.5091146230697632,,0.0,-0.5622279965655865,-0.5764940689659226,0.001,0.001,True,
435,stage1_understanding,understanding,/Users/ritesh.thawkar/Ritesh/self-evolving-uug/runs/final/E2_understanding_only/iter_log.jsonl,proposer,kl_loss,0.0,,0.0,-0.5622279965655865,-0.5764940689659226,0.001,0.001,True,
436,stage1_understanding,understanding,/Users/ritesh.thawkar/Ritesh/self-evolving-uug/runs/final/E2_understanding_only/iter_log.jsonl,proposer,grpo_loss,0.80078125,,0.0,-0.8771929732225301,-0.8333333333333334,0.001,0.001,True,
436,stage1_understanding,understanding,/Users/ritesh.thawkar/Ritesh/self-evolving-uug/runs/final/E2_understanding_only/iter_log.jsonl,proposer,kl_loss,0.0,,0.0,-0.8771929732225301,-0.8333333333333334,0.001,0.001,True,
437,stage1_understanding,understanding,/Users/ritesh.thawkar/Ritesh/self-evolving-uug/runs/final/E2_understanding_only/iter_log.jsonl,proposer,grpo_loss,0.4205729365348816,,0.0,-0.47698876612268365,-0.11309926649600577,0.001,0.001,True,
437,stage1_understanding,understanding,/Users/ritesh.thawkar/Ritesh/self-evolving-uug/runs/final/E2_understanding_only/iter_log.jsonl,proposer,kl_loss,0.0,,0.0,-0.47698876612268365,-0.11309926649600577,0.001,0.001,True,
438,stage1_understanding,understanding,/Users/ritesh.thawkar/Ritesh/self-evolving-uug/runs/final/E2_understanding_only/iter_log.jsonl,proposer,grpo_loss,-0.8111979365348816,,0.0,0.8923115125645117,0.2767148456007287,0.001,0.001,True,
438,stage1_understanding,understanding,/Users/ritesh.thawkar/Ritesh/self-evolving-uug/runs/final/E2_understanding_only/iter_log.jsonl,proposer,kl_loss,0.0,,0.0,0.8923115125645117,0.2767148456007287,0.001,0.001,True,
439,stage1_understanding,understanding,/Users/ritesh.thawkar/Ritesh/self-evolving-uug/runs/final/E2_understanding_only/iter_log.jsonl,proposer,grpo_loss,0.4420573115348816,,0.0,-0.4933984061283742,-0.10949977426917001,0.001,0.001,True,
439,stage1_understanding,understanding,/Users/ritesh.thawkar/Ritesh/self-evolving-uug/runs/final/E2_understanding_only/iter_log.jsonl,proposer,kl_loss,0.0,,0.0,-0.4933984061283742,-0.10949977426917001,0.001,0.001,True,
440,stage1_understanding,understanding,/Users/ritesh.thawkar/Ritesh/self-evolving-uug/runs/final/E2_understanding_only/iter_log.jsonl,proposer,grpo_loss,0.875,,0.0,-0.9818475781935511,-0.9192247084294011,0.001,0.001,True,
440,stage1_understanding,understanding,/Users/ritesh.thawkar/Ritesh/self-evolving-uug/runs/final/E2_understanding_only/iter_log.jsonl,proposer,kl_loss,0.0,,0.0,-0.9818475781935511,-0.9192247084294011,0.001,0.001,True,
441,stage1_understanding,understanding,/Users/ritesh.thawkar/Ritesh/self-evolving-uug/runs/final/E2_understanding_only/iter_log.jsonl,proposer,grpo_loss,0.7760416865348816,,0.0,-0.8771929732225301,-0.8333333333333334,0.001,0.001,True,
441,stage1_understanding,understanding,/Users/ritesh.thawkar/Ritesh/self-evolving-uug/runs/final/E2_understanding_only/iter_log.jsonl,proposer,kl_loss,0.0,,0.0,-0.8771929732225301,-0.8333333333333334,0.001,0.001,True,
442,stage1_understanding,understanding,/Users/ritesh.thawkar/Ritesh/self-evolving-uug/runs/final/E2_understanding_only/iter_log.jsonl,proposer,grpo_loss,0.78515625,,0.0,-0.8771929732225301,-0.8333333333333334,0.001,0.001,True,
442,stage1_understanding,understanding,/Users/ritesh.thawkar/Ritesh/self-evolving-uug/runs/final/E2_understanding_only/iter_log.jsonl,proposer,kl_loss,0.0,,0.0,-0.8771929732225301,-0.8333333333333334,0.001,0.001,True,
443,stage1_understanding,understanding,/Users/ritesh.thawkar/Ritesh/self-evolving-uug/runs/final/E2_understanding_only/iter_log.jsonl,proposer,grpo_loss,0.7057291865348816,,0.0,-0.7887103485002807,-1.2575997991169314,0.001,0.001,True,
443,stage1_understanding,understanding,/Users/ritesh.thawkar/Ritesh/self-evolving-uug/runs/final/E2_understanding_only/iter_log.jsonl,proposer,kl_loss,0.0,,0.0,-0.7887103485002807,-1.2575997991169314,0.001,0.001,True,
444,stage1_understanding,understanding,/Users/ritesh.thawkar/Ritesh/self-evolving-uug/runs/final/E2_understanding_only/iter_log.jsonl,proposer,grpo_loss,-0.0970052108168602,,0.0,0.10891900444357443,0.10347305531058582,0.001,0.001,True,
444,stage1_understanding,understanding,/Users/ritesh.thawkar/Ritesh/self-evolving-uug/runs/final/E2_understanding_only/iter_log.jsonl,proposer,kl_loss,0.0,,0.0,0.10891900444357443,0.10347305531058582,0.001,0.001,True,
445,stage1_understanding,understanding,/Users/ritesh.thawkar/Ritesh/self-evolving-uug/runs/final/E2_understanding_only/iter_log.jsonl,proposer,grpo_loss,-0.8489583730697632,,0.0,0.9383924116680449,0.3442770512685467,0.001,0.001,True,
445,stage1_understanding,understanding,/Users/ritesh.thawkar/Ritesh/self-evolving-uug/runs/final/E2_understanding_only/iter_log.jsonl,proposer,kl_loss,0.0,,0.0,0.9383924116680449,0.3442770512685467,0.001,0.001,True,
446,stage1_understanding,understanding,/Users/ritesh.thawkar/Ritesh/self-evolving-uug/runs/final/E2_understanding_only/iter_log.jsonl,proposer,grpo_loss,0.6087239980697632,,0.0,-0.6924956929760423,-1.186251820681401,0.001,0.001,True,
446,stage1_understanding,understanding,/Users/ritesh.thawkar/Ritesh/self-evolving-uug/runs/final/E2_understanding_only/iter_log.jsonl,proposer,kl_loss,0.0,,0.0,-0.6924956929760423,-1.186251820681401,0.001,0.001,True,
447,stage1_understanding,understanding,/Users/ritesh.thawkar/Ritesh/self-evolving-uug/runs/final/E2_understanding_only/iter_log.jsonl,proposer,grpo_loss,-0.4453125,,0.0,0.4746524116374335,0.17006383586329477,0.001,0.001,True,
447,stage1_understanding,understanding,/Users/ritesh.thawkar/Ritesh/self-evolving-uug/runs/final/E2_understanding_only/iter_log.jsonl,proposer,kl_loss,0.0,,0.0,0.4746524116374335,0.17006383586329477,0.001,0.001,True,
448,stage1_understanding,understanding,/Users/ritesh.thawkar/Ritesh/self-evolving-uug/runs/final/E2_understanding_only/iter_log.jsonl,proposer,grpo_loss,-0.3909505307674408,,0.0,0.4435434501990653,0.3858828061086214,0.001,0.001,True,
448,stage1_understanding,understanding,/Users/ritesh.thawkar/Ritesh/self-evolving-uug/runs/final/E2_understanding_only/iter_log.jsonl,proposer,kl_loss,0.0,,0.0,0.4435434501990653,0.3858828061086214,0.001,0.001,True,
449,stage1_understanding,understanding,/Users/ritesh.thawkar/Ritesh/self-evolving-uug/runs/final/E2_understanding_only/iter_log.jsonl,proposer,grpo_loss,0.7955729365348816,,0.0,-0.8771929732225301,-0.8333333333333334,0.001,0.001,True,
449,stage1_understanding,understanding,/Users/ritesh.thawkar/Ritesh/self-evolving-uug/runs/final/E2_understanding_only/iter_log.jsonl,proposer,kl_loss,0.0,,0.0,-0.8771929732225301,-0.8333333333333334,0.001,0.001,True,
450,stage1_understanding,understanding,/Users/ritesh.thawkar/Ritesh/self-evolving-uug/runs/final/E2_understanding_only/iter_log.jsonl,proposer,grpo_loss,0.7955729365348816,,0.0,-0.8771929732225301,-0.8333333333333334,0.001,0.001,True,
450,stage1_understanding,understanding,/Users/ritesh.thawkar/Ritesh/self-evolving-uug/runs/final/E2_understanding_only/iter_log.jsonl,proposer,kl_loss,0.0,,0.0,-0.8771929732225301,-0.8333333333333334,0.001,0.001,True,
451,stage1_understanding,understanding,/Users/ritesh.thawkar/Ritesh/self-evolving-uug/runs/final/E2_understanding_only/iter_log.jsonl,proposer,grpo_loss,0.5319010615348816,,0.0,-0.5751191034541775,-0.5463631540326597,0.001,0.001,True,
451,stage1_understanding,understanding,/Users/ritesh.thawkar/Ritesh/self-evolving-uug/runs/final/E2_understanding_only/iter_log.jsonl,proposer,kl_loss,0.0,,0.0,-0.5751191034541775,-0.5463631540326597,0.001,0.001,True,
452,stage1_understanding,understanding,/Users/ritesh.thawkar/Ritesh/self-evolving-uug/runs/final/E2_understanding_only/iter_log.jsonl,proposer,grpo_loss,0.087890625,,0.0,-0.09702409330307099,-0.07961504825883214,0.001,0.001,True,
452,stage1_understanding,understanding,/Users/ritesh.thawkar/Ritesh/self-evolving-uug/runs/final/E2_understanding_only/iter_log.jsonl,proposer,kl_loss,0.0,,0.0,-0.09702409330307099,-0.07961504825883214,0.001,0.001,True,
453,stage1_understanding,understanding,/Users/ritesh.thawkar/Ritesh/self-evolving-uug/runs/final/E2_understanding_only/iter_log.jsonl,proposer,grpo_loss,0.01106770895421505,,0.0,-0.013834046578717377,-0.008705607841479482,0.001,0.001,True,
453,stage1_understanding,understanding,/Users/ritesh.thawkar/Ritesh/self-evolving-uug/runs/final/E2_understanding_only/iter_log.jsonl,proposer,kl_loss,0.0,,0.0,-0.013834046578717377,-0.008705607841479482,0.001,0.001,True,
454,stage1_understanding,understanding,/Users/ritesh.thawkar/Ritesh/self-evolving-uug/runs/final/E2_understanding_only/iter_log.jsonl,proposer,grpo_loss,0.3606770932674408,,0.0,-0.4025657436315142,-0.14636001950865177,0.001,0.001,True,
454,stage1_understanding,understanding,/Users/ritesh.thawkar/Ritesh/self-evolving-uug/runs/final/E2_understanding_only/iter_log.jsonl,proposer,kl_loss,0.0,,0.0,-0.4025657436315142,-0.14636001950865177,0.001,0.001,True,
455,stage1_understanding,understanding,/Users/ritesh.thawkar/Ritesh/self-evolving-uug/runs/final/E2_understanding_only/iter_log.jsonl,proposer,grpo_loss,0.505859375,,0.0,-0.5557747552806532,-0.5279860230743681,0.001,0.001,True,
455,stage1_understanding,understanding,/Users/ritesh.thawkar/Ritesh/self-evolving-uug/runs/final/E2_understanding_only/iter_log.jsonl,proposer,kl_loss,0.0,,0.0,-0.5557747552806532,-0.5279860230743681,0.001,0.001,True,
456,stage1_understanding,understanding,/Users/ritesh.thawkar/Ritesh/self-evolving-uug/runs/final/E2_understanding_only/iter_log.jsonl,proposer,grpo_loss,0.7825521230697632,,0.0,-0.8771929732225301,-0.8333333333333334,0.001,0.001,True,
456,stage1_understanding,understanding,/Users/ritesh.thawkar/Ritesh/self-evolving-uug/runs/final/E2_understanding_only/iter_log.jsonl,proposer,kl_loss,0.0,,0.0,-0.8771929732225301,-0.8333333333333334,0.001,0.001,True,
457,stage1_understanding,understanding,/Users/ritesh.thawkar/Ritesh/self-evolving-uug/runs/final/E2_understanding_only/iter_log.jsonl,proposer,grpo_loss,0.8111979365348816,,0.0,-0.8989790056866808,-0.8540300643921368,0.001,0.001,True,
457,stage1_understanding,understanding,/Users/ritesh.thawkar/Ritesh/self-evolving-uug/runs/final/E2_understanding_only/iter_log.jsonl,proposer,kl_loss,0.0,,0.0,-0.8989790056866808,-0.8540300643921368,0.001,0.001,True,
458,stage1_understanding,understanding,/Users/ritesh.thawkar/Ritesh/self-evolving-uug/runs/final/E2_understanding_only/iter_log.jsonl,proposer,grpo_loss,-0.5445963740348816,,0.0,0.6005432559670796,0.06683352295063194,0.001,0.001,True,
458,stage1_understanding,understanding,/Users/ritesh.thawkar/Ritesh/self-evolving-uug/runs/final/E2_understanding_only/iter_log.jsonl,proposer,kl_loss,0.0,,0.0,0.6005432559670796,0.06683352295063194,0.001,0.001,True,
459,stage1_understanding,understanding,/Users/ritesh.thawkar/Ritesh/self-evolving-uug/runs/final/E2_understanding_only/iter_log.jsonl,proposer,grpo_loss,0.4850260615348816,,0.0,-0.5545618710024528,-0.5268337829979487,0.001,0.001,True,
459,stage1_understanding,understanding,/Users/ritesh.thawkar/Ritesh/self-evolving-uug/runs/final/E2_understanding_only/iter_log.jsonl,proposer,kl_loss,0.0,,0.0,-0.5545618710024528,-0.5268337829979487,0.001,0.001,True,
460,stage1_understanding,understanding,/Users/ritesh.thawkar/Ritesh/self-evolving-uug/runs/final/E2_understanding_only/iter_log.jsonl,proposer,grpo_loss,0.8229166865348816,,0.0,-0.9039054155628906,-0.8587101538238002,0.001,0.001,True,
460,stage1_understanding,understanding,/Users/ritesh.thawkar/Ritesh/self-evolving-uug/runs/final/E2_understanding_only/iter_log.jsonl,proposer,kl_loss,0.0,,0.0,-0.9039054155628906,-0.8587101538238002,0.001,0.001,True,
461,stage1_understanding,understanding,/Users/ritesh.thawkar/Ritesh/self-evolving-uug/runs/final/E2_understanding_only/iter_log.jsonl,proposer,grpo_loss,0.2384440153837204,,0.0,-0.25864883039089354,-0.41817523196720785,0.001,0.001,True,
461,stage1_understanding,understanding,/Users/ritesh.thawkar/Ritesh/self-evolving-uug/runs/final/E2_understanding_only/iter_log.jsonl,proposer,kl_loss,0.0,,0.0,-0.25864883039089354,-0.41817523196720785,0.001,0.001,True,
462,stage1_understanding,understanding,/Users/ritesh.thawkar/Ritesh/self-evolving-uug/runs/final/E2_understanding_only/iter_log.jsonl,proposer,grpo_loss,-0.86328125,,0.0,0.9373939478832641,0.3547307545665308,0.001,0.001,True,
462,stage1_understanding,understanding,/Users/ritesh.thawkar/Ritesh/self-evolving-uug/runs/final/E2_understanding_only/iter_log.jsonl,proposer,kl_loss,0.0,,0.0,0.9373939478832641,0.3547307545665308,0.001,0.001,True,
463,stage1_understanding,understanding,/Users/ritesh.thawkar/Ritesh/self-evolving-uug/runs/final/E2_understanding_only/iter_log.jsonl,proposer,grpo_loss,-0.5276693105697632,,0.0,0.6018936740912062,0.18198035098781065,0.001,0.001,True,
463,stage1_understanding,understanding,/Users/ritesh.thawkar/Ritesh/self-evolving-uug/runs/final/E2_understanding_only/iter_log.jsonl,proposer,kl_loss,0.0,,0.0,0.6018936740912062,0.18198035098781065,0.001,0.001,True,
464,stage1_understanding,understanding,/Users/ritesh.thawkar/Ritesh/self-evolving-uug/runs/final/E2_understanding_only/iter_log.jsonl,proposer,grpo_loss,-0.8190104365348816,,0.0,0.9515195239152513,0.36825597862240195,0.001,0.001,True,
464,stage1_understanding,understanding,/Users/ritesh.thawkar/Ritesh/self-evolving-uug/runs/final/E2_understanding_only/iter_log.jsonl,proposer,kl_loss,0.0,,0.0,0.9515195239152513,0.36825597862240195,0.001,0.001,True,
465,stage1_understanding,understanding,/Users/ritesh.thawkar/Ritesh/self-evolving-uug/runs/final/E2_understanding_only/iter_log.jsonl,proposer,grpo_loss,0.49609375,,0.0,-0.560497961440377,-0.5324730689733377,0.001,0.001,True,
465,stage1_understanding,understanding,/Users/ritesh.thawkar/Ritesh/self-evolving-uug/runs/final/E2_understanding_only/iter_log.jsonl,proposer,kl_loss,0.0,,0.0,-0.560497961440377,-0.5324730689733377,0.001,0.001,True,
466,stage1_understanding,understanding,/Users/ritesh.thawkar/Ritesh/self-evolving-uug/runs/final/E2_understanding_only/iter_log.jsonl,proposer,grpo_loss,0.8177083730697632,,0.0,-0.9549856286149709,-0.9072363567340785,0.001,0.001,True,
466,stage1_understanding,understanding,/Users/ritesh.thawkar/Ritesh/self-evolving-uug/runs/final/E2_understanding_only/iter_log.jsonl,proposer,kl_loss,0.0,,0.0,-0.9549856286149709,-0.9072363567340785,0.001,0.001,True,
467,stage1_understanding,understanding,/Users/ritesh.thawkar/Ritesh/self-evolving-uug/runs/final/E2_understanding_only/iter_log.jsonl,proposer,grpo_loss,0.1549479216337204,,0.0,-0.17195690854726753,-0.16335906483947324,0.001,0.001,True,
467,stage1_understanding,understanding,/Users/ritesh.thawkar/Ritesh/self-evolving-uug/runs/final/E2_understanding_only/iter_log.jsonl,proposer,kl_loss,0.0,,0.0,-0.17195690854726753,-0.16335906483947324,0.001,0.001,True,
468,stage1_understanding,understanding,/Users/ritesh.thawkar/Ritesh/self-evolving-uug/runs/final/E2_understanding_only/iter_log.jsonl,proposer,grpo_loss,0.5380859375,,0.0,-0.5902325931966658,-0.5607209694391583,0.001,0.001,True,
468,stage1_understanding,understanding,/Users/ritesh.thawkar/Ritesh/self-evolving-uug/runs/final/E2_understanding_only/iter_log.jsonl,proposer,kl_loss,0.0,,0.0,-0.5902325931966658,-0.5607209694391583,0.001,0.001,True,
469,stage1_understanding,understanding,/Users/ritesh.thawkar/Ritesh/self-evolving-uug/runs/final/E2_understanding_only/iter_log.jsonl,proposer,grpo_loss,0.2261556088924408,,0.0,-0.25085771950441654,-0.2383148360377729,0.001,0.001,True,
469,stage1_understanding,understanding,/Users/ritesh.thawkar/Ritesh/self-evolving-uug/runs/final/E2_understanding_only/iter_log.jsonl,proposer,kl_loss,0.0,,0.0,-0.25085771950441654,-0.2383148360377729,0.001,0.001,True,
470,stage1_understanding,understanding,/Users/ritesh.thawkar/Ritesh/self-evolving-uug/runs/final/E2_understanding_only/iter_log.jsonl,proposer,grpo_loss,-0.7565104365348816,,0.0,0.8509172124654173,0.08828051869246323,0.001,0.001,True,
470,stage1_understanding,understanding,/Users/ritesh.thawkar/Ritesh/self-evolving-uug/runs/final/E2_understanding_only/iter_log.jsonl,proposer,kl_loss,0.0,,0.0,0.8509172124654173,0.08828051869246323,0.001,0.001,True,
471,stage1_understanding,understanding,/Users/ritesh.thawkar/Ritesh/self-evolving-uug/runs/final/E2_understanding_only/iter_log.jsonl,proposer,grpo_loss,-0.01953125,,0.0,0.01930598360326441,0.009242463182285906,0.001,0.001,True,
471,stage1_understanding,understanding,/Users/ritesh.thawkar/Ritesh/self-evolving-uug/runs/final/E2_understanding_only/iter_log.jsonl,proposer,kl_loss,0.0,,0.0,0.01930598360326441,0.009242463182285906,0.001,0.001,True,
472,stage1_understanding,understanding,/Users/ritesh.thawkar/Ritesh/self-evolving-uug/runs/final/E2_understanding_only/iter_log.jsonl,proposer,grpo_loss,0.76953125,,0.0,-0.8771929732225301,-0.8333333333333334,0.001,0.001,True,
472,stage1_understanding,understanding,/Users/ritesh.thawkar/Ritesh/self-evolving-uug/runs/final/E2_understanding_only/iter_log.jsonl,proposer,kl_loss,0.0,,0.0,-0.8771929732225301,-0.8333333333333334,0.001,0.001,True,
473,stage1_understanding,understanding,/Users/ritesh.thawkar/Ritesh/self-evolving-uug/runs/final/E2_understanding_only/iter_log.jsonl,proposer,grpo_loss,0.78515625,,0.0,-0.8771929732225301,-0.8333333333333334,0.001,0.001,True,
473,stage1_understanding,understanding,/Users/ritesh.thawkar/Ritesh/self-evolving-uug/runs/final/E2_understanding_only/iter_log.jsonl,proposer,kl_loss,0.0,,0.0,-0.8771929732225301,-0.8333333333333334,0.001,0.001,True,
474,stage1_understanding,understanding,/Users/ritesh.thawkar/Ritesh/self-evolving-uug/runs/final/E2_understanding_only/iter_log.jsonl,proposer,grpo_loss,0.7903646230697632,,0.0,-0.8771929732225301,-0.8333333333333334,0.001,0.001,True,
474,stage1_understanding,understanding,/Users/ritesh.thawkar/Ritesh/self-evolving-uug/runs/final/E2_understanding_only/iter_log.jsonl,proposer,kl_loss,0.0,,0.0,-0.8771929732225301,-0.8333333333333334,0.001,0.001,True,
475,stage1_understanding,understanding,/Users/ritesh.thawkar/Ritesh/self-evolving-uug/runs/final/E2_understanding_only/iter_log.jsonl,proposer,grpo_loss,0.4485677182674408,,0.0,-0.5088094667964316,-0.12729043330376932,0.001,0.001,True,
475,stage1_understanding,understanding,/Users/ritesh.thawkar/Ritesh/self-evolving-uug/runs/final/E2_understanding_only/iter_log.jsonl,proposer,kl_loss,0.0,,0.0,-0.5088094667964316,-0.12729043330376932,0.001,0.001,True,
476,stage1_understanding,understanding,/Users/ritesh.thawkar/Ritesh/self-evolving-uug/runs/final/E2_understanding_only/iter_log.jsonl,proposer,grpo_loss,0.4666341245174408,,0.0,-0.5337479688843754,-0.5321350797067225,0.001,0.001,True,
476,stage1_understanding,understanding,/Users/ritesh.thawkar/Ritesh/self-evolving-uug/runs/final/E2_understanding_only/iter_log.jsonl,proposer,kl_loss,0.0,,0.0,-0.5337479688843754,-0.5321350797067225,0.001,0.001,True,
477,stage1_understanding,understanding,/Users/ritesh.thawkar/Ritesh/self-evolving-uug/runs/final/E2_understanding_only/iter_log.jsonl,proposer,grpo_loss,0.4361979365348816,,0.0,-0.46688514979844475,-0.1003293479963403,0.001,0.001,True,
477,stage1_understanding,understanding,/Users/ritesh.thawkar/Ritesh/self-evolving-uug/runs/final/E2_understanding_only/iter_log.jsonl,proposer,kl_loss,0.0,,0.0,-0.46688514979844475,-0.1003293479963403,0.001,0.001,True,
478,stage1_understanding,understanding,/Users/ritesh.thawkar/Ritesh/self-evolving-uug/runs/final/E2_understanding_only/iter_log.jsonl,proposer,grpo_loss,0.8033854365348816,,0.0,-0.8771929732225301,-0.8333333333333334,0.001,0.001,True,
478,stage1_understanding,understanding,/Users/ritesh.thawkar/Ritesh/self-evolving-uug/runs/final/E2_understanding_only/iter_log.jsonl,proposer,kl_loss,0.0,,0.0,-0.8771929732225301,-0.8333333333333334,0.001,0.001,True,
479,stage1_understanding,understanding,/Users/ritesh.thawkar/Ritesh/self-evolving-uug/runs/final/E2_understanding_only/iter_log.jsonl,proposer,grpo_loss,-0.0559895858168602,,0.0,0.054377932136144204,0.02412273918234953,0.001,0.001,True,
479,stage1_understanding,understanding,/Users/ritesh.thawkar/Ritesh/self-evolving-uug/runs/final/E2_understanding_only/iter_log.jsonl,proposer,kl_loss,0.0,,0.0,0.054377932136144204,0.02412273918234953,0.001,0.001,True,
480,stage1_understanding,understanding,/Users/ritesh.thawkar/Ritesh/self-evolving-uug/runs/final/E2_understanding_only/iter_log.jsonl,proposer,grpo_loss,0.4436849057674408,,0.0,-0.49528440922124445,-0.4705201937130263,0.001,0.001,True,
480,stage1_understanding,understanding,/Users/ritesh.thawkar/Ritesh/self-evolving-uug/runs/final/E2_understanding_only/iter_log.jsonl,proposer,kl_loss,0.0,,0.0,-0.49528440922124445,-0.4705201937130263,0.001,0.001,True,
481,stage1_understanding,understanding,/Users/ritesh.thawkar/Ritesh/self-evolving-uug/runs/final/E2_understanding_only/iter_log.jsonl,proposer,grpo_loss,0.7890625,,0.0,-0.8771929732225301,-0.8333333333333334,0.001,0.001,True,
481,stage1_understanding,understanding,/Users/ritesh.thawkar/Ritesh/self-evolving-uug/runs/final/E2_understanding_only/iter_log.jsonl,proposer,kl_loss,0.0,,0.0,-0.8771929732225301,-0.8333333333333334,0.001,0.001,True,
482,stage1_understanding,understanding,/Users/ritesh.thawkar/Ritesh/self-evolving-uug/runs/final/E2_understanding_only/iter_log.jsonl,proposer,grpo_loss,0.86328125,,0.0,-0.9848118400716053,-0.9355712579161434,0.001,0.001,True,
482,stage1_understanding,understanding,/Users/ritesh.thawkar/Ritesh/self-evolving-uug/runs/final/E2_understanding_only/iter_log.jsonl,proposer,kl_loss,0.0,,0.0,-0.9848118400716053,-0.9355712579161434,0.001,0.001,True,
483,stage1_understanding,understanding,/Users/ritesh.thawkar/Ritesh/self-evolving-uug/runs/final/E2_understanding_only/iter_log.jsonl,proposer,grpo_loss,-0.015625,,0.0,0.015253358527785607,0.014490690753929947,0.001,0.001,True,
483,stage1_understanding,understanding,/Users/ritesh.thawkar/Ritesh/self-evolving-uug/runs/final/E2_understanding_only/iter_log.jsonl,proposer,kl_loss,0.0,,0.0,0.015253358527785607,0.014490690753929947,0.001,0.001,True,
484,stage1_understanding,understanding,/Users/ritesh.thawkar/Ritesh/self-evolving-uug/runs/final/E2_understanding_only/iter_log.jsonl,proposer,grpo_loss,0.7376302480697632,,0.0,-0.8188753935903156,-0.3022888435634909,0.001,0.001,True,
484,stage1_understanding,understanding,/Users/ritesh.thawkar/Ritesh/self-evolving-uug/runs/final/E2_understanding_only/iter_log.jsonl,proposer,kl_loss,0.0,,0.0,-0.8188753935903156,-0.3022888435634909,0.001,0.001,True,
485,stage1_understanding,understanding,/Users/ritesh.thawkar/Ritesh/self-evolving-uug/runs/final/E2_understanding_only/iter_log.jsonl,proposer,grpo_loss,0.7747396230697632,,0.0,-0.8771929732225301,-0.8333333333333334,0.001,0.001,True,
485,stage1_understanding,understanding,/Users/ritesh.thawkar/Ritesh/self-evolving-uug/runs/final/E2_understanding_only/iter_log.jsonl,proposer,kl_loss,0.0,,0.0,-0.8771929732225301,-0.8333333333333334,0.001,0.001,True,
486,stage1_understanding,understanding,/Users/ritesh.thawkar/Ritesh/self-evolving-uug/runs/final/E2_understanding_only/iter_log.jsonl,proposer,grpo_loss,-0.3059895932674408,,0.0,0.33138261629666477,0.1415959744356091,0.001,0.001,True,
486,stage1_understanding,understanding,/Users/ritesh.thawkar/Ritesh/self-evolving-uug/runs/final/E2_understanding_only/iter_log.jsonl,proposer,kl_loss,0.0,,0.0,0.33138261629666477,0.1415959744356091,0.001,0.001,True,
487,stage1_understanding,understanding,/Users/ritesh.thawkar/Ritesh/self-evolving-uug/runs/final/E2_understanding_only/iter_log.jsonl,proposer,grpo_loss,0.4739583432674408,,0.0,-0.5246319942958305,-0.49840039982735895,0.001,0.001,True,
487,stage1_understanding,understanding,/Users/ritesh.thawkar/Ritesh/self-evolving-uug/runs/final/E2_understanding_only/iter_log.jsonl,proposer,kl_loss,0.0,,0.0,-0.5246319942958305,-0.49840039982735895,0.001,0.001,True,
488,stage1_understanding,understanding,/Users/ritesh.thawkar/Ritesh/self-evolving-uug/runs/final/E2_understanding_only/iter_log.jsonl,proposer,grpo_loss,0.5289713740348816,,0.0,-0.6045856287513782,-0.5743563533596655,0.001,0.001,True,
488,stage1_understanding,understanding,/Users/ritesh.thawkar/Ritesh/self-evolving-uug/runs/final/E2_understanding_only/iter_log.jsonl,proposer,kl_loss,0.0,,0.0,-0.6045856287513782,-0.5743563533596655,0.001,0.001,True,
489,stage1_understanding,understanding,/Users/ritesh.thawkar/Ritesh/self-evolving-uug/runs/final/E2_understanding_only/iter_log.jsonl,proposer,grpo_loss,0.78125,,0.0,-0.8771929732225301,-0.8333333333333334,0.001,0.001,True,
489,stage1_understanding,understanding,/Users/ritesh.thawkar/Ritesh/self-evolving-uug/runs/final/E2_understanding_only/iter_log.jsonl,proposer,kl_loss,0.0,,0.0,-0.8771929732225301,-0.8333333333333334,0.001,0.001,True,
490,stage1_understanding,understanding,/Users/ritesh.thawkar/Ritesh/self-evolving-uug/runs/final/E2_understanding_only/iter_log.jsonl,proposer,grpo_loss,0.0319010429084301,,0.0,-0.038375940332968095,-0.036457143700079055,0.001,0.001,True,
490,stage1_understanding,understanding,/Users/ritesh.thawkar/Ritesh/self-evolving-uug/runs/final/E2_understanding_only/iter_log.jsonl,proposer,kl_loss,0.0,,0.0,-0.038375940332968095,-0.036457143700079055,0.001,0.001,True,
491,stage1_understanding,understanding,/Users/ritesh.thawkar/Ritesh/self-evolving-uug/runs/final/E2_understanding_only/iter_log.jsonl,proposer,grpo_loss,-0.8307291865348816,,0.0,0.949728817396999,0.40719153404783553,0.001,0.001,True,
491,stage1_understanding,understanding,/Users/ritesh.thawkar/Ritesh/self-evolving-uug/runs/final/E2_understanding_only/iter_log.jsonl,proposer,kl_loss,0.0,,0.0,0.949728817396999,0.40719153404783553,0.001,0.001,True,
492,stage1_understanding,understanding,/Users/ritesh.thawkar/Ritesh/self-evolving-uug/runs/final/E2_understanding_only/iter_log.jsonl,proposer,grpo_loss,0.3450520932674408,,0.0,-0.4012779517397611,-0.0897554562223698,0.001,0.001,True,
492,stage1_understanding,understanding,/Users/ritesh.thawkar/Ritesh/self-evolving-uug/runs/final/E2_understanding_only/iter_log.jsonl,proposer,kl_loss,0.0,,0.0,-0.4012779517397611,-0.0897554562223698,0.001,0.001,True,
493,stage1_understanding,understanding,/Users/ritesh.thawkar/Ritesh/self-evolving-uug/runs/final/E2_understanding_only/iter_log.jsonl,proposer,grpo_loss,0.2942708432674408,,0.0,-0.3514299766115941,-0.3338584812953142,0.001,0.001,True,
493,stage1_understanding,understanding,/Users/ritesh.thawkar/Ritesh/self-evolving-uug/runs/final/E2_understanding_only/iter_log.jsonl,proposer,kl_loss,0.0,,0.0,-0.3514299766115941,-0.3338584812953142,0.001,0.001,True,
494,stage1_understanding,understanding,/Users/ritesh.thawkar/Ritesh/self-evolving-uug/runs/final/E2_understanding_only/iter_log.jsonl,proposer,grpo_loss,0.7604166865348816,,0.0,-0.8771929732225301,-0.8333333333333334,0.001,0.001,True,
494,stage1_understanding,understanding,/Users/ritesh.thawkar/Ritesh/self-evolving-uug/runs/final/E2_understanding_only/iter_log.jsonl,proposer,kl_loss,0.0,,0.0,-0.8771929732225301,-0.8333333333333334,0.001,0.001,True,
495,stage1_understanding,understanding,/Users/ritesh.thawkar/Ritesh/self-evolving-uug/runs/final/E2_understanding_only/iter_log.jsonl,proposer,grpo_loss,0.2819010615348816,,0.0,-0.3319895653994163,-0.3153900904493412,0.001,0.001,True,
495,stage1_understanding,understanding,/Users/ritesh.thawkar/Ritesh/self-evolving-uug/runs/final/E2_understanding_only/iter_log.jsonl,proposer,kl_loss,0.0,,0.0,-0.3319895653994163,-0.3153900904493412,0.001,0.001,True,
496,stage1_understanding,understanding,/Users/ritesh.thawkar/Ritesh/self-evolving-uug/runs/final/E2_understanding_only/iter_log.jsonl,proposer,grpo_loss,-0.1025390625,,0.0,0.11098096659222138,0.022941753071499277,0.001,0.001,True,
496,stage1_understanding,understanding,/Users/ritesh.thawkar/Ritesh/self-evolving-uug/runs/final/E2_understanding_only/iter_log.jsonl,proposer,kl_loss,0.0,,0.0,0.11098096659222138,0.022941753071499277,0.001,0.001,True,
497,stage1_understanding,understanding,/Users/ritesh.thawkar/Ritesh/self-evolving-uug/runs/final/E2_understanding_only/iter_log.jsonl,proposer,grpo_loss,0.0338541679084301,,0.0,-0.03414281743101851,-0.009345016588230023,0.001,0.001,True,
497,stage1_understanding,understanding,/Users/ritesh.thawkar/Ritesh/self-evolving-uug/runs/final/E2_understanding_only/iter_log.jsonl,proposer,kl_loss,0.0,,0.0,-0.03414281743101851,-0.009345016588230023,0.001,0.001,True,
498,stage1_understanding,understanding,/Users/ritesh.thawkar/Ritesh/self-evolving-uug/runs/final/E2_understanding_only/iter_log.jsonl,proposer,grpo_loss,0.8515625,,0.0,-0.9859147034157866,-0.9366189781041442,0.001,0.001,True,
498,stage1_understanding,understanding,/Users/ritesh.thawkar/Ritesh/self-evolving-uug/runs/final/E2_understanding_only/iter_log.jsonl,proposer,kl_loss,0.0,,0.0,-0.9859147034157866,-0.9366189781041442,0.001,0.001,True,
499,stage1_understanding,understanding,/Users/ritesh.thawkar/Ritesh/self-evolving-uug/runs/final/E2_understanding_only/iter_log.jsonl,proposer,grpo_loss,0.7682291865348816,,0.0,-0.8771929732225301,-0.8333333333333334,0.001,0.001,True,
499,stage1_understanding,understanding,/Users/ritesh.thawkar/Ritesh/self-evolving-uug/runs/final/E2_understanding_only/iter_log.jsonl,proposer,kl_loss,0.0,,0.0,-0.8771929732225301,-0.8333333333333334,0.001,0.001,True,
500,stage1_understanding,understanding,/Users/ritesh.thawkar/Ritesh/self-evolving-uug/runs/final/E2_understanding_only/iter_log.jsonl,proposer,grpo_loss,0.705078125,,0.0,-0.8187912847898239,-0.7778517287382455,0.001,0.001,True,
500,stage1_understanding,understanding,/Users/ritesh.thawkar/Ritesh/self-evolving-uug/runs/final/E2_understanding_only/iter_log.jsonl,proposer,kl_loss,0.0,,0.0,-0.8187912847898239,-0.7778517287382455,0.001,0.001,True,
501,stage1_understanding,understanding,/Users/ritesh.thawkar/Ritesh/self-evolving-uug/runs/final/E2_understanding_only/iter_log.jsonl,proposer,grpo_loss,-0.421875,,0.0,0.48102379228772446,0.4149590762173676,0.001,0.001,True,
501,stage1_understanding,understanding,/Users/ritesh.thawkar/Ritesh/self-evolving-uug/runs/final/E2_understanding_only/iter_log.jsonl,proposer,kl_loss,0.0,,0.0,0.48102379228772446,0.4149590762173676,0.001,0.001,True,
502,stage1_understanding,understanding,/Users/ritesh.thawkar/Ritesh/self-evolving-uug/runs/final/E2_understanding_only/iter_log.jsonl,proposer,grpo_loss,0.7708333730697632,,0.0,-0.8771929732225301,-0.8333333333333334,0.001,0.001,True,
502,stage1_understanding,understanding,/Users/ritesh.thawkar/Ritesh/self-evolving-uug/runs/final/E2_understanding_only/iter_log.jsonl,proposer,kl_loss,0.0,,0.0,-0.8771929732225301,-0.8333333333333334,0.001,0.001,True,
503,stage1_understanding,understanding,/Users/ritesh.thawkar/Ritesh/self-evolving-uug/runs/final/E2_understanding_only/iter_log.jsonl,proposer,grpo_loss,0.5081380605697632,,0.0,-0.5864590486784856,-0.5571361021091518,0.001,0.001,True,
503,stage1_understanding,understanding,/Users/ritesh.thawkar/Ritesh/self-evolving-uug/runs/final/E2_understanding_only/iter_log.jsonl,proposer,kl_loss,0.0,,0.0,-0.5864590486784856,-0.5571361021091518,0.001,0.001,True,
504,stage1_understanding,understanding,/Users/ritesh.thawkar/Ritesh/self-evolving-uug/runs/final/E2_understanding_only/iter_log.jsonl,proposer,grpo_loss,0.43359375,,0.0,-0.46006192252890216,-0.16031005723021216,0.001,0.001,True,
504,stage1_understanding,understanding,/Users/ritesh.thawkar/Ritesh/self-evolving-uug/runs/final/E2_understanding_only/iter_log.jsonl,proposer,kl_loss,0.0,,0.0,-0.46006192252890216,-0.16031005723021216,0.001,0.001,True,
505,stage1_understanding,understanding,/Users/ritesh.thawkar/Ritesh/self-evolving-uug/runs/final/E2_understanding_only/iter_log.jsonl,proposer,grpo_loss,-0.4251302182674408,,0.0,0.49869178517029916,0.36909609884842204,0.001,0.001,True,
505,stage1_understanding,understanding,/Users/ritesh.thawkar/Ritesh/self-evolving-uug/runs/final/E2_understanding_only/iter_log.jsonl,proposer,kl_loss,0.0,,0.0,0.49869178517029916,0.36909609884842204,0.001,0.001,True,
506,stage1_understanding,understanding,/Users/ritesh.thawkar/Ritesh/self-evolving-uug/runs/final/E2_understanding_only/iter_log.jsonl,proposer,grpo_loss,0.5022786855697632,,0.0,-0.577519738143526,-0.08837810324773503,0.001,0.001,True,
506,stage1_understanding,understanding,/Users/ritesh.thawkar/Ritesh/self-evolving-uug/runs/final/E2_understanding_only/iter_log.jsonl,proposer,kl_loss,0.0,,0.0,-0.577519738143526,-0.08837810324773503,0.001,0.001,True,
507,stage1_understanding,understanding,/Users/ritesh.thawkar/Ritesh/self-evolving-uug/runs/final/E2_understanding_only/iter_log.jsonl,proposer,grpo_loss,0.7083333730697632,,0.0,-0.8449808569881617,-1.0459437702733734,0.001,0.001,True,
507,stage1_understanding,understanding,/Users/ritesh.thawkar/Ritesh/self-evolving-uug/runs/final/E2_understanding_only/iter_log.jsonl,proposer,kl_loss,0.0,,0.0,-0.8449808569881617,-1.0459437702733734,0.001,0.001,True,
508,stage1_understanding,understanding,/Users/ritesh.thawkar/Ritesh/self-evolving-uug/runs/final/E2_understanding_only/iter_log.jsonl,proposer,grpo_loss,-0.5455729365348816,,0.0,0.6151041331957079,0.12530933119186183,0.001,0.001,True,
508,stage1_understanding,understanding,/Users/ritesh.thawkar/Ritesh/self-evolving-uug/runs/final/E2_understanding_only/iter_log.jsonl,proposer,kl_loss,0.0,,0.0,0.6151041331957079,0.12530933119186183,0.001,0.001,True,
509,stage1_understanding,understanding,/Users/ritesh.thawkar/Ritesh/self-evolving-uug/runs/final/E2_understanding_only/iter_log.jsonl,proposer,grpo_loss,-0.30078125,,0.0,0.33787648708023293,0.0839583674314237,0.001,0.001,True,
509,stage1_understanding,understanding,/Users/ritesh.thawkar/Ritesh/self-evolving-uug/runs/final/E2_understanding_only/iter_log.jsonl,proposer,kl_loss,0.0,,0.0,0.33787648708023293,0.0839583674314237,0.001,0.001,True,
510,stage1_understanding,understanding,/Users/ritesh.thawkar/Ritesh/self-evolving-uug/runs/final/E2_understanding_only/iter_log.jsonl,proposer,grpo_loss,0.76171875,,0.0,-0.8771929732225301,-0.8333333333333334,0.001,0.001,True,
510,stage1_understanding,understanding,/Users/ritesh.thawkar/Ritesh/self-evolving-uug/runs/final/E2_understanding_only/iter_log.jsonl,proposer,kl_loss,0.0,,0.0,-0.8771929732225301,-0.8333333333333334,0.001,0.001,True,
511,stage1_understanding,understanding,/Users/ritesh.thawkar/Ritesh/self-evolving-uug/runs/final/E2_understanding_only/iter_log.jsonl,proposer,grpo_loss,0.7838541865348816,,0.0,-0.8771929732225301,-0.8333333333333334,0.001,0.001,True,
511,stage1_understanding,understanding,/Users/ritesh.thawkar/Ritesh/self-evolving-uug/runs/final/E2_understanding_only/iter_log.jsonl,proposer,kl_loss,0.0,,0.0,-0.8771929732225301,-0.8333333333333334,0.001,0.001,True,
512,stage1_understanding,understanding,/Users/ritesh.thawkar/Ritesh/self-evolving-uug/runs/final/E2_understanding_only/iter_log.jsonl,proposer,grpo_loss,0.8216146230697632,,0.0,-0.9666495278363997,-0.9418241441302548,0.001,0.001,True,
512,stage1_understanding,understanding,/Users/ritesh.thawkar/Ritesh/self-evolving-uug/runs/final/E2_understanding_only/iter_log.jsonl,proposer,kl_loss,0.0,,0.0,-0.9666495278363997,-0.9418241441302548,0.001,0.001,True,
513,stage1_understanding,understanding,/Users/ritesh.thawkar/Ritesh/self-evolving-uug/runs/final/E2_understanding_only/iter_log.jsonl,proposer,grpo_loss,0.76171875,,0.0,-0.8771929732225301,-0.8333333333333334,0.001,0.001,True,
513,stage1_understanding,understanding,/Users/ritesh.thawkar/Ritesh/self-evolving-uug/runs/final/E2_understanding_only/iter_log.jsonl,proposer,kl_loss,0.0,,0.0,-0.8771929732225301,-0.8333333333333334,0.001,0.001,True,
514,stage1_understanding,understanding,/Users/ritesh.thawkar/Ritesh/self-evolving-uug/runs/final/E2_understanding_only/iter_log.jsonl,proposer,grpo_loss,0.2779948115348816,,0.0,-0.326007874334105,-0.30970748387747843,0.001,0.001,True,
514,stage1_understanding,understanding,/Users/ritesh.thawkar/Ritesh/self-evolving-uug/runs/final/E2_understanding_only/iter_log.jsonl,proposer,kl_loss,0.0,,0.0,-0.326007874334105,-0.30970748387747843,0.001,0.001,True,
515,stage1_understanding,understanding,/Users/ritesh.thawkar/Ritesh/self-evolving-uug/runs/final/E2_understanding_only/iter_log.jsonl,proposer,grpo_loss,0.7578125,,0.0,-0.8771929732225301,-0.8333333333333334,0.001,0.001,True,
515,stage1_understanding,understanding,/Users/ritesh.thawkar/Ritesh/self-evolving-uug/runs/final/E2_understanding_only/iter_log.jsonl,proposer,kl_loss,0.0,,0.0,-0.8771929732225301,-0.8333333333333334,0.001,0.001,True,
516,stage1_understanding,understanding,/Users/ritesh.thawkar/Ritesh/self-evolving-uug/runs/final/E2_understanding_only/iter_log.jsonl,proposer,grpo_loss,-0.0328776054084301,,0.0,0.04251367528369739,0.04038799194464926,0.001,0.001,True,
516,stage1_understanding,understanding,/Users/ritesh.thawkar/Ritesh/self-evolving-uug/runs/final/E2_understanding_only/iter_log.jsonl,proposer,kl_loss,0.0,,0.0,0.04251367528369739,0.04038799194464926,0.001,0.001,True,
517,stage1_understanding,understanding,/Users/ritesh.thawkar/Ritesh/self-evolving-uug/runs/final/E2_understanding_only/iter_log.jsonl,proposer,grpo_loss,0.4602864682674408,,0.0,-0.5520325487210462,-0.538119588373342,0.001,0.001,True,
517,stage1_understanding,understanding,/Users/ritesh.thawkar/Ritesh/self-evolving-uug/runs/final/E2_understanding_only/iter_log.jsonl,proposer,kl_loss,0.0,,0.0,-0.5520325487210462,-0.538119588373342,0.001,0.001,True,
518,stage1_understanding,understanding,/Users/ritesh.thawkar/Ritesh/self-evolving-uug/runs/final/E2_understanding_only/iter_log.jsonl,proposer,grpo_loss,0.8125,,0.0,-0.9726164558133652,-0.9473194040743803,0.001,0.001,True,
518,stage1_understanding,understanding,/Users/ritesh.thawkar/Ritesh/self-evolving-uug/runs/final/E2_understanding_only/iter_log.jsonl,proposer,kl_loss,0.0,,0.0,-0.9726164558133652,-0.9473194040743803,0.001,0.001,True,
519,stage1_understanding,understanding,/Users/ritesh.thawkar/Ritesh/self-evolving-uug/runs/final/E2_understanding_only/iter_log.jsonl,proposer,grpo_loss,0.5205078125,,0.0,-0.5920416796098418,-0.5624396015497665,0.001,0.001,True,
519,stage1_understanding,understanding,/Users/ritesh.thawkar/Ritesh/self-evolving-uug/runs/final/E2_understanding_only/iter_log.jsonl,proposer,kl_loss,0.0,,0.0,-0.5920416796098418,-0.5624396015497665,0.001,0.001,True,
520,stage1_understanding,understanding,/Users/ritesh.thawkar/Ritesh/self-evolving-uug/runs/final/E2_understanding_only/iter_log.jsonl,proposer,grpo_loss,0.5159505605697632,,0.0,-0.597878264872767,-0.21131426544570056,0.001,0.001,True,
520,stage1_understanding,understanding,/Users/ritesh.thawkar/Ritesh/self-evolving-uug/runs/final/E2_understanding_only/iter_log.jsonl,proposer,kl_loss,0.0,,0.0,-0.597878264872767,-0.21131426544570056,0.001,0.001,True,
521,stage1_understanding,understanding,/Users/ritesh.thawkar/Ritesh/self-evolving-uug/runs/final/E2_understanding_only/iter_log.jsonl,proposer,grpo_loss,0.7734375,,0.0,-0.8771929732225301,-0.8333333333333334,0.001,0.001,True,
521,stage1_understanding,understanding,/Users/ritesh.thawkar/Ritesh/self-evolving-uug/runs/final/E2_understanding_only/iter_log.jsonl,proposer,kl_loss,0.0,,0.0,-0.8771929732225301,-0.8333333333333334,0.001,0.001,True,
522,stage1_understanding,understanding,/Users/ritesh.thawkar/Ritesh/self-evolving-uug/runs/final/E2_understanding_only/iter_log.jsonl,proposer,grpo_loss,0.8684896230697632,,0.0,-0.9954374922857173,-0.9668016336725872,0.001,0.001,True,
522,stage1_understanding,understanding,/Users/ritesh.thawkar/Ritesh/self-evolving-uug/runs/final/E2_understanding_only/iter_log.jsonl,proposer,kl_loss,0.0,,0.0,-0.9954374922857173,-0.9668016336725872,0.001,0.001,True,
523,stage1_understanding,understanding,/Users/ritesh.thawkar/Ritesh/self-evolving-uug/runs/final/E2_understanding_only/iter_log.jsonl,proposer,grpo_loss,-0.8177083730697632,,0.0,0.9366292414617051,0.2221423941116736,0.001,0.001,True,
523,stage1_understanding,understanding,/Users/ritesh.thawkar/Ritesh/self-evolving-uug/runs/final/E2_understanding_only/iter_log.jsonl,proposer,kl_loss,0.0,,0.0,0.9366292414617051,0.2221423941116736,0.001,0.001,True,
524,stage1_understanding,understanding,/Users/ritesh.thawkar/Ritesh/self-evolving-uug/runs/final/E2_understanding_only/iter_log.jsonl,proposer,grpo_loss,-0.22265625,,0.0,0.2606395360380564,0.032598524685010566,0.001,0.001,True,
524,stage1_understanding,understanding,/Users/ritesh.thawkar/Ritesh/self-evolving-uug/runs/final/E2_understanding_only/iter_log.jsonl,proposer,kl_loss,0.0,,0.0,0.2606395360380564,0.032598524685010566,0.001,0.001,True,
525,stage1_understanding,understanding,/Users/ritesh.thawkar/Ritesh/self-evolving-uug/runs/final/E2_understanding_only/iter_log.jsonl,proposer,grpo_loss,0.3844401240348816,,0.0,-0.4326814419107536,-0.41104737414203035,0.001,0.001,True,
525,stage1_understanding,understanding,/Users/ritesh.thawkar/Ritesh/self-evolving-uug/runs/final/E2_understanding_only/iter_log.jsonl,proposer,kl_loss,0.0,,0.0,-0.4326814419107536,-0.41104737414203035,0.001,0.001,True,
526,stage1_understanding,understanding,/Users/ritesh.thawkar/Ritesh/self-evolving-uug/runs/final/E2_understanding_only/iter_log.jsonl,proposer,grpo_loss,0.8046875,,0.0,-0.8771929732225301,-0.8333333333333334,0.001,0.001,True,
526,stage1_understanding,understanding,/Users/ritesh.thawkar/Ritesh/self-evolving-uug/runs/final/E2_understanding_only/iter_log.jsonl,proposer,kl_loss,0.0,,0.0,-0.8771929732225301,-0.8333333333333334,0.001,0.001,True,
527,stage1_understanding,understanding,/Users/ritesh.thawkar/Ritesh/self-evolving-uug/runs/final/E2_understanding_only/iter_log.jsonl,proposer,grpo_loss,0.76953125,,0.0,-0.8771929732225301,-0.8333333333333334,0.001,0.001,True,
527,stage1_understanding,understanding,/Users/ritesh.thawkar/Ritesh/self-evolving-uug/runs/final/E2_understanding_only/iter_log.jsonl,proposer,kl_loss,0.0,,0.0,-0.8771929732225301,-0.8333333333333334,0.001,0.001,True,
528,stage1_understanding,understanding,/Users/ritesh.thawkar/Ritesh/self-evolving-uug/runs/final/E2_understanding_only/iter_log.jsonl,proposer,grpo_loss,0.4410807490348816,,0.0,-0.481497094571189,-0.45742224465760045,0.001,0.001,True,
528,stage1_understanding,understanding,/Users/ritesh.thawkar/Ritesh/self-evolving-uug/runs/final/E2_understanding_only/iter_log.jsonl,proposer,kl_loss,0.0,,0.0,-0.481497094571189,-0.45742224465760045,0.001,0.001,True,
529,stage1_understanding,understanding,/Users/ritesh.thawkar/Ritesh/self-evolving-uug/runs/final/E2_understanding_only/iter_log.jsonl,proposer,grpo_loss,0.7643229365348816,,0.0,-0.8605893611283532,-1.1415237064216333,0.001,0.001,True,
529,stage1_understanding,understanding,/Users/ritesh.thawkar/Ritesh/self-evolving-uug/runs/final/E2_understanding_only/iter_log.jsonl,proposer,kl_loss,0.0,,0.0,-0.8605893611283532,-1.1415237064216333,0.001,0.001,True,
530,stage1_understanding,understanding,/Users/ritesh.thawkar/Ritesh/self-evolving-uug/runs/final/E2_understanding_only/iter_log.jsonl,proposer,grpo_loss,0.16015625,,0.0,-0.1917585718570615,-0.031841265329188774,0.001,0.001,True,
530,stage1_understanding,understanding,/Users/ritesh.thawkar/Ritesh/self-evolving-uug/runs/final/E2_understanding_only/iter_log.jsonl,proposer,kl_loss,0.0,,0.0,-0.1917585718570615,-0.031841265329188774,0.001,0.001,True,
531,stage1_understanding,understanding,/Users/ritesh.thawkar/Ritesh/self-evolving-uug/runs/final/E2_understanding_only/iter_log.jsonl,proposer,grpo_loss,0.1663411557674408,,0.0,-0.18994625156278233,-0.1804489408841057,0.001,0.001,True,
531,stage1_understanding,understanding,/Users/ritesh.thawkar/Ritesh/self-evolving-uug/runs/final/E2_understanding_only/iter_log.jsonl,proposer,kl_loss,0.0,,0.0,-0.18994625156278233,-0.1804489408841057,0.001,0.001,True,
532,stage1_understanding,understanding,/Users/ritesh.thawkar/Ritesh/self-evolving-uug/runs/final/E2_understanding_only/iter_log.jsonl,proposer,grpo_loss,-0.0279947929084301,,0.0,0.03223883210349902,0.008465632533387132,0.001,0.001,True,
532,stage1_understanding,understanding,/Users/ritesh.thawkar/Ritesh/self-evolving-uug/runs/final/E2_understanding_only/iter_log.jsonl,proposer,kl_loss,0.0,,0.0,0.03223883210349902,0.008465632533387132,0.001,0.001,True,
533,stage1_understanding,understanding,/Users/ritesh.thawkar/Ritesh/self-evolving-uug/runs/final/E2_understanding_only/iter_log.jsonl,proposer,grpo_loss,0.76171875,,0.0,-0.8771929732225301,-0.8333333333333334,0.001,0.001,True,
533,stage1_understanding,understanding,/Users/ritesh.thawkar/Ritesh/self-evolving-uug/runs/final/E2_understanding_only/iter_log.jsonl,proposer,kl_loss,0.0,,0.0,-0.8771929732225301,-0.8333333333333334,0.001,0.001,True,
534,stage1_understanding,understanding,/Users/ritesh.thawkar/Ritesh/self-evolving-uug/runs/final/E2_understanding_only/iter_log.jsonl,proposer,grpo_loss,-0.21826171875,,0.0,0.2458841097213558,0.08173776307243653,0.001,0.001,True,
534,stage1_understanding,understanding,/Users/ritesh.thawkar/Ritesh/self-evolving-uug/runs/final/E2_understanding_only/iter_log.jsonl,proposer,kl_loss,0.0,,0.0,0.2458841097213558,0.08173776307243653,0.001,0.001,True,
535,stage1_understanding,understanding,/Users/ritesh.thawkar/Ritesh/self-evolving-uug/runs/final/E2_understanding_only/iter_log.jsonl,proposer,grpo_loss,-0.1516927182674408,,0.0,0.16386271084806028,0.05883943921938343,0.001,0.001,True,
535,stage1_understanding,understanding,/Users/ritesh.thawkar/Ritesh/self-evolving-uug/runs/final/E2_understanding_only/iter_log.jsonl,proposer,kl_loss,0.0,,0.0,0.16386271084806028,0.05883943921938343,0.001,0.001,True,
536,stage1_understanding,understanding,/Users/ritesh.thawkar/Ritesh/self-evolving-uug/runs/final/E2_understanding_only/iter_log.jsonl,proposer,grpo_loss,-0.3567708432674408,,0.0,0.3994176719833546,0.13734112716960045,0.001,0.001,True,
536,stage1_understanding,understanding,/Users/ritesh.thawkar/Ritesh/self-evolving-uug/runs/final/E2_understanding_only/iter_log.jsonl,proposer,kl_loss,0.0,,0.0,0.3994176719833546,0.13734112716960045,0.001,0.001,True,
537,stage1_understanding,understanding,/Users/ritesh.thawkar/Ritesh/self-evolving-uug/runs/final/E2_understanding_only/iter_log.jsonl,proposer,grpo_loss,-0.3346354365348816,,0.0,0.3909127667324395,0.14221988094194946,0.001,0.001,True,
537,stage1_understanding,understanding,/Users/ritesh.thawkar/Ritesh/self-evolving-uug/runs/final/E2_understanding_only/iter_log.jsonl,proposer,kl_loss,0.0,,0.0,0.3909127667324395,0.14221988094194946,0.001,0.001,True,
538,stage1_understanding,understanding,/Users/ritesh.thawkar/Ritesh/self-evolving-uug/runs/final/E2_understanding_only/iter_log.jsonl,proposer,grpo_loss,-0.1048177108168602,,0.0,0.13374056914284008,0.04379112822002207,0.001,0.001,True,
538,stage1_understanding,understanding,/Users/ritesh.thawkar/Ritesh/self-evolving-uug/runs/final/E2_understanding_only/iter_log.jsonl,proposer,kl_loss,0.0,,0.0,0.13374056914284008,0.04379112822002207,0.001,0.001,True,
539,stage1_understanding,understanding,/Users/ritesh.thawkar/Ritesh/self-evolving-uug/runs/final/E2_understanding_only/iter_log.jsonl,proposer,grpo_loss,0.4270833432674408,,0.0,-0.48562365739557106,-0.6834145772055784,0.001,0.001,True,
539,stage1_understanding,understanding,/Users/ritesh.thawkar/Ritesh/self-evolving-uug/runs/final/E2_understanding_only/iter_log.jsonl,proposer,kl_loss,0.0,,0.0,-0.48562365739557106,-0.6834145772055784,0.001,0.001,True,
540,stage1_understanding,understanding,/Users/ritesh.thawkar/Ritesh/self-evolving-uug/runs/final/E2_understanding_only/iter_log.jsonl,proposer,grpo_loss,-0.1272786557674408,,0.0,0.14428884782193688,0.04481203628540272,0.001,0.001,True,
540,stage1_understanding,understanding,/Users/ritesh.thawkar/Ritesh/self-evolving-uug/runs/final/E2_understanding_only/iter_log.jsonl,proposer,kl_loss,0.0,,0.0,0.14428884782193688,0.04481203628540272,0.001,0.001,True,
541,stage1_understanding,understanding,/Users/ritesh.thawkar/Ritesh/self-evolving-uug/runs/final/E2_understanding_only/iter_log.jsonl,proposer,grpo_loss,0.08984375,,0.0,-0.09095424225266413,-0.08640653104957334,0.001,0.001,True,
541,stage1_understanding,understanding,/Users/ritesh.thawkar/Ritesh/self-evolving-uug/runs/final/E2_understanding_only/iter_log.jsonl,proposer,kl_loss,0.0,,0.0,-0.09095424225266413,-0.08640653104957334,0.001,0.001,True,
542,stage1_understanding,understanding,/Users/ritesh.thawkar/Ritesh/self-evolving-uug/runs/final/E2_understanding_only/iter_log.jsonl,proposer,grpo_loss,0.7981771230697632,,0.0,-0.8771929732225301,-0.8333333333333334,0.001,0.001,True,
542,stage1_understanding,understanding,/Users/ritesh.thawkar/Ritesh/self-evolving-uug/runs/final/E2_understanding_only/iter_log.jsonl,proposer,kl_loss,0.0,,0.0,-0.8771929732225301,-0.8333333333333334,0.001,0.001,True,
543,stage1_understanding,understanding,/Users/ritesh.thawkar/Ritesh/self-evolving-uug/runs/final/E2_understanding_only/iter_log.jsonl,proposer,grpo_loss,0.0755208358168602,,0.0,-0.0706323387751473,-0.01974556716947636,0.001,0.001,True,
543,stage1_understanding,understanding,/Users/ritesh.thawkar/Ritesh/self-evolving-uug/runs/final/E2_understanding_only/iter_log.jsonl,proposer,kl_loss,0.0,,0.0,-0.0706323387751473,-0.01974556716947636,0.001,0.001,True,
544,stage1_understanding,understanding,/Users/ritesh.thawkar/Ritesh/self-evolving-uug/runs/final/E2_understanding_only/iter_log.jsonl,proposer,grpo_loss,0.77734375,,0.0,-0.8771929732225301,-0.8333333333333334,0.001,0.001,True,
544,stage1_understanding,understanding,/Users/ritesh.thawkar/Ritesh/self-evolving-uug/runs/final/E2_understanding_only/iter_log.jsonl,proposer,kl_loss,0.0,,0.0,-0.8771929732225301,-0.8333333333333334,0.001,0.001,True,
545,stage1_understanding,understanding,/Users/ritesh.thawkar/Ritesh/self-evolving-uug/runs/final/E2_understanding_only/iter_log.jsonl,proposer,grpo_loss,-0.6617838740348816,,0.0,0.7489735722567685,0.29727598410977935,0.001,0.001,True,
545,stage1_understanding,understanding,/Users/ritesh.thawkar/Ritesh/self-evolving-uug/runs/final/E2_understanding_only/iter_log.jsonl,proposer,kl_loss,0.0,,0.0,0.7489735722567685,0.29727598410977935,0.001,0.001,True,
546,stage1_understanding,understanding,/Users/ritesh.thawkar/Ritesh/self-evolving-uug/runs/final/E2_understanding_only/iter_log.jsonl,proposer,grpo_loss,0.84765625,,0.0,-0.9760532310331783,-0.941304526306777,0.001,0.001,True,
546,stage1_understanding,understanding,/Users/ritesh.thawkar/Ritesh/self-evolving-uug/runs/final/E2_understanding_only/iter_log.jsonl,proposer,kl_loss,0.0,,0.0,-0.9760532310331783,-0.941304526306777,0.001,0.001,True,
547,stage1_understanding,understanding,/Users/ritesh.thawkar/Ritesh/self-evolving-uug/runs/final/E2_understanding_only/iter_log.jsonl,proposer,grpo_loss,-0.8645833730697632,,0.0,0.9910114612714173,0.3401265490096823,0.001,0.001,True,
547,stage1_understanding,understanding,/Users/ritesh.thawkar/Ritesh/self-evolving-uug/runs/final/E2_understanding_only/iter_log.jsonl,proposer,kl_loss,0.0,,0.0,0.9910114612714173,0.3401265490096823,0.001,0.001,True,
548,stage1_understanding,understanding,/Users/ritesh.thawkar/Ritesh/self-evolving-uug/runs/final/E2_understanding_only/iter_log.jsonl,proposer,grpo_loss,-0.3645833432674408,,0.0,0.4200082650353066,0.12252892408455758,0.001,0.001,True,
548,stage1_understanding,understanding,/Users/ritesh.thawkar/Ritesh/self-evolving-uug/runs/final/E2_understanding_only/iter_log.jsonl,proposer,kl_loss,0.0,,0.0,0.4200082650353066,0.12252892408455758,0.001,0.001,True,
549,stage1_understanding,understanding,/Users/ritesh.thawkar/Ritesh/self-evolving-uug/runs/final/E2_understanding_only/iter_log.jsonl,proposer,grpo_loss,0.7473958730697632,,0.0,-0.8771929732225301,-0.8333333333333334,0.001,0.001,True,
549,stage1_understanding,understanding,/Users/ritesh.thawkar/Ritesh/self-evolving-uug/runs/final/E2_understanding_only/iter_log.jsonl,proposer,kl_loss,0.0,,0.0,-0.8771929732225301,-0.8333333333333334,0.001,0.001,True,
550,stage1_understanding,understanding,/Users/ritesh.thawkar/Ritesh/self-evolving-uug/runs/final/E2_understanding_only/iter_log.jsonl,proposer,grpo_loss,0.7513021230697632,,0.0,-0.8771929732225301,-0.8333333333333334,0.001,0.001,True,
550,stage1_understanding,understanding,/Users/ritesh.thawkar/Ritesh/self-evolving-uug/runs/final/E2_understanding_only/iter_log.jsonl,proposer,kl_loss,0.0,,0.0,-0.8771929732225301,-0.8333333333333334,0.001,0.001,True,
551,stage1_understanding,understanding,/Users/ritesh.thawkar/Ritesh/self-evolving-uug/runs/final/E2_understanding_only/iter_log.jsonl,proposer,grpo_loss,0.7161458730697632,,0.0,-0.8264091951043427,-1.0879247353758208,0.001,0.001,True,
551,stage1_understanding,understanding,/Users/ritesh.thawkar/Ritesh/self-evolving-uug/runs/final/E2_understanding_only/iter_log.jsonl,proposer,kl_loss,0.0,,0.0,-0.8264091951043427,-1.0879247353758208,0.001,0.001,True,
552,stage1_understanding,understanding,/Users/ritesh.thawkar/Ritesh/self-evolving-uug/runs/final/E2_understanding_only/iter_log.jsonl,proposer,grpo_loss,-0.302734375,,0.0,0.3439645058008221,0.24051710625686681,0.001,0.001,True,
552,stage1_understanding,understanding,/Users/ritesh.thawkar/Ritesh/self-evolving-uug/runs/final/E2_understanding_only/iter_log.jsonl,proposer,kl_loss,0.0,,0.0,0.3439645058008221,0.24051710625686681,0.001,0.001,True,
553,stage1_understanding,understanding,/Users/ritesh.thawkar/Ritesh/self-evolving-uug/runs/final/E2_understanding_only/iter_log.jsonl,proposer,grpo_loss,0.359375,,0.0,-0.40040360304676653,-0.3803834268984642,0.001,0.001,True,
553,stage1_understanding,understanding,/Users/ritesh.thawkar/Ritesh/self-evolving-uug/runs/final/E2_understanding_only/iter_log.jsonl,proposer,kl_loss,0.0,,0.0,-0.40040360304676653,-0.3803834268984642,0.001,0.001,True,
554,stage1_understanding,understanding,/Users/ritesh.thawkar/Ritesh/self-evolving-uug/runs/final/E2_understanding_only/iter_log.jsonl,proposer,grpo_loss,0.4287109375,,0.0,-0.49391007644060775,-0.2570953441900151,0.001,0.001,True,
554,stage1_understanding,understanding,/Users/ritesh.thawkar/Ritesh/self-evolving-uug/runs/final/E2_understanding_only/iter_log.jsonl,proposer,kl_loss,0.0,,0.0,-0.49391007644060775,-0.2570953441900151,0.001,0.001,True,
555,stage1_understanding,understanding,/Users/ritesh.thawkar/Ritesh/self-evolving-uug/runs/final/E2_understanding_only/iter_log.jsonl,proposer,grpo_loss,0.505859375,,0.0,-0.5881178212858741,-0.5587119361027586,0.001,0.001,True,
555,stage1_understanding,understanding,/Users/ritesh.thawkar/Ritesh/self-evolving-uug/runs/final/E2_understanding_only/iter_log.jsonl,proposer,kl_loss,0.0,,0.0,-0.5881178212858741,-0.5587119361027586,0.001,0.001,True,
556,stage1_understanding,understanding,/Users/ritesh.thawkar/Ritesh/self-evolving-uug/runs/final/E2_understanding_only/iter_log.jsonl,proposer,grpo_loss,-0.3033854365348816,,0.0,0.33488023681768525,0.0384661510393266,0.001,0.001,True,
556,stage1_understanding,understanding,/Users/ritesh.thawkar/Ritesh/self-evolving-uug/runs/final/E2_understanding_only/iter_log.jsonl,proposer,kl_loss,0.0,,0.0,0.33488023681768525,0.0384661510393266,0.001,0.001,True,
557,stage1_understanding,understanding,/Users/ritesh.thawkar/Ritesh/self-evolving-uug/runs/final/E2_understanding_only/iter_log.jsonl,proposer,grpo_loss,-0.6966146230697632,,0.0,0.811769905940972,0.21415237750848506,0.001,0.001,True,
557,stage1_understanding,understanding,/Users/ritesh.thawkar/Ritesh/self-evolving-uug/runs/final/E2_understanding_only/iter_log.jsonl,proposer,kl_loss,0.0,,0.0,0.811769905940972,0.21415237750848506,0.001,0.001,True,
558,stage1_understanding,understanding,/Users/ritesh.thawkar/Ritesh/self-evolving-uug/runs/final/E2_understanding_only/iter_log.jsonl,proposer,grpo_loss,0.7578125,,0.0,-0.8771929732225301,-0.8333333333333334,0.001,0.001,True,
558,stage1_understanding,understanding,/Users/ritesh.thawkar/Ritesh/self-evolving-uug/runs/final/E2_understanding_only/iter_log.jsonl,proposer,kl_loss,0.0,,0.0,-0.8771929732225301,-0.8333333333333334,0.001,0.001,True,
559,stage1_understanding,understanding,/Users/ritesh.thawkar/Ritesh/self-evolving-uug/runs/final/E2_understanding_only/iter_log.jsonl,proposer,grpo_loss,-0.8489583730697632,,0.0,0.9675938759792656,0.193809010695138,0.001,0.001,True,
559,stage1_understanding,understanding,/Users/ritesh.thawkar/Ritesh/self-evolving-uug/runs/final/E2_understanding_only/iter_log.jsonl,proposer,kl_loss,0.0,,0.0,0.9675938759792656,0.193809010695138,0.001,0.001,True,
560,stage1_understanding,understanding,/Users/ritesh.thawkar/Ritesh/self-evolving-uug/runs/final/E2_understanding_only/iter_log.jsonl,proposer,grpo_loss,0.8385416865348816,,0.0,-0.9756754205922871,-0.9387846393794187,0.001,0.001,True,
560,stage1_understanding,understanding,/Users/ritesh.thawkar/Ritesh/self-evolving-uug/runs/final/E2_understanding_only/iter_log.jsonl,proposer,kl_loss,0.0,,0.0,-0.9756754205922871,-0.9387846393794187,0.001,0.001,True,
561,stage1_understanding,understanding,/Users/ritesh.thawkar/Ritesh/self-evolving-uug/runs/final/E2_understanding_only/iter_log.jsonl,proposer,grpo_loss,0.1106770858168602,,0.0,-0.11601060885034113,-0.018584800578720473,0.001,0.001,True,
561,stage1_understanding,understanding,/Users/ritesh.thawkar/Ritesh/self-evolving-uug/runs/final/E2_understanding_only/iter_log.jsonl,proposer,kl_loss,0.0,,0.0,-0.11601060885034113,-0.018584800578720473,0.001,0.001,True,
562,stage1_understanding,understanding,/Users/ritesh.thawkar/Ritesh/self-evolving-uug/runs/final/E2_understanding_only/iter_log.jsonl,proposer,grpo_loss,0.7981771230697632,,0.0,-0.9588092719645545,-0.9422272452517056,0.001,0.001,True,
562,stage1_understanding,understanding,/Users/ritesh.thawkar/Ritesh/self-evolving-uug/runs/final/E2_understanding_only/iter_log.jsonl,proposer,kl_loss,0.0,,0.0,-0.9588092719645545,-0.9422272452517056,0.001,0.001,True,
563,stage1_understanding,understanding,/Users/ritesh.thawkar/Ritesh/self-evolving-uug/runs/final/E2_understanding_only/iter_log.jsonl,proposer,grpo_loss,0.765625,,0.0,-0.8771929732225301,-0.8333333333333334,0.001,0.001,True,
563,stage1_understanding,understanding,/Users/ritesh.thawkar/Ritesh/self-evolving-uug/runs/final/E2_understanding_only/iter_log.jsonl,proposer,kl_loss,0.0,,0.0,-0.8771929732225301,-0.8333333333333334,0.001,0.001,True,
564,stage1_understanding,understanding,/Users/ritesh.thawkar/Ritesh/self-evolving-uug/runs/final/E2_understanding_only/iter_log.jsonl,proposer,grpo_loss,-0.7786458730697632,,0.0,0.8893643639647836,0.2991346523319373,0.001,0.001,True,
564,stage1_understanding,understanding,/Users/ritesh.thawkar/Ritesh/self-evolving-uug/runs/final/E2_understanding_only/iter_log.jsonl,proposer,kl_loss,0.0,,0.0,0.8893643639647836,0.2991346523319373,0.001,0.001,True,
565,stage1_understanding,understanding,/Users/ritesh.thawkar/Ritesh/self-evolving-uug/runs/final/E2_understanding_only/iter_log.jsonl,proposer,grpo_loss,0.2700602412223816,,0.0,-0.27885387053126903,-0.26491117979324424,0.001,0.001,True,
565,stage1_understanding,understanding,/Users/ritesh.thawkar/Ritesh/self-evolving-uug/runs/final/E2_understanding_only/iter_log.jsonl,proposer,kl_loss,0.0,,0.0,-0.27885387053126903,-0.26491117979324424,0.001,0.001,True,
566,stage1_understanding,understanding,/Users/ritesh.thawkar/Ritesh/self-evolving-uug/runs/final/E2_understanding_only/iter_log.jsonl,proposer,grpo_loss,0.87109375,,0.0,-0.9965515436833642,-0.9467239764647113,0.001,0.001,True,
566,stage1_understanding,understanding,/Users/ritesh.thawkar/Ritesh/self-evolving-uug/runs/final/E2_understanding_only/iter_log.jsonl,proposer,kl_loss,0.0,,0.0,-0.9965515436833642,-0.9467239764647113,0.001,0.001,True,
567,stage1_understanding,understanding,/Users/ritesh.thawkar/Ritesh/self-evolving-uug/runs/final/E2_understanding_only/iter_log.jsonl,proposer,grpo_loss,-0.66796875,,0.0,0.7502410290459145,0.27981272125132634,0.001,0.001,True,
567,stage1_understanding,understanding,/Users/ritesh.thawkar/Ritesh/self-evolving-uug/runs/final/E2_understanding_only/iter_log.jsonl,proposer,kl_loss,0.0,,0.0,0.7502410290459145,0.27981272125132634,0.001,0.001,True,
568,stage1_understanding,understanding,/Users/ritesh.thawkar/Ritesh/self-evolving-uug/runs/final/E2_understanding_only/iter_log.jsonl,proposer,grpo_loss,0.5013021230697632,,0.0,-0.5657828599211733,-0.5374937225829433,0.001,0.001,True,
568,stage1_understanding,understanding,/Users/ritesh.thawkar/Ritesh/self-evolving-uug/runs/final/E2_understanding_only/iter_log.jsonl,proposer,kl_loss,0.0,,0.0,-0.5657828599211733,-0.5374937225829433,0.001,0.001,True,
569,stage1_understanding,understanding,/Users/ritesh.thawkar/Ritesh/self-evolving-uug/runs/final/E2_understanding_only/iter_log.jsonl,proposer,grpo_loss,0.32421875,,0.0,-0.37478687501343183,-0.11370891017003677,0.001,0.001,True,
569,stage1_understanding,understanding,/Users/ritesh.thawkar/Ritesh/self-evolving-uug/runs/final/E2_understanding_only/iter_log.jsonl,proposer,kl_loss,0.0,,0.0,-0.37478687501343183,-0.11370891017003677,0.001,0.001,True,
570,stage1_understanding,understanding,/Users/ritesh.thawkar/Ritesh/self-evolving-uug/runs/final/E2_understanding_only/iter_log.jsonl,proposer,grpo_loss,0.4680989682674408,,0.0,-0.5577600420685469,-0.52987204554272,0.001,0.001,True,
570,stage1_understanding,understanding,/Users/ritesh.thawkar/Ritesh/self-evolving-uug/runs/final/E2_understanding_only/iter_log.jsonl,proposer,kl_loss,0.0,,0.0,-0.5577600420685469,-0.52987204554272,0.001,0.001,True,
571,stage1_understanding,understanding,/Users/ritesh.thawkar/Ritesh/self-evolving-uug/runs/final/E2_understanding_only/iter_log.jsonl,proposer,grpo_loss,-0.2503255307674408,,0.0,0.29314444923944566,0.10965139543934703,0.001,0.001,True,
571,stage1_understanding,understanding,/Users/ritesh.thawkar/Ritesh/self-evolving-uug/runs/final/E2_understanding_only/iter_log.jsonl,proposer,kl_loss,0.0,,0.0,0.29314444923944566,0.10965139543934703,0.001,0.001,True,
572,stage1_understanding,understanding,/Users/ritesh.thawkar/Ritesh/self-evolving-uug/runs/final/E2_understanding_only/iter_log.jsonl,proposer,grpo_loss,0.7708333730697632,,0.0,-0.8771929732225301,-0.8333333333333334,0.001,0.001,True,
572,stage1_understanding,understanding,/Users/ritesh.thawkar/Ritesh/self-evolving-uug/runs/final/E2_understanding_only/iter_log.jsonl,proposer,kl_loss,0.0,,0.0,-0.8771929732225301,-0.8333333333333334,0.001,0.001,True,
573,stage1_understanding,understanding,/Users/ritesh.thawkar/Ritesh/self-evolving-uug/runs/final/E2_understanding_only/iter_log.jsonl,proposer,grpo_loss,0.22998046875,,0.0,-0.2726724448566505,-0.2590388253405424,0.001,0.001,True,
573,stage1_understanding,understanding,/Users/ritesh.thawkar/Ritesh/self-evolving-uug/runs/final/E2_understanding_only/iter_log.jsonl,proposer,kl_loss,0.0,,0.0,-0.2726724448566505,-0.2590388253405424,0.001,0.001,True,
574,stage1_understanding,understanding,/Users/ritesh.thawkar/Ritesh/self-evolving-uug/runs/final/E2_understanding_only/iter_log.jsonl,proposer,grpo_loss,0.8411458730697632,,0.0,-0.9771851157463969,-0.9491851754990849,0.001,0.001,True,
574,stage1_understanding,understanding,/Users/ritesh.thawkar/Ritesh/self-evolving-uug/runs/final/E2_understanding_only/iter_log.jsonl,proposer,kl_loss,0.0,,0.0,-0.9771851157463969,-0.9491851754990849,0.001,0.001,True,
575,stage1_understanding,understanding,/Users/ritesh.thawkar/Ritesh/self-evolving-uug/runs/final/E2_understanding_only/iter_log.jsonl,proposer,grpo_loss,0.81640625,,0.0,-0.9760852844196606,-0.9272810299595303,0.001,0.001,True,
575,stage1_understanding,understanding,/Users/ritesh.thawkar/Ritesh/self-evolving-uug/runs/final/E2_understanding_only/iter_log.jsonl,proposer,kl_loss,0.0,,0.0,-0.9760852844196606,-0.9272810299595303,0.001,0.001,True,
576,stage1_understanding,understanding,/Users/ritesh.thawkar/Ritesh/self-evolving-uug/runs/final/E2_understanding_only/iter_log.jsonl,proposer,grpo_loss,0.21875,,0.0,-0.24738710478186263,-0.06246286119108787,0.001,0.001,True,
576,stage1_understanding,understanding,/Users/ritesh.thawkar/Ritesh/self-evolving-uug/runs/final/E2_understanding_only/iter_log.jsonl,proposer,kl_loss,0.0,,0.0,-0.24738710478186263,-0.06246286119108787,0.001,0.001,True,
577,stage1_understanding,understanding,/Users/ritesh.thawkar/Ritesh/self-evolving-uug/runs/final/E2_understanding_only/iter_log.jsonl,proposer,grpo_loss,-0.76953125,,0.0,0.8722353670330651,0.27146921250898937,0.001,0.001,True,
577,stage1_understanding,understanding,/Users/ritesh.thawkar/Ritesh/self-evolving-uug/runs/final/E2_understanding_only/iter_log.jsonl,proposer,kl_loss,0.0,,0.0,0.8722353670330651,0.27146921250898937,0.001,0.001,True,
578,stage1_understanding,understanding,/Users/ritesh.thawkar/Ritesh/self-evolving-uug/runs/final/E2_understanding_only/iter_log.jsonl,proposer,grpo_loss,0.8997396230697632,,0.0,-0.9934890461969439,-0.9531232006113536,0.001,0.001,True,
578,stage1_understanding,understanding,/Users/ritesh.thawkar/Ritesh/self-evolving-uug/runs/final/E2_understanding_only/iter_log.jsonl,proposer,kl_loss,0.0,,0.0,-0.9934890461969439,-0.9531232006113536,0.001,0.001,True,
579,stage1_understanding,understanding,/Users/ritesh.thawkar/Ritesh/self-evolving-uug/runs/final/E2_understanding_only/iter_log.jsonl,proposer,grpo_loss,-0.82421875,,0.0,0.9482891996840022,0.3169121510095967,0.001,0.001,True,
579,stage1_understanding,understanding,/Users/ritesh.thawkar/Ritesh/self-evolving-uug/runs/final/E2_understanding_only/iter_log.jsonl,proposer,kl_loss,0.0,,0.0,0.9482891996840022,0.3169121510095967,0.001,0.001,True,
580,stage1_understanding,understanding,/Users/ritesh.thawkar/Ritesh/self-evolving-uug/runs/final/E2_understanding_only/iter_log.jsonl,proposer,grpo_loss,0.7526041865348816,,0.0,-0.8771929732225301,-0.8333333333333334,0.001,0.001,True,
580,stage1_understanding,understanding,/Users/ritesh.thawkar/Ritesh/self-evolving-uug/runs/final/E2_understanding_only/iter_log.jsonl,proposer,kl_loss,0.0,,0.0,-0.8771929732225301,-0.8333333333333334,0.001,0.001,True,
581,stage1_understanding,understanding,/Users/ritesh.thawkar/Ritesh/self-evolving-uug/runs/final/E2_understanding_only/iter_log.jsonl,proposer,grpo_loss,-0.455078125,,0.0,0.526504098150612,0.4738536936005919,0.001,0.001,True,
581,stage1_understanding,understanding,/Users/ritesh.thawkar/Ritesh/self-evolving-uug/runs/final/E2_understanding_only/iter_log.jsonl,proposer,kl_loss,0.0,,0.0,0.526504098150612,0.4738536936005919,0.001,0.001,True,
582,stage1_understanding,understanding,/Users/ritesh.thawkar/Ritesh/self-evolving-uug/runs/final/E2_understanding_only/iter_log.jsonl,proposer,grpo_loss,0.1940104216337204,,0.0,-0.21856986616230578,-0.20764137503988914,0.001,0.001,True,
582,stage1_understanding,understanding,/Users/ritesh.thawkar/Ritesh/self-evolving-uug/runs/final/E2_understanding_only/iter_log.jsonl,proposer,kl_loss,0.0,,0.0,-0.21856986616230578,-0.20764137503988914,0.001,0.001,True,
583,stage1_understanding,understanding,/Users/ritesh.thawkar/Ritesh/self-evolving-uug/runs/final/E2_understanding_only/iter_log.jsonl,proposer,grpo_loss,-0.0950520858168602,,0.0,0.11426667410159737,0.026304090040286204,0.001,0.001,True,
583,stage1_understanding,understanding,/Users/ritesh.thawkar/Ritesh/self-evolving-uug/runs/final/E2_understanding_only/iter_log.jsonl,proposer,kl_loss,0.0,,0.0,0.11426667410159737,0.026304090040286204,0.001,0.001,True,
584,stage1_understanding,understanding,/Users/ritesh.thawkar/Ritesh/self-evolving-uug/runs/final/E2_understanding_only/iter_log.jsonl,proposer,grpo_loss,0.4986979365348816,,0.0,-0.5976929006341427,-0.5678082615793646,0.001,0.001,True,
584,stage1_understanding,understanding,/Users/ritesh.thawkar/Ritesh/self-evolving-uug/runs/final/E2_understanding_only/iter_log.jsonl,proposer,kl_loss,0.0,,0.0,-0.5976929006341427,-0.5678082615793646,0.001,0.001,True,
585,stage1_understanding,understanding,/Users/ritesh.thawkar/Ritesh/self-evolving-uug/runs/final/E2_understanding_only/iter_log.jsonl,proposer,grpo_loss,0.7825521230697632,,0.0,-0.8876622860941925,-0.8432791806661059,0.001,0.001,True,
585,stage1_understanding,understanding,/Users/ritesh.thawkar/Ritesh/self-evolving-uug/runs/final/E2_understanding_only/iter_log.jsonl,proposer,kl_loss,0.0,,0.0,-0.8876622860941925,-0.8432791806661059,0.001,0.001,True,
586,stage1_understanding,understanding,/Users/ritesh.thawkar/Ritesh/self-evolving-uug/runs/final/E2_understanding_only/iter_log.jsonl,proposer,grpo_loss,0.8723958730697632,,0.0,-0.9762442413288013,-0.9617009270877883,0.001,0.001,True,
586,stage1_understanding,understanding,/Users/ritesh.thawkar/Ritesh/self-evolving-uug/runs/final/E2_understanding_only/iter_log.jsonl,proposer,kl_loss,0.0,,0.0,-0.9762442413288013,-0.9617009270877883,0.001,0.001,True,
587,stage1_understanding,understanding,/Users/ritesh.thawkar/Ritesh/self-evolving-uug/runs/final/E2_understanding_only/iter_log.jsonl,proposer,grpo_loss,0.7721354365348816,,0.0,-0.8771929732225301,-0.8333333333333334,0.001,0.001,True,
587,stage1_understanding,understanding,/Users/ritesh.thawkar/Ritesh/self-evolving-uug/runs/final/E2_understanding_only/iter_log.jsonl,proposer,kl_loss,0.0,,0.0,-0.8771929732225301,-0.8333333333333334,0.001,0.001,True,
588,stage1_understanding,understanding,/Users/ritesh.thawkar/Ritesh/self-evolving-uug/runs/final/E2_understanding_only/iter_log.jsonl,proposer,grpo_loss,0.5087890625,,0.0,-0.5763910359267053,-0.5475714898942804,0.001,0.001,True,
588,stage1_understanding,understanding,/Users/ritesh.thawkar/Ritesh/self-evolving-uug/runs/final/E2_understanding_only/iter_log.jsonl,proposer,kl_loss,0.0,,0.0,-0.5763910359267053,-0.5475714898942804,0.001,0.001,True,
589,stage1_understanding,understanding,/Users/ritesh.thawkar/Ritesh/self-evolving-uug/runs/final/E2_understanding_only/iter_log.jsonl,proposer,grpo_loss,0.640625,,0.0,-0.7484881607627812,-0.7110637602095237,0.001,0.001,True,
589,stage1_understanding,understanding,/Users/ritesh.thawkar/Ritesh/self-evolving-uug/runs/final/E2_understanding_only/iter_log.jsonl,proposer,kl_loss,0.0,,0.0,-0.7484881607627812,-0.7110637602095237,0.001,0.001,True,
590,stage1_understanding,understanding,/Users/ritesh.thawkar/Ritesh/self-evolving-uug/runs/final/E2_understanding_only/iter_log.jsonl,proposer,grpo_loss,-0.7825521230697632,,0.0,0.90390883705308,0.26588676637269454,0.001,0.001,True,
590,stage1_understanding,understanding,/Users/ritesh.thawkar/Ritesh/self-evolving-uug/runs/final/E2_understanding_only/iter_log.jsonl,proposer,kl_loss,0.0,,0.0,0.90390883705308,0.26588676637269454,0.001,0.001,True,
591,stage1_understanding,understanding,/Users/ritesh.thawkar/Ritesh/self-evolving-uug/runs/final/E2_understanding_only/iter_log.jsonl,proposer,grpo_loss,0.5162760615348816,,0.0,-0.5984701619895428,-0.5685466598747673,0.001,0.001,True,
591,stage1_understanding,understanding,/Users/ritesh.thawkar/Ritesh/self-evolving-uug/runs/final/E2_understanding_only/iter_log.jsonl,proposer,kl_loss,0.0,,0.0,-0.5984701619895428,-0.5685466598747673,0.001,0.001,True,
592,stage1_understanding,understanding,/Users/ritesh.thawkar/Ritesh/self-evolving-uug/runs/final/E2_understanding_only/iter_log.jsonl,proposer,grpo_loss,0.0330657958984375,,0.0,-0.04252319521029852,-0.007282335480884823,0.001,0.001,True,
592,stage1_understanding,understanding,/Users/ritesh.thawkar/Ritesh/self-evolving-uug/runs/final/E2_understanding_only/iter_log.jsonl,proposer,kl_loss,0.0,,0.0,-0.04252319521029852,-0.007282335480884823,0.001,0.001,True,
593,stage1_understanding,understanding,/Users/ritesh.thawkar/Ritesh/self-evolving-uug/runs/final/E2_understanding_only/iter_log.jsonl,proposer,grpo_loss,0.5563151240348816,,0.0,-0.6149027998798872,-0.5841576660349208,0.001,0.001,True,
593,stage1_understanding,understanding,/Users/ritesh.thawkar/Ritesh/self-evolving-uug/runs/final/E2_understanding_only/iter_log.jsonl,proposer,kl_loss,0.0,,0.0,-0.6149027998798872,-0.5841576660349208,0.001,0.001,True,
594,stage1_understanding,understanding,/Users/ritesh.thawkar/Ritesh/self-evolving-uug/runs/final/E2_understanding_only/iter_log.jsonl,proposer,grpo_loss,0.4466145932674408,,0.0,-0.5030419089738035,-0.18254193710053632,0.001,0.001,True,
594,stage1_understanding,understanding,/Users/ritesh.thawkar/Ritesh/self-evolving-uug/runs/final/E2_understanding_only/iter_log.jsonl,proposer,kl_loss,0.0,,0.0,-0.5030419089738035,-0.18254193710053632,0.001,0.001,True,
595,stage1_understanding,understanding,/Users/ritesh.thawkar/Ritesh/self-evolving-uug/runs/final/E2_understanding_only/iter_log.jsonl,proposer,grpo_loss,0.7291666865348816,,0.0,-0.8771929732225301,-0.8333333333333334,0.001,0.001,True,
595,stage1_understanding,understanding,/Users/ritesh.thawkar/Ritesh/self-evolving-uug/runs/final/E2_understanding_only/iter_log.jsonl,proposer,kl_loss,0.0,,0.0,-0.8771929732225301,-0.8333333333333334,0.001,0.001,True,
596,stage1_understanding,understanding,/Users/ritesh.thawkar/Ritesh/self-evolving-uug/runs/final/E2_understanding_only/iter_log.jsonl,proposer,grpo_loss,0.7526041865348816,,0.0,-0.8771929732225301,-0.8333333333333334,0.001,0.001,True,
596,stage1_understanding,understanding,/Users/ritesh.thawkar/Ritesh/self-evolving-uug/runs/final/E2_understanding_only/iter_log.jsonl,proposer,kl_loss,0.0,,0.0,-0.8771929732225301,-0.8333333333333334,0.001,0.001,True,
597,stage1_understanding,understanding,/Users/ritesh.thawkar/Ritesh/self-evolving-uug/runs/final/E2_understanding_only/iter_log.jsonl,proposer,grpo_loss,0.5305989980697632,,0.0,-0.6111148021717717,-0.5805590681743311,0.001,0.001,True,
597,stage1_understanding,understanding,/Users/ritesh.thawkar/Ritesh/self-evolving-uug/runs/final/E2_understanding_only/iter_log.jsonl,proposer,kl_loss,0.0,,0.0,-0.6111148021717717,-0.5805590681743311,0.001,0.001,True,
598,stage1_understanding,understanding,/Users/ritesh.thawkar/Ritesh/self-evolving-uug/runs/final/E2_understanding_only/iter_log.jsonl,proposer,grpo_loss,0.3307291865348816,,0.0,-0.3771728832714388,-0.35831424287959573,0.001,0.001,True,
598,stage1_understanding,understanding,/Users/ritesh.thawkar/Ritesh/self-evolving-uug/runs/final/E2_understanding_only/iter_log.jsonl,proposer,kl_loss,0.0,,0.0,-0.3771728832714388,-0.35831424287959573,0.001,0.001,True,
599,stage1_understanding,understanding,/Users/ritesh.thawkar/Ritesh/self-evolving-uug/runs/final/E2_understanding_only/iter_log.jsonl,proposer,grpo_loss,-0.5221354365348816,,0.0,0.5960290131349062,0.07693983040677684,0.001,0.001,True,
599,stage1_understanding,understanding,/Users/ritesh.thawkar/Ritesh/self-evolving-uug/runs/final/E2_understanding_only/iter_log.jsonl,proposer,kl_loss,0.0,,0.0,0.5960290131349062,0.07693983040677684,0.001,0.001,True,
600,stage1_understanding,understanding,/Users/ritesh.thawkar/Ritesh/self-evolving-uug/runs/final/E2_understanding_only/iter_log.jsonl,proposer,grpo_loss,0.7565104365348816,,0.0,-0.8771929732225301,-0.8333333333333334,0.001,0.001,True,
600,stage1_understanding,understanding,/Users/ritesh.thawkar/Ritesh/self-evolving-uug/runs/final/E2_understanding_only/iter_log.jsonl,proposer,kl_loss,0.0,,0.0,-0.8771929732225301,-0.8333333333333334,0.001,0.001,True,
601,stage1_understanding,understanding,/Users/ritesh.thawkar/Ritesh/self-evolving-uug/runs/final/E2_understanding_only/iter_log.jsonl,proposer,grpo_loss,0.2649739682674408,,0.0,-0.3066703137193173,-0.16830343308476922,0.001,0.001,True,
601,stage1_understanding,understanding,/Users/ritesh.thawkar/Ritesh/self-evolving-uug/runs/final/E2_understanding_only/iter_log.jsonl,proposer,kl_loss,0.0,,0.0,-0.3066703137193173,-0.16830343308476922,0.001,0.001,True,
602,stage1_understanding,understanding,/Users/ritesh.thawkar/Ritesh/self-evolving-uug/runs/final/E2_understanding_only/iter_log.jsonl,proposer,grpo_loss,0.77734375,,0.0,-0.9226350699725224,-0.8765033257002471,0.001,0.001,True,
602,stage1_understanding,understanding,/Users/ritesh.thawkar/Ritesh/self-evolving-uug/runs/final/E2_understanding_only/iter_log.jsonl,proposer,kl_loss,0.0,,0.0,-0.9226350699725224,-0.8765033257002471,0.001,0.001,True,
603,stage1_understanding,understanding,/Users/ritesh.thawkar/Ritesh/self-evolving-uug/runs/final/E2_understanding_only/iter_log.jsonl,proposer,grpo_loss,0.7591146230697632,,0.0,-0.8771929732225301,-0.8333333333333334,0.001,0.001,True,
603,stage1_understanding,understanding,/Users/ritesh.thawkar/Ritesh/self-evolving-uug/runs/final/E2_understanding_only/iter_log.jsonl,proposer,kl_loss,0.0,,0.0,-0.8771929732225301,-0.8333333333333334,0.001,0.001,True,
604,stage1_understanding,understanding,/Users/ritesh.thawkar/Ritesh/self-evolving-uug/runs/final/E2_understanding_only/iter_log.jsonl,proposer,grpo_loss,0.5071614980697632,,0.0,-0.5647944024631162,-0.5365546879879045,0.001,0.001,True,
604,stage1_understanding,understanding,/Users/ritesh.thawkar/Ritesh/self-evolving-uug/runs/final/E2_understanding_only/iter_log.jsonl,proposer,kl_loss,0.0,,0.0,-0.5647944024631162,-0.5365546879879045,0.001,0.001,True,
605,stage1_understanding,understanding,/Users/ritesh.thawkar/Ritesh/self-evolving-uug/runs/final/E2_understanding_only/iter_log.jsonl,proposer,grpo_loss,0.0071614584885537624,,0.0,-0.013306534091705494,-0.00391143457995106,0.001,0.001,True,
605,stage1_understanding,understanding,/Users/ritesh.thawkar/Ritesh/self-evolving-uug/runs/final/E2_understanding_only/iter_log.jsonl,proposer,kl_loss,0.0,,0.0,-0.013306534091705494,-0.00391143457995106,0.001,0.001,True,
606,stage1_understanding,understanding,/Users/ritesh.thawkar/Ritesh/self-evolving-uug/runs/final/E2_understanding_only/iter_log.jsonl,proposer,grpo_loss,0.52734375,,0.0,-0.60725163351995,-0.5768890579164689,0.001,0.001,True,
606,stage1_understanding,understanding,/Users/ritesh.thawkar/Ritesh/self-evolving-uug/runs/final/E2_understanding_only/iter_log.jsonl,proposer,kl_loss,0.0,,0.0,-0.60725163351995,-0.5768890579164689,0.001,0.001,True,
607,stage1_understanding,understanding,/Users/ritesh.thawkar/Ritesh/self-evolving-uug/runs/final/E2_understanding_only/iter_log.jsonl,proposer,grpo_loss,0.4446614682674408,,0.0,-0.5107827104098178,-0.12676342625845574,0.001,0.001,True,
607,stage1_understanding,understanding,/Users/ritesh.thawkar/Ritesh/self-evolving-uug/runs/final/E2_understanding_only/iter_log.jsonl,proposer,kl_loss,0.0,,0.0,-0.5107827104098178,-0.12676342625845574,0.001,0.001,True,
608,stage1_understanding,understanding,/Users/ritesh.thawkar/Ritesh/self-evolving-uug/runs/final/E2_understanding_only/iter_log.jsonl,proposer,grpo_loss,0.5885416865348816,,0.0,-0.6859693393820604,-1.2319991110854085,0.001,0.001,True,
608,stage1_understanding,understanding,/Users/ritesh.thawkar/Ritesh/self-evolving-uug/runs/final/E2_understanding_only/iter_log.jsonl,proposer,kl_loss,0.0,,0.0,-0.6859693393820604,-1.2319991110854085,0.001,0.001,True,
609,stage1_understanding,understanding,/Users/ritesh.thawkar/Ritesh/self-evolving-uug/runs/final/E2_understanding_only/iter_log.jsonl,proposer,grpo_loss,0.2815755307674408,,0.0,-0.3406072614679098,-0.3235769018005869,0.001,0.001,True,
609,stage1_understanding,understanding,/Users/ritesh.thawkar/Ritesh/self-evolving-uug/runs/final/E2_understanding_only/iter_log.jsonl,proposer,kl_loss,0.0,,0.0,-0.3406072614679098,-0.3235769018005869,0.001,0.001,True,
610,stage1_understanding,understanding,/Users/ritesh.thawkar/Ritesh/self-evolving-uug/runs/final/E2_understanding_only/iter_log.jsonl,proposer,grpo_loss,-0.12109375,,0.0,0.13710231049232133,0.034759274772176975,0.001,0.001,True,
610,stage1_understanding,understanding,/Users/ritesh.thawkar/Ritesh/self-evolving-uug/runs/final/E2_understanding_only/iter_log.jsonl,proposer,kl_loss,0.0,,0.0,0.13710231049232133,0.034759274772176975,0.001,0.001,True,
611,stage1_understanding,understanding,/Users/ritesh.thawkar/Ritesh/self-evolving-uug/runs/final/E2_understanding_only/iter_log.jsonl,proposer,grpo_loss,0.76171875,,0.0,-0.8771929732225301,-0.8333333333333334,0.001,0.001,True,
611,stage1_understanding,understanding,/Users/ritesh.thawkar/Ritesh/self-evolving-uug/runs/final/E2_understanding_only/iter_log.jsonl,proposer,kl_loss,0.0,,0.0,-0.8771929732225301,-0.8333333333333334,0.001,0.001,True,
612,stage1_understanding,understanding,/Users/ritesh.thawkar/Ritesh/self-evolving-uug/runs/final/E2_understanding_only/iter_log.jsonl,proposer,grpo_loss,0.8020833730697632,,0.0,-0.8771929732225301,-0.8333333333333334,0.001,0.001,True,
612,stage1_understanding,understanding,/Users/ritesh.thawkar/Ritesh/self-evolving-uug/runs/final/E2_understanding_only/iter_log.jsonl,proposer,kl_loss,0.0,,0.0,-0.8771929732225301,-0.8333333333333334,0.001,0.001,True,
613,stage1_understanding,understanding,/Users/ritesh.thawkar/Ritesh/self-evolving-uug/runs/final/E2_understanding_only/iter_log.jsonl,proposer,grpo_loss,0.7838541865348816,,0.0,-0.8771929732225301,-0.8333333333333334,0.001,0.001,True,
613,stage1_understanding,understanding,/Users/ritesh.thawkar/Ritesh/self-evolving-uug/runs/final/E2_understanding_only/iter_log.jsonl,proposer,kl_loss,0.0,,0.0,-0.8771929732225301,-0.8333333333333334,0.001,0.001,True,
614,stage1_understanding,understanding,/Users/ritesh.thawkar/Ritesh/self-evolving-uug/runs/final/E2_understanding_only/iter_log.jsonl,proposer,grpo_loss,0.7526041865348816,,0.0,-0.8771929732225301,-0.8333333333333334,0.001,0.001,True,
614,stage1_understanding,understanding,/Users/ritesh.thawkar/Ritesh/self-evolving-uug/runs/final/E2_understanding_only/iter_log.jsonl,proposer,kl_loss,0.0,,0.0,-0.8771929732225301,-0.8333333333333334,0.001,0.001,True,
615,stage1_understanding,understanding,/Users/ritesh.thawkar/Ritesh/self-evolving-uug/runs/final/E2_understanding_only/iter_log.jsonl,proposer,grpo_loss,0.5169271230697632,,0.0,-0.5981097528140058,-0.568204271154403,0.001,0.001,True,
615,stage1_understanding,understanding,/Users/ritesh.thawkar/Ritesh/self-evolving-uug/runs/final/E2_understanding_only/iter_log.jsonl,proposer,kl_loss,0.0,,0.0,-0.5981097528140058,-0.568204271154403,0.001,0.001,True,
616,stage1_understanding,understanding,/Users/ritesh.thawkar/Ritesh/self-evolving-uug/runs/final/E2_understanding_only/iter_log.jsonl,proposer,grpo_loss,0.5192057490348816,,0.0,-0.6063681154821511,-0.5760497157717247,0.001,0.001,True,
616,stage1_understanding,understanding,/Users/ritesh.thawkar/Ritesh/self-evolving-uug/runs/final/E2_understanding_only/iter_log.jsonl,proposer,kl_loss,0.0,,0.0,-0.6063681154821511,-0.5760497157717247,0.001,0.001,True,
617,stage1_understanding,understanding,/Users/ritesh.thawkar/Ritesh/self-evolving-uug/runs/final/E2_understanding_only/iter_log.jsonl,proposer,grpo_loss,0.1624349057674408,,0.0,-0.18408554768247942,-0.10370941646675529,0.001,0.001,True,
617,stage1_understanding,understanding,/Users/ritesh.thawkar/Ritesh/self-evolving-uug/runs/final/E2_understanding_only/iter_log.jsonl,proposer,kl_loss,0.0,,0.0,-0.18408554768247942,-0.10370941646675529,0.001,0.001,True,
618,stage1_understanding,understanding,/Users/ritesh.thawkar/Ritesh/self-evolving-uug/runs/final/E2_understanding_only/iter_log.jsonl,proposer,grpo_loss,0.75,,0.0,-0.8771929732225301,-0.8333333333333334,0.001,0.001,True,
618,stage1_understanding,understanding,/Users/ritesh.thawkar/Ritesh/self-evolving-uug/runs/final/E2_understanding_only/iter_log.jsonl,proposer,kl_loss,0.0,,0.0,-0.8771929732225301,-0.8333333333333334,0.001,0.001,True,
619,stage1_understanding,understanding,/Users/ritesh.thawkar/Ritesh/self-evolving-uug/runs/final/E2_understanding_only/iter_log.jsonl,proposer,grpo_loss,0.7877604365348816,,0.0,-0.8771929732225301,-0.8333333333333334,0.001,0.001,True,
619,stage1_understanding,understanding,/Users/ritesh.thawkar/Ritesh/self-evolving-uug/runs/final/E2_understanding_only/iter_log.jsonl,proposer,kl_loss,0.0,,0.0,-0.8771929732225301,-0.8333333333333334,0.001,0.001,True,
620,stage1_understanding,understanding,/Users/ritesh.thawkar/Ritesh/self-evolving-uug/runs/final/E2_understanding_only/iter_log.jsonl,proposer,grpo_loss,0.796875,,0.0,-0.8813341354608983,-0.8372674375011947,0.001,0.001,True,
620,stage1_understanding,understanding,/Users/ritesh.thawkar/Ritesh/self-evolving-uug/runs/final/E2_understanding_only/iter_log.jsonl,proposer,kl_loss,0.0,,0.0,-0.8813341354608983,-0.8372674375011947,0.001,0.001,True,
621,stage1_understanding,understanding,/Users/ritesh.thawkar/Ritesh/self-evolving-uug/runs/final/E2_understanding_only/iter_log.jsonl,proposer,grpo_loss,0.03515625,,0.0,-0.04047337137909213,-0.02316940904918548,0.001,0.001,True,
621,stage1_understanding,understanding,/Users/ritesh.thawkar/Ritesh/self-evolving-uug/runs/final/E2_understanding_only/iter_log.jsonl,proposer,kl_loss,0.0,,0.0,-0.04047337137909213,-0.02316940904918548,0.001,0.001,True,
622,stage1_understanding,understanding,/Users/ritesh.thawkar/Ritesh/self-evolving-uug/runs/final/E2_understanding_only/iter_log.jsonl,proposer,grpo_loss,-0.0859375,,0.0,0.09440778558320602,0.050815922380213895,0.001,0.001,True,
622,stage1_understanding,understanding,/Users/ritesh.thawkar/Ritesh/self-evolving-uug/runs/final/E2_understanding_only/iter_log.jsonl,proposer,kl_loss,0.0,,0.0,0.09440778558320602,0.050815922380213895,0.001,0.001,True,
623,stage1_understanding,understanding,/Users/ritesh.thawkar/Ritesh/self-evolving-uug/runs/final/E2_understanding_only/iter_log.jsonl,proposer,grpo_loss,0.76953125,,0.0,-0.8771929732225301,-0.8333333333333334,0.001,0.001,True,
623,stage1_understanding,understanding,/Users/ritesh.thawkar/Ritesh/self-evolving-uug/runs/final/E2_understanding_only/iter_log.jsonl,proposer,kl_loss,0.0,,0.0,-0.8771929732225301,-0.8333333333333334,0.001,0.001,True,
624,stage1_understanding,understanding,/Users/ritesh.thawkar/Ritesh/self-evolving-uug/runs/final/E2_understanding_only/iter_log.jsonl,proposer,grpo_loss,-0.3723958432674408,,0.0,0.4348874092784028,0.09082401323905276,0.001,0.001,True,
624,stage1_understanding,understanding,/Users/ritesh.thawkar/Ritesh/self-evolving-uug/runs/final/E2_understanding_only/iter_log.jsonl,proposer,kl_loss,0.0,,0.0,0.4348874092784028,0.09082401323905276,0.001,0.001,True,
625,stage1_understanding,understanding,/Users/ritesh.thawkar/Ritesh/self-evolving-uug/runs/final/E2_understanding_only/iter_log.jsonl,proposer,grpo_loss,-0.84375,,0.0,0.9611830911749765,0.36795912650771934,0.001,0.001,True,
625,stage1_understanding,understanding,/Users/ritesh.thawkar/Ritesh/self-evolving-uug/runs/final/E2_understanding_only/iter_log.jsonl,proposer,kl_loss,0.0,,0.0,0.9611830911749765,0.36795912650771934,0.001,0.001,True,
626,stage1_understanding,understanding,/Users/ritesh.thawkar/Ritesh/self-evolving-uug/runs/final/E2_understanding_only/iter_log.jsonl,proposer,grpo_loss,0.1083984375,,0.0,-0.14355158108576568,-0.13637400346699322,0.001,0.001,True,
626,stage1_understanding,understanding,/Users/ritesh.thawkar/Ritesh/self-evolving-uug/runs/final/E2_understanding_only/iter_log.jsonl,proposer,kl_loss,0.0,,0.0,-0.14355158108576568,-0.13637400346699322,0.001,0.001,True,
627,stage1_understanding,understanding,/Users/ritesh.thawkar/Ritesh/self-evolving-uug/runs/final/E2_understanding_only/iter_log.jsonl,proposer,grpo_loss,0.7141927480697632,,0.0,-0.8402392346693005,-0.798227281338228,0.001,0.001,True,
627,stage1_understanding,understanding,/Users/ritesh.thawkar/Ritesh/self-evolving-uug/runs/final/E2_understanding_only/iter_log.jsonl,proposer,kl_loss,0.0,,0.0,-0.8402392346693005,-0.798227281338228,0.001,0.001,True,
628,stage1_understanding,understanding,/Users/ritesh.thawkar/Ritesh/self-evolving-uug/runs/final/E2_understanding_only/iter_log.jsonl,proposer,grpo_loss,0.7643229365348816,,0.0,-0.8771929732225301,-0.8333333333333334,0.001,0.001,True,
628,stage1_understanding,understanding,/Users/ritesh.thawkar/Ritesh/self-evolving-uug/runs/final/E2_understanding_only/iter_log.jsonl,proposer,kl_loss,0.0,,0.0,-0.8771929732225301,-0.8333333333333334,0.001,0.001,True,
629,stage1_understanding,understanding,/Users/ritesh.thawkar/Ritesh/self-evolving-uug/runs/final/E2_understanding_only/iter_log.jsonl,proposer,grpo_loss,0.7734375,,0.0,-0.8771929732225301,-0.8333333333333334,0.001,0.001,True,
629,stage1_understanding,understanding,/Users/ritesh.thawkar/Ritesh/self-evolving-uug/runs/final/E2_understanding_only/iter_log.jsonl,proposer,kl_loss,0.0,,0.0,-0.8771929732225301,-0.8333333333333334,0.001,0.001,True,
630,stage1_understanding,understanding,/Users/ritesh.thawkar/Ritesh/self-evolving-uug/runs/final/E2_understanding_only/iter_log.jsonl,proposer,grpo_loss,0.75,,0.0,-0.8771929732225301,-0.8333333333333334,0.001,0.001,True,
630,stage1_understanding,understanding,/Users/ritesh.thawkar/Ritesh/self-evolving-uug/runs/final/E2_understanding_only/iter_log.jsonl,proposer,kl_loss,0.0,,0.0,-0.8771929732225301,-0.8333333333333334,0.001,0.001,True,
631,stage1_understanding,understanding,/Users/ritesh.thawkar/Ritesh/self-evolving-uug/runs/final/E2_understanding_only/iter_log.jsonl,proposer,grpo_loss,-0.1292317807674408,,0.0,0.1371409487661157,0.05485745067731503,0.001,0.001,True,
631,stage1_understanding,understanding,/Users/ritesh.thawkar/Ritesh/self-evolving-uug/runs/final/E2_understanding_only/iter_log.jsonl,proposer,kl_loss,0.0,,0.0,0.1371409487661157,0.05485745067731503,0.001,0.001,True,
632,stage1_understanding,understanding,/Users/ritesh.thawkar/Ritesh/self-evolving-uug/runs/final/E2_understanding_only/iter_log.jsonl,proposer,grpo_loss,0.2360026091337204,,0.0,-0.2777639177952877,-0.26387572468316245,0.001,0.001,True,
632,stage1_understanding,understanding,/Users/ritesh.thawkar/Ritesh/self-evolving-uug/runs/final/E2_understanding_only/iter_log.jsonl,proposer,kl_loss,0.0,,0.0,-0.2777639177952877,-0.26387572468316245,0.001,0.001,True,
633,stage1_understanding,understanding,/Users/ritesh.thawkar/Ritesh/self-evolving-uug/runs/final/E2_understanding_only/iter_log.jsonl,proposer,grpo_loss,0.7421875,,0.0,-0.8771929732225301,-0.8333333333333334,0.001,0.001,True,
633,stage1_understanding,understanding,/Users/ritesh.thawkar/Ritesh/self-evolving-uug/runs/final/E2_understanding_only/iter_log.jsonl,proposer,kl_loss,0.0,,0.0,-0.8771929732225301,-0.8333333333333334,0.001,0.001,True,
634,stage1_understanding,understanding,/Users/ritesh.thawkar/Ritesh/self-evolving-uug/runs/final/E2_understanding_only/iter_log.jsonl,proposer,grpo_loss,0.396484375,,0.0,-0.4677302468509869,-0.2323921874373506,0.001,0.001,True,
634,stage1_understanding,understanding,/Users/ritesh.thawkar/Ritesh/self-evolving-uug/runs/final/E2_understanding_only/iter_log.jsonl,proposer,kl_loss,0.0,,0.0,-0.4677302468509869,-0.2323921874373506,0.001,0.001,True,
635,stage1_understanding,understanding,/Users/ritesh.thawkar/Ritesh/self-evolving-uug/runs/final/E2_understanding_only/iter_log.jsonl,proposer,grpo_loss,-0.7565104365348816,,0.0,0.880491170776124,0.2567255768333168,0.001,0.001,True,
635,stage1_understanding,understanding,/Users/ritesh.thawkar/Ritesh/self-evolving-uug/runs/final/E2_understanding_only/iter_log.jsonl,proposer,kl_loss,0.0,,0.0,0.880491170776124,0.2567255768333168,0.001,0.001,True,
636,stage1_understanding,understanding,/Users/ritesh.thawkar/Ritesh/self-evolving-uug/runs/final/E2_understanding_only/iter_log.jsonl,proposer,grpo_loss,0.7825521230697632,,0.0,-0.8771929732225301,-0.8333333333333334,0.001,0.001,True,
636,stage1_understanding,understanding,/Users/ritesh.thawkar/Ritesh/self-evolving-uug/runs/final/E2_understanding_only/iter_log.jsonl,proposer,kl_loss,0.0,,0.0,-0.8771929732225301,-0.8333333333333334,0.001,0.001,True,
637,stage1_understanding,understanding,/Users/ritesh.thawkar/Ritesh/self-evolving-uug/runs/final/E2_understanding_only/iter_log.jsonl,proposer,grpo_loss,0.373046875,,0.0,-0.4065537491504469,-0.386226065758462,0.001,0.001,True,
637,stage1_understanding,understanding,/Users/ritesh.thawkar/Ritesh/self-evolving-uug/runs/final/E2_understanding_only/iter_log.jsonl,proposer,kl_loss,0.0,,0.0,-0.4065537491504469,-0.386226065758462,0.001,0.001,True,
638,stage1_understanding,understanding,/Users/ritesh.thawkar/Ritesh/self-evolving-uug/runs/final/E2_understanding_only/iter_log.jsonl,proposer,grpo_loss,-0.8450521230697632,,0.0,0.9785646438979431,0.34972941901958504,0.001,0.001,True,
638,stage1_understanding,understanding,/Users/ritesh.thawkar/Ritesh/self-evolving-uug/runs/final/E2_understanding_only/iter_log.jsonl,proposer,kl_loss,0.0,,0.0,0.9785646438979431,0.34972941901958504,0.001,0.001,True,
639,stage1_understanding,understanding,/Users/ritesh.thawkar/Ritesh/self-evolving-uug/runs/final/E2_understanding_only/iter_log.jsonl,proposer,grpo_loss,-0.435546875,,0.0,0.5079626873971478,0.1342417133007724,0.001,0.001,True,
639,stage1_understanding,understanding,/Users/ritesh.thawkar/Ritesh/self-evolving-uug/runs/final/E2_understanding_only/iter_log.jsonl,proposer,kl_loss,0.0,,0.0,0.5079626873971478,0.1342417133007724,0.001,0.001,True,
640,stage1_understanding,understanding,/Users/ritesh.thawkar/Ritesh/self-evolving-uug/runs/final/E2_understanding_only/iter_log.jsonl,proposer,grpo_loss,0.73828125,,0.0,-0.8490942875147828,-0.8066395816299865,0.001,0.001,True,
640,stage1_understanding,understanding,/Users/ritesh.thawkar/Ritesh/self-evolving-uug/runs/final/E2_understanding_only/iter_log.jsonl,proposer,kl_loss,0.0,,0.0,-0.8490942875147828,-0.8066395816299865,0.001,0.001,True,
641,stage1_understanding,understanding,/Users/ritesh.thawkar/Ritesh/self-evolving-uug/runs/final/E2_understanding_only/iter_log.jsonl,proposer,grpo_loss,0.7552083730697632,,0.0,-0.8771929732225301,-0.8333333333333334,0.001,0.001,True,
641,stage1_understanding,understanding,/Users/ritesh.thawkar/Ritesh/self-evolving-uug/runs/final/E2_understanding_only/iter_log.jsonl,proposer,kl_loss,0.0,,0.0,-0.8771929732225301,-0.8333333333333334,0.001,0.001,True,
642,stage1_understanding,understanding,/Users/ritesh.thawkar/Ritesh/self-evolving-uug/runs/final/E2_understanding_only/iter_log.jsonl,proposer,grpo_loss,0.1097005233168602,,0.0,-0.13169640272540914,-0.07689210653516965,0.001,0.001,True,
642,stage1_understanding,understanding,/Users/ritesh.thawkar/Ritesh/self-evolving-uug/runs/final/E2_understanding_only/iter_log.jsonl,proposer,kl_loss,0.0,,0.0,-0.13169640272540914,-0.07689210653516965,0.001,0.001,True,
643,stage1_understanding,understanding,/Users/ritesh.thawkar/Ritesh/self-evolving-uug/runs/final/E2_understanding_only/iter_log.jsonl,proposer,grpo_loss,0.1087239608168602,,0.0,-0.12181486946480251,-0.11572412720971108,0.001,0.001,True,
643,stage1_understanding,understanding,/Users/ritesh.thawkar/Ritesh/self-evolving-uug/runs/final/E2_understanding_only/iter_log.jsonl,proposer,kl_loss,0.0,,0.0,-0.12181486946480251,-0.11572412720971108,0.001,0.001,True,
644,stage1_understanding,understanding,/Users/ritesh.thawkar/Ritesh/self-evolving-uug/runs/final/E2_understanding_only/iter_log.jsonl,proposer,grpo_loss,0.3404948115348816,,0.0,-0.379946336171136,-0.3609490231620425,0.001,0.001,True,
644,stage1_understanding,understanding,/Users/ritesh.thawkar/Ritesh/self-evolving-uug/runs/final/E2_understanding_only/iter_log.jsonl,proposer,kl_loss,0.0,,0.0,-0.379946336171136,-0.3609490231620425,0.001,0.001,True,
645,stage1_understanding,understanding,/Users/ritesh.thawkar/Ritesh/self-evolving-uug/runs/final/E2_understanding_only/iter_log.jsonl,proposer,grpo_loss,0.52734375,,0.0,-0.5887859086089389,-0.559346619066351,0.001,0.001,True,
645,stage1_understanding,understanding,/Users/ritesh.thawkar/Ritesh/self-evolving-uug/runs/final/E2_understanding_only/iter_log.jsonl,proposer,kl_loss,0.0,,0.0,-0.5887859086089389,-0.559346619066351,0.001,0.001,True,
646,stage1_understanding,understanding,/Users/ritesh.thawkar/Ritesh/self-evolving-uug/runs/final/E2_understanding_only/iter_log.jsonl,proposer,grpo_loss,-0.7955729365348816,,0.0,0.9379320248088714,0.3670593736589128,0.001,0.001,True,
646,stage1_understanding,understanding,/Users/ritesh.thawkar/Ritesh/self-evolving-uug/runs/final/E2_understanding_only/iter_log.jsonl,proposer,kl_loss,0.0,,0.0,0.9379320248088714,0.3670593736589128,0.001,0.001,True,
647,stage1_understanding,understanding,/Users/ritesh.thawkar/Ritesh/self-evolving-uug/runs/final/E2_understanding_only/iter_log.jsonl,proposer,grpo_loss,-0.591796875,,0.0,0.6800074349626022,0.5416225480290053,0.001,0.001,True,
647,stage1_understanding,understanding,/Users/ritesh.thawkar/Ritesh/self-evolving-uug/runs/final/E2_understanding_only/iter_log.jsonl,proposer,kl_loss,0.0,,0.0,0.6800074349626022,0.5416225480290053,0.001,0.001,True,
648,stage1_understanding,understanding,/Users/ritesh.thawkar/Ritesh/self-evolving-uug/runs/final/E2_understanding_only/iter_log.jsonl,proposer,grpo_loss,0.4713541865348816,,0.0,-0.541993526502937,-0.5148938555977254,0.001,0.001,True,
648,stage1_understanding,understanding,/Users/ritesh.thawkar/Ritesh/self-evolving-uug/runs/final/E2_understanding_only/iter_log.jsonl,proposer,kl_loss,0.0,,0.0,-0.541993526502937,-0.5148938555977254,0.001,0.001,True,
649,stage1_understanding,understanding,/Users/ritesh.thawkar/Ritesh/self-evolving-uug/runs/final/E2_understanding_only/iter_log.jsonl,proposer,grpo_loss,-0.0185546875,,0.0,0.01762810873380956,0.0167467034734002,0.001,0.001,True,
649,stage1_understanding,understanding,/Users/ritesh.thawkar/Ritesh/self-evolving-uug/runs/final/E2_understanding_only/iter_log.jsonl,proposer,kl_loss,0.0,,0.0,0.01762810873380956,0.0167467034734002,0.001,0.001,True,
650,stage1_understanding,understanding,/Users/ritesh.thawkar/Ritesh/self-evolving-uug/runs/final/E2_understanding_only/iter_log.jsonl,proposer,grpo_loss,-0.84375,,0.0,0.9289545605907809,0.23075033133403244,0.001,0.001,True,
650,stage1_understanding,understanding,/Users/ritesh.thawkar/Ritesh/self-evolving-uug/runs/final/E2_understanding_only/iter_log.jsonl,proposer,kl_loss,0.0,,0.0,0.9289545605907809,0.23075033133403244,0.001,0.001,True,
651,stage1_understanding,understanding,/Users/ritesh.thawkar/Ritesh/self-evolving-uug/runs/final/E2_understanding_only/iter_log.jsonl,proposer,grpo_loss,-0.4287109375,,0.0,0.5009912139248041,0.3780558629021134,0.001,0.001,True,
651,stage1_understanding,understanding,/Users/ritesh.thawkar/Ritesh/self-evolving-uug/runs/final/E2_understanding_only/iter_log.jsonl,proposer,kl_loss,0.0,,0.0,0.5009912139248041,0.3780558629021134,0.001,0.001,True,
652,stage1_understanding,understanding,/Users/ritesh.thawkar/Ritesh/self-evolving-uug/runs/final/E2_understanding_only/iter_log.jsonl,proposer,grpo_loss,0.7565104365348816,,0.0,-0.8771929732225301,-0.8333333333333334,0.001,0.001,True,
652,stage1_understanding,understanding,/Users/ritesh.thawkar/Ritesh/self-evolving-uug/runs/final/E2_understanding_only/iter_log.jsonl,proposer,kl_loss,0.0,,0.0,-0.8771929732225301,-0.8333333333333334,0.001,0.001,True,
653,stage1_understanding,understanding,/Users/ritesh.thawkar/Ritesh/self-evolving-uug/runs/final/E2_understanding_only/iter_log.jsonl,proposer,grpo_loss,0.72265625,,0.0,-0.8771929732225301,-0.8333333333333334,0.001,0.001,True,
653,stage1_understanding,understanding,/Users/ritesh.thawkar/Ritesh/self-evolving-uug/runs/final/E2_understanding_only/iter_log.jsonl,proposer,kl_loss,0.0,,0.0,-0.8771929732225301,-0.8333333333333334,0.001,0.001,True,
654,stage1_understanding,understanding,/Users/ritesh.thawkar/Ritesh/self-evolving-uug/runs/final/E2_understanding_only/iter_log.jsonl,proposer,grpo_loss,0.7916666865348816,,0.0,-0.8771929732225301,-0.8333333333333334,0.001,0.001,True,
654,stage1_understanding,understanding,/Users/ritesh.thawkar/Ritesh/self-evolving-uug/runs/final/E2_understanding_only/iter_log.jsonl,proposer,kl_loss,0.0,,0.0,-0.8771929732225301,-0.8333333333333334,0.001,0.001,True,
655,stage1_understanding,understanding,/Users/ritesh.thawkar/Ritesh/self-evolving-uug/runs/final/E2_understanding_only/iter_log.jsonl,proposer,grpo_loss,0.4957682490348816,,0.0,-0.5773360226771147,-0.5484692273166192,0.001,0.001,True,
655,stage1_understanding,understanding,/Users/ritesh.thawkar/Ritesh/self-evolving-uug/runs/final/E2_understanding_only/iter_log.jsonl,proposer,kl_loss,0.0,,0.0,-0.5773360226771147,-0.5484692273166192,0.001,0.001,True,
656,stage1_understanding,understanding,/Users/ritesh.thawkar/Ritesh/self-evolving-uug/runs/final/E2_understanding_only/iter_log.jsonl,proposer,grpo_loss,0.765625,,0.0,-0.8771929732225301,-0.8333333333333334,0.001,0.001,True,
656,stage1_understanding,understanding,/Users/ritesh.thawkar/Ritesh/self-evolving-uug/runs/final/E2_understanding_only/iter_log.jsonl,proposer,kl_loss,0.0,,0.0,-0.8771929732225301,-0.8333333333333334,0.001,0.001,True,
657,stage1_understanding,understanding,/Users/ritesh.thawkar/Ritesh/self-evolving-uug/runs/final/E2_understanding_only/iter_log.jsonl,proposer,grpo_loss,0.3138020932674408,,0.0,-0.35053894993154494,-0.04678918978508347,0.001,0.001,True,
657,stage1_understanding,understanding,/Users/ritesh.thawkar/Ritesh/self-evolving-uug/runs/final/E2_understanding_only/iter_log.jsonl,proposer,kl_loss,0.0,,0.0,-0.35053894993154494,-0.04678918978508347,0.001,0.001,True,
658,stage1_understanding,understanding,/Users/ritesh.thawkar/Ritesh/self-evolving-uug/runs/final/E2_understanding_only/iter_log.jsonl,proposer,grpo_loss,-0.0729166716337204,,0.0,0.07920754053653607,0.07524716430178469,0.001,0.001,True,
658,stage1_understanding,understanding,/Users/ritesh.thawkar/Ritesh/self-evolving-uug/runs/final/E2_understanding_only/iter_log.jsonl,proposer,kl_loss,0.0,,0.0,0.07920754053653607,0.07524716430178469,0.001,0.001,True,
659,stage1_understanding,understanding,/Users/ritesh.thawkar/Ritesh/self-evolving-uug/runs/final/E2_understanding_only/iter_log.jsonl,proposer,grpo_loss,-0.5377604365348816,,0.0,0.5946543316067897,0.2072887195442433,0.001,0.001,True,
659,stage1_understanding,understanding,/Users/ritesh.thawkar/Ritesh/self-evolving-uug/runs/final/E2_understanding_only/iter_log.jsonl,proposer,kl_loss,0.0,,0.0,0.5946543316067897,0.2072887195442433,0.001,0.001,True,
660,stage1_understanding,understanding,/Users/ritesh.thawkar/Ritesh/self-evolving-uug/runs/final/E2_understanding_only/iter_log.jsonl,proposer,grpo_loss,0.8046875,,0.0,-0.8894501001119955,-0.8449776040008968,0.001,0.001,True,
660,stage1_understanding,understanding,/Users/ritesh.thawkar/Ritesh/self-evolving-uug/runs/final/E2_understanding_only/iter_log.jsonl,proposer,kl_loss,0.0,,0.0,-0.8894501001119955,-0.8449776040008968,0.001,0.001,True,
661,stage1_understanding,understanding,/Users/ritesh.thawkar/Ritesh/self-evolving-uug/runs/final/E2_understanding_only/iter_log.jsonl,proposer,grpo_loss,0.2125651091337204,,0.0,-0.23962744910119596,-0.3797654753211046,0.001,0.001,True,
661,stage1_understanding,understanding,/Users/ritesh.thawkar/Ritesh/self-evolving-uug/runs/final/E2_understanding_only/iter_log.jsonl,proposer,kl_loss,0.0,,0.0,-0.23962744910119596,-0.3797654753211046,0.001,0.001,True,
662,stage1_understanding,understanding,/Users/ritesh.thawkar/Ritesh/self-evolving-uug/runs/final/E2_understanding_only/iter_log.jsonl,proposer,grpo_loss,0.4462890625,,0.0,-0.5206554673282379,-0.6773524070304217,0.001,0.001,True,
662,stage1_understanding,understanding,/Users/ritesh.thawkar/Ritesh/self-evolving-uug/runs/final/E2_understanding_only/iter_log.jsonl,proposer,kl_loss,0.0,,0.0,-0.5206554673282379,-0.6773524070304217,0.001,0.001,True,
663,stage1_understanding,understanding,/Users/ritesh.thawkar/Ritesh/self-evolving-uug/runs/final/E2_understanding_only/iter_log.jsonl,proposer,grpo_loss,-0.5751139521598816,,0.0,0.6460831464428155,0.2594913202777919,0.001,0.001,True,
663,stage1_understanding,understanding,/Users/ritesh.thawkar/Ritesh/self-evolving-uug/runs/final/E2_understanding_only/iter_log.jsonl,proposer,kl_loss,0.0,,0.0,0.6460831464428155,0.2594913202777919,0.001,0.001,True,
664,stage1_understanding,understanding,/Users/ritesh.thawkar/Ritesh/self-evolving-uug/runs/final/E2_understanding_only/iter_log.jsonl,proposer,grpo_loss,0.023681640625,,0.0,-0.02690495553765752,-0.010789008317114454,0.001,0.001,True,
664,stage1_understanding,understanding,/Users/ritesh.thawkar/Ritesh/self-evolving-uug/runs/final/E2_understanding_only/iter_log.jsonl,proposer,kl_loss,0.0,,0.0,-0.02690495553765752,-0.010789008317114454,0.001,0.001,True,
665,stage1_understanding,understanding,/Users/ritesh.thawkar/Ritesh/self-evolving-uug/runs/final/E2_understanding_only/iter_log.jsonl,proposer,grpo_loss,0.2330729216337204,,0.0,-0.272476194201863,-0.25885238721653175,0.001,0.001,True,
665,stage1_understanding,understanding,/Users/ritesh.thawkar/Ritesh/self-evolving-uug/runs/final/E2_understanding_only/iter_log.jsonl,proposer,kl_loss,0.0,,0.0,-0.272476194201863,-0.25885238721653175,0.001,0.001,True,
666,stage1_understanding,understanding,/Users/ritesh.thawkar/Ritesh/self-evolving-uug/runs/final/E2_understanding_only/iter_log.jsonl,proposer,grpo_loss,0.41015625,,0.0,-0.44867902313731073,-0.1284108859575075,0.001,0.001,True,
666,stage1_understanding,understanding,/Users/ritesh.thawkar/Ritesh/self-evolving-uug/runs/final/E2_understanding_only/iter_log.jsonl,proposer,kl_loss,0.0,,0.0,-0.44867902313731073,-0.1284108859575075,0.001,0.001,True,
667,stage1_understanding,understanding,/Users/ritesh.thawkar/Ritesh/self-evolving-uug/runs/final/E2_understanding_only/iter_log.jsonl,proposer,grpo_loss,0.7447916865348816,,0.0,-0.8846173193991195,-0.8403864622753368,0.001,0.001,True,
667,stage1_understanding,understanding,/Users/ritesh.thawkar/Ritesh/self-evolving-uug/runs/final/E2_understanding_only/iter_log.jsonl,proposer,kl_loss,0.0,,0.0,-0.8846173193991195,-0.8403864622753368,0.001,0.001,True,
668,stage1_understanding,understanding,/Users/ritesh.thawkar/Ritesh/self-evolving-uug/runs/final/E2_understanding_only/iter_log.jsonl,proposer,grpo_loss,0.4635416865348816,,0.0,-0.5309171158595104,-0.504371265375706,0.001,0.001,True,
668,stage1_understanding,understanding,/Users/ritesh.thawkar/Ritesh/self-evolving-uug/runs/final/E2_understanding_only/iter_log.jsonl,proposer,kl_loss,0.0,,0.0,-0.5309171158595104,-0.504371265375706,0.001,0.001,True,
669,stage1_understanding,understanding,/Users/ritesh.thawkar/Ritesh/self-evolving-uug/runs/final/E2_understanding_only/iter_log.jsonl,proposer,grpo_loss,0.7434896230697632,,0.0,-0.8771929732225301,-0.8333333333333334,0.001,0.001,True,
669,stage1_understanding,understanding,/Users/ritesh.thawkar/Ritesh/self-evolving-uug/runs/final/E2_understanding_only/iter_log.jsonl,proposer,kl_loss,0.0,,0.0,-0.8771929732225301,-0.8333333333333334,0.001,0.001,True,
670,stage1_understanding,understanding,/Users/ritesh.thawkar/Ritesh/self-evolving-uug/runs/final/E2_understanding_only/iter_log.jsonl,proposer,grpo_loss,0.474609375,,0.0,-0.5634921238211993,-0.5353175232650605,0.001,0.001,True,
670,stage1_understanding,understanding,/Users/ritesh.thawkar/Ritesh/self-evolving-uug/runs/final/E2_understanding_only/iter_log.jsonl,proposer,kl_loss,0.0,,0.0,-0.5634921238211993,-0.5353175232650605,0.001,0.001,True,
671,stage1_understanding,understanding,/Users/ritesh.thawkar/Ritesh/self-evolving-uug/runs/final/E2_understanding_only/iter_log.jsonl,proposer,grpo_loss,0.72265625,,0.0,-0.8771929732225301,-0.8333333333333334,0.001,0.001,True,
671,stage1_understanding,understanding,/Users/ritesh.thawkar/Ritesh/self-evolving-uug/runs/final/E2_understanding_only/iter_log.jsonl,proposer,kl_loss,0.0,,0.0,-0.8771929732225301,-0.8333333333333334,0.001,0.001,True,
672,stage1_understanding,understanding,/Users/ritesh.thawkar/Ritesh/self-evolving-uug/runs/final/E2_understanding_only/iter_log.jsonl,proposer,grpo_loss,0.1695963591337204,,0.0,-0.20299003568617455,-0.19284053593176617,0.001,0.001,True,
672,stage1_understanding,understanding,/Users/ritesh.thawkar/Ritesh/self-evolving-uug/runs/final/E2_understanding_only/iter_log.jsonl,proposer,kl_loss,0.0,,0.0,-0.20299003568617455,-0.19284053593176617,0.001,0.001,True,
673,stage1_understanding,understanding,/Users/ritesh.thawkar/Ritesh/self-evolving-uug/runs/final/E2_understanding_only/iter_log.jsonl,proposer,grpo_loss,0.8033854365348816,,0.0,-0.9567152246562118,-0.9425786115392367,0.001,0.001,True,
673,stage1_understanding,understanding,/Users/ritesh.thawkar/Ritesh/self-evolving-uug/runs/final/E2_understanding_only/iter_log.jsonl,proposer,kl_loss,0.0,,0.0,-0.9567152246562118,-0.9425786115392367,0.001,0.001,True,
674,stage1_understanding,understanding,/Users/ritesh.thawkar/Ritesh/self-evolving-uug/runs/final/E2_understanding_only/iter_log.jsonl,proposer,grpo_loss,0.4694010615348816,,0.0,-0.5446667056392999,-0.07491405353377938,0.001,0.001,True,
674,stage1_understanding,understanding,/Users/ritesh.thawkar/Ritesh/self-evolving-uug/runs/final/E2_understanding_only/iter_log.jsonl,proposer,kl_loss,0.0,,0.0,-0.5446667056392999,-0.07491405353377938,0.001,0.001,True,
675,stage1_understanding,understanding,/Users/ritesh.thawkar/Ritesh/self-evolving-uug/runs/final/E2_understanding_only/iter_log.jsonl,proposer,grpo_loss,-0.73828125,,0.0,0.8409607183417861,0.15494386057655263,0.001,0.001,True,
675,stage1_understanding,understanding,/Users/ritesh.thawkar/Ritesh/self-evolving-uug/runs/final/E2_understanding_only/iter_log.jsonl,proposer,kl_loss,0.0,,0.0,0.8409607183417861,0.15494386057655263,0.001,0.001,True,
676,stage1_understanding,understanding,/Users/ritesh.thawkar/Ritesh/self-evolving-uug/runs/final/E2_understanding_only/iter_log.jsonl,proposer,grpo_loss,0.3528645932674408,,0.0,-0.400034767562685,-0.09480789068893798,0.001,0.001,True,
676,stage1_understanding,understanding,/Users/ritesh.thawkar/Ritesh/self-evolving-uug/runs/final/E2_understanding_only/iter_log.jsonl,proposer,kl_loss,0.0,,0.0,-0.400034767562685,-0.09480789068893798,0.001,0.001,True,
677,stage1_understanding,understanding,/Users/ritesh.thawkar/Ritesh/self-evolving-uug/runs/final/E2_understanding_only/iter_log.jsonl,proposer,grpo_loss,0.337890625,,0.0,-0.3850289450125452,-0.36577750161220735,0.001,0.001,True,
677,stage1_understanding,understanding,/Users/ritesh.thawkar/Ritesh/self-evolving-uug/runs/final/E2_understanding_only/iter_log.jsonl,proposer,kl_loss,0.0,,0.0,-0.3850289450125452,-0.36577750161220735,0.001,0.001,True,
678,stage1_understanding,understanding,/Users/ritesh.thawkar/Ritesh/self-evolving-uug/runs/final/E2_understanding_only/iter_log.jsonl,proposer,grpo_loss,0.615234375,,0.0,-0.7047688786488036,-0.2064876459703535,0.001,0.001,True,
678,stage1_understanding,understanding,/Users/ritesh.thawkar/Ritesh/self-evolving-uug/runs/final/E2_understanding_only/iter_log.jsonl,proposer,kl_loss,0.0,,0.0,-0.7047688786488036,-0.2064876459703535,0.001,0.001,True,
679,stage1_understanding,understanding,/Users/ritesh.thawkar/Ritesh/self-evolving-uug/runs/final/E2_understanding_only/iter_log.jsonl,proposer,grpo_loss,0.216796875,,0.0,-0.25004132998424383,-0.06480781047116839,0.001,0.001,True,
679,stage1_understanding,understanding,/Users/ritesh.thawkar/Ritesh/self-evolving-uug/runs/final/E2_understanding_only/iter_log.jsonl,proposer,kl_loss,0.0,,0.0,-0.25004132998424383,-0.06480781047116839,0.001,0.001,True,
680,stage1_understanding,understanding,/Users/ritesh.thawkar/Ritesh/self-evolving-uug/runs/final/E2_understanding_only/iter_log.jsonl,proposer,grpo_loss,0.80859375,,0.0,-0.9931552146936219,-0.978088275921861,0.001,0.001,True,
680,stage1_understanding,understanding,/Users/ritesh.thawkar/Ritesh/self-evolving-uug/runs/final/E2_understanding_only/iter_log.jsonl,proposer,kl_loss,0.0,,0.0,-0.9931552146936219,-0.978088275921861,0.001,0.001,True,
681,stage1_understanding,understanding,/Users/ritesh.thawkar/Ritesh/self-evolving-uug/runs/final/E2_understanding_only/iter_log.jsonl,proposer,grpo_loss,0.4954427182674408,,0.0,-0.5815911268105075,-0.5525115762858934,0.001,0.001,True,
681,stage1_understanding,understanding,/Users/ritesh.thawkar/Ritesh/self-evolving-uug/runs/final/E2_understanding_only/iter_log.jsonl,proposer,kl_loss,0.0,,0.0,-0.5815911268105075,-0.5525115762858934,0.001,0.001,True,
682,stage1_understanding,understanding,/Users/ritesh.thawkar/Ritesh/self-evolving-uug/runs/final/E2_understanding_only/iter_log.jsonl,proposer,grpo_loss,-0.072265625,,0.0,0.07712914902350203,0.02381499976585118,0.001,0.001,True,
682,stage1_understanding,understanding,/Users/ritesh.thawkar/Ritesh/self-evolving-uug/runs/final/E2_understanding_only/iter_log.jsonl,proposer,kl_loss,0.0,,0.0,0.07712914902350203,0.02381499976585118,0.001,0.001,True,
683,stage1_understanding,understanding,/Users/ritesh.thawkar/Ritesh/self-evolving-uug/runs/final/E2_understanding_only/iter_log.jsonl,proposer,grpo_loss,0.7018229365348816,,0.0,-0.8266607281667134,-1.5023411490080216,0.001,0.001,True,
683,stage1_understanding,understanding,/Users/ritesh.thawkar/Ritesh/self-evolving-uug/runs/final/E2_understanding_only/iter_log.jsonl,proposer,kl_loss,0.0,,0.0,-0.8266607281667134,-1.5023411490080216,0.001,0.001,True,
684,stage1_understanding,understanding,/Users/ritesh.thawkar/Ritesh/self-evolving-uug/runs/final/E2_understanding_only/iter_log.jsonl,proposer,grpo_loss,0.4700520932674408,,0.0,-0.5583841717067685,-0.5304649687052717,0.001,0.001,True,
684,stage1_understanding,understanding,/Users/ritesh.thawkar/Ritesh/self-evolving-uug/runs/final/E2_understanding_only/iter_log.jsonl,proposer,kl_loss,0.0,,0.0,-0.5583841717067685,-0.5304649687052717,0.001,0.001,True,
685,stage1_understanding,understanding,/Users/ritesh.thawkar/Ritesh/self-evolving-uug/runs/final/E2_understanding_only/iter_log.jsonl,proposer,grpo_loss,0.7291666865348816,,0.0,-0.8771929732225301,-0.8333333333333334,0.001,0.001,True,
685,stage1_understanding,understanding,/Users/ritesh.thawkar/Ritesh/self-evolving-uug/runs/final/E2_understanding_only/iter_log.jsonl,proposer,kl_loss,0.0,,0.0,-0.8771929732225301,-0.8333333333333334,0.001,0.001,True,
686,stage1_understanding,understanding,/Users/ritesh.thawkar/Ritesh/self-evolving-uug/runs/final/E2_understanding_only/iter_log.jsonl,proposer,grpo_loss,0.6279296875,,0.0,-0.7365782443502112,-0.699749339498483,0.001,0.001,True,
686,stage1_understanding,understanding,/Users/ritesh.thawkar/Ritesh/self-evolving-uug/runs/final/E2_understanding_only/iter_log.jsonl,proposer,kl_loss,0.0,,0.0,-0.7365782443502112,-0.699749339498483,0.001,0.001,True,
687,stage1_understanding,understanding,/Users/ritesh.thawkar/Ritesh/self-evolving-uug/runs/final/E2_understanding_only/iter_log.jsonl,proposer,grpo_loss,0.5091146230697632,,0.0,-0.5741163896379708,-0.5454105758972362,0.001,0.001,True,
687,stage1_understanding,understanding,/Users/ritesh.thawkar/Ritesh/self-evolving-uug/runs/final/E2_understanding_only/iter_log.jsonl,proposer,kl_loss,0.0,,0.0,-0.5741163896379708,-0.5454105758972362,0.001,0.001,True,
688,stage1_understanding,understanding,/Users/ritesh.thawkar/Ritesh/self-evolving-uug/runs/final/E2_understanding_only/iter_log.jsonl,proposer,grpo_loss,0.5865885615348816,,0.0,-0.6702247974657572,-0.395642024516093,0.001,0.001,True,
688,stage1_understanding,understanding,/Users/ritesh.thawkar/Ritesh/self-evolving-uug/runs/final/E2_understanding_only/iter_log.jsonl,proposer,kl_loss,0.0,,0.0,-0.6702247974657572,-0.395642024516093,0.001,0.001,True,
689,stage1_understanding,understanding,/Users/ritesh.thawkar/Ritesh/self-evolving-uug/runs/final/E2_understanding_only/iter_log.jsonl,proposer,grpo_loss,0.7708333730697632,,0.0,-0.8771929732225301,-0.8333333333333334,0.001,0.001,True,
689,stage1_understanding,understanding,/Users/ritesh.thawkar/Ritesh/self-evolving-uug/runs/final/E2_understanding_only/iter_log.jsonl,proposer,kl_loss,0.0,,0.0,-0.8771929732225301,-0.8333333333333334,0.001,0.001,True,
690,stage1_understanding,understanding,/Users/ritesh.thawkar/Ritesh/self-evolving-uug/runs/final/E2_understanding_only/iter_log.jsonl,proposer,grpo_loss,0.74609375,,0.0,-0.8771929732225301,-0.8333333333333334,0.001,0.001,True,
690,stage1_understanding,understanding,/Users/ritesh.thawkar/Ritesh/self-evolving-uug/runs/final/E2_understanding_only/iter_log.jsonl,proposer,kl_loss,0.0,,0.0,-0.8771929732225301,-0.8333333333333334,0.001,0.001,True,
691,stage1_understanding,understanding,/Users/ritesh.thawkar/Ritesh/self-evolving-uug/runs/final/E2_understanding_only/iter_log.jsonl,proposer,grpo_loss,0.2265625,,0.0,-0.25513643348299625,-0.060133731895623765,0.001,0.001,True,
691,stage1_understanding,understanding,/Users/ritesh.thawkar/Ritesh/self-evolving-uug/runs/final/E2_understanding_only/iter_log.jsonl,proposer,kl_loss,0.0,,0.0,-0.25513643348299625,-0.060133731895623765,0.001,0.001,True,
692,stage1_understanding,understanding,/Users/ritesh.thawkar/Ritesh/self-evolving-uug/runs/final/E2_understanding_only/iter_log.jsonl,proposer,grpo_loss,0.7877604365348816,,0.0,-0.9566711856072515,-0.9671948482038593,0.001,0.001,True,
692,stage1_understanding,understanding,/Users/ritesh.thawkar/Ritesh/self-evolving-uug/runs/final/E2_understanding_only/iter_log.jsonl,proposer,kl_loss,0.0,,0.0,-0.9566711856072515,-0.9671948482038593,0.001,0.001,True,
693,stage1_understanding,understanding,/Users/ritesh.thawkar/Ritesh/self-evolving-uug/runs/final/E2_understanding_only/iter_log.jsonl,proposer,grpo_loss,0.5074869990348816,,0.0,-0.5954944607562587,-0.5657197436733904,0.001,0.001,True,
693,stage1_understanding,understanding,/Users/ritesh.thawkar/Ritesh/self-evolving-uug/runs/final/E2_understanding_only/iter_log.jsonl,proposer,kl_loss,0.0,,0.0,-0.5954944607562587,-0.5657197436733904,0.001,0.001,True,
694,stage1_understanding,understanding,/Users/ritesh.thawkar/Ritesh/self-evolving-uug/runs/final/E2_understanding_only/iter_log.jsonl,proposer,grpo_loss,0.7890625,,0.0,-0.9684795816691882,-0.9534002824223929,0.001,0.001,True,
694,stage1_understanding,understanding,/Users/ritesh.thawkar/Ritesh/self-evolving-uug/runs/final/E2_understanding_only/iter_log.jsonl,proposer,kl_loss,0.0,,0.0,-0.9684795816691882,-0.9534002824223929,0.001,0.001,True,
695,stage1_understanding,understanding,/Users/ritesh.thawkar/Ritesh/self-evolving-uug/runs/final/E2_understanding_only/iter_log.jsonl,proposer,grpo_loss,0.7877604365348816,,0.0,-0.8771929732225301,-0.8333333333333334,0.001,0.001,True,
695,stage1_understanding,understanding,/Users/ritesh.thawkar/Ritesh/self-evolving-uug/runs/final/E2_understanding_only/iter_log.jsonl,proposer,kl_loss,0.0,,0.0,-0.8771929732225301,-0.8333333333333334,0.001,0.001,True,
696,stage1_understanding,understanding,/Users/ritesh.thawkar/Ritesh/self-evolving-uug/runs/final/E2_understanding_only/iter_log.jsonl,proposer,grpo_loss,0.7356771230697632,,0.0,-0.8771929732225301,-0.8333333333333334,0.001,0.001,True,
696,stage1_understanding,understanding,/Users/ritesh.thawkar/Ritesh/self-evolving-uug/runs/final/E2_understanding_only/iter_log.jsonl,proposer,kl_loss,0.0,,0.0,-0.8771929732225301,-0.8333333333333334,0.001,0.001,True,
697,stage1_understanding,understanding,/Users/ritesh.thawkar/Ritesh/self-evolving-uug/runs/final/E2_understanding_only/iter_log.jsonl,proposer,grpo_loss,0.7408854365348816,,0.0,-0.8771929732225301,-0.8333333333333334,0.001,0.001,True,
697,stage1_understanding,understanding,/Users/ritesh.thawkar/Ritesh/self-evolving-uug/runs/final/E2_understanding_only/iter_log.jsonl,proposer,kl_loss,0.0,,0.0,-0.8771929732225301,-0.8333333333333334,0.001,0.001,True,
698,stage1_understanding,understanding,/Users/ritesh.thawkar/Ritesh/self-evolving-uug/runs/final/E2_understanding_only/iter_log.jsonl,proposer,grpo_loss,0.4381510615348816,,0.0,-0.47826630401560744,-0.8758044610531376,0.001,0.001,True,
698,stage1_understanding,understanding,/Users/ritesh.thawkar/Ritesh/self-evolving-uug/runs/final/E2_understanding_only/iter_log.jsonl,proposer,kl_loss,0.0,,0.0,-0.47826630401560744,-0.8758044610531376,0.001,0.001,True,
699,stage1_understanding,understanding,/Users/ritesh.thawkar/Ritesh/self-evolving-uug/runs/final/E2_understanding_only/iter_log.jsonl,proposer,grpo_loss,0.8307291865348816,,0.0,-0.9782775042702041,-0.9294826001216424,0.001,0.001,True,
699,stage1_understanding,understanding,/Users/ritesh.thawkar/Ritesh/self-evolving-uug/runs/final/E2_understanding_only/iter_log.jsonl,proposer,kl_loss,0.0,,0.0,-0.9782775042702041,-0.9294826001216424,0.001,0.001,True,
700,stage1_understanding,understanding,/Users/ritesh.thawkar/Ritesh/self-evolving-uug/runs/final/E2_understanding_only/iter_log.jsonl,proposer,grpo_loss,0.7278646230697632,,0.0,-0.8771929732225301,-0.8333333333333334,0.001,0.001,True,
700,stage1_understanding,understanding,/Users/ritesh.thawkar/Ritesh/self-evolving-uug/runs/final/E2_understanding_only/iter_log.jsonl,proposer,kl_loss,0.0,,0.0,-0.8771929732225301,-0.8333333333333334,0.001,0.001,True,
701,stage1_understanding,understanding,/Users/ritesh.thawkar/Ritesh/self-evolving-uug/runs/final/E2_understanding_only/iter_log.jsonl,proposer,grpo_loss,-0.65625,,0.0,0.7705350439797364,0.15138937146711132,0.001,0.001,True,
701,stage1_understanding,understanding,/Users/ritesh.thawkar/Ritesh/self-evolving-uug/runs/final/E2_understanding_only/iter_log.jsonl,proposer,kl_loss,0.0,,0.0,0.7705350439797364,0.15138937146711132,0.001,0.001,True,
702,stage1_understanding,understanding,/Users/ritesh.thawkar/Ritesh/self-evolving-uug/runs/final/E2_understanding_only/iter_log.jsonl,proposer,grpo_loss,0.8046875,,0.0,-0.9532014264183354,-0.9055413646294331,0.001,0.001,True,
702,stage1_understanding,understanding,/Users/ritesh.thawkar/Ritesh/self-evolving-uug/runs/final/E2_understanding_only/iter_log.jsonl,proposer,kl_loss,0.0,,0.0,-0.9532014264183354,-0.9055413646294331,0.001,0.001,True,
703,stage1_understanding,understanding,/Users/ritesh.thawkar/Ritesh/self-evolving-uug/runs/final/E2_understanding_only/iter_log.jsonl,proposer,grpo_loss,0.7083333730697632,,0.0,-0.8771929732225301,-0.8333333333333334,0.001,0.001,True,
703,stage1_understanding,understanding,/Users/ritesh.thawkar/Ritesh/self-evolving-uug/runs/final/E2_understanding_only/iter_log.jsonl,proposer,kl_loss,0.0,,0.0,-0.8771929732225301,-0.8333333333333334,0.001,0.001,True,
704,stage1_understanding,understanding,/Users/ritesh.thawkar/Ritesh/self-evolving-uug/runs/final/E2_understanding_only/iter_log.jsonl,proposer,grpo_loss,-0.064453125,,0.0,0.07312934439342739,0.06947287790504945,0.001,0.001,True,
704,stage1_understanding,understanding,/Users/ritesh.thawkar/Ritesh/self-evolving-uug/runs/final/E2_understanding_only/iter_log.jsonl,proposer,kl_loss,0.0,,0.0,0.07312934439342739,0.06947287790504945,0.001,0.001,True,
705,stage1_understanding,understanding,/Users/ritesh.thawkar/Ritesh/self-evolving-uug/runs/final/E2_understanding_only/iter_log.jsonl,proposer,grpo_loss,0.01595052145421505,,0.0,-0.016912042870019784,-0.016066440895639206,0.001,0.001,True,
705,stage1_understanding,understanding,/Users/ritesh.thawkar/Ritesh/self-evolving-uug/runs/final/E2_understanding_only/iter_log.jsonl,proposer,kl_loss,0.0,,0.0,-0.016912042870019784,-0.016066440895639206,0.001,0.001,True,
706,stage1_understanding,understanding,/Users/ritesh.thawkar/Ritesh/self-evolving-uug/runs/final/E2_understanding_only/iter_log.jsonl,proposer,grpo_loss,0.45703125,,0.0,-0.5113436629297273,-0.11675234620544055,0.001,0.001,True,
706,stage1_understanding,understanding,/Users/ritesh.thawkar/Ritesh/self-evolving-uug/runs/final/E2_understanding_only/iter_log.jsonl,proposer,kl_loss,0.0,,0.0,-0.5113436629297273,-0.11675234620544055,0.001,0.001,True,
707,stage1_understanding,understanding,/Users/ritesh.thawkar/Ritesh/self-evolving-uug/runs/final/E2_understanding_only/iter_log.jsonl,proposer,grpo_loss,0.5354818105697632,,0.0,-0.6349356600604253,-0.6031888834067607,0.001,0.001,True,
707,stage1_understanding,understanding,/Users/ritesh.thawkar/Ritesh/self-evolving-uug/runs/final/E2_understanding_only/iter_log.jsonl,proposer,kl_loss,0.0,,0.0,-0.6349356600604253,-0.6031888834067607,0.001,0.001,True,
708,stage1_understanding,understanding,/Users/ritesh.thawkar/Ritesh/self-evolving-uug/runs/final/E2_understanding_only/iter_log.jsonl,proposer,grpo_loss,0.5455729365348816,,0.0,-0.6396953099987299,-0.6077105508957465,0.001,0.001,True,
708,stage1_understanding,understanding,/Users/ritesh.thawkar/Ritesh/self-evolving-uug/runs/final/E2_understanding_only/iter_log.jsonl,proposer,kl_loss,0.0,,0.0,-0.6396953099987299,-0.6077105508957465,0.001,0.001,True,
709,stage1_understanding,understanding,/Users/ritesh.thawkar/Ritesh/self-evolving-uug/runs/final/E2_understanding_only/iter_log.jsonl,proposer,grpo_loss,-0.76953125,,0.0,0.8812298825466537,0.280070191612782,0.001,0.001,True,
709,stage1_understanding,understanding,/Users/ritesh.thawkar/Ritesh/self-evolving-uug/runs/final/E2_understanding_only/iter_log.jsonl,proposer,kl_loss,0.0,,0.0,0.8812298825466537,0.280070191612782,0.001,0.001,True,
710,stage1_understanding,understanding,/Users/ritesh.thawkar/Ritesh/self-evolving-uug/runs/final/E2_understanding_only/iter_log.jsonl,proposer,grpo_loss,0.021484375,,0.0,-0.026184620388993256,-0.014560228311754889,0.001,0.001,True,
710,stage1_understanding,understanding,/Users/ritesh.thawkar/Ritesh/self-evolving-uug/runs/final/E2_understanding_only/iter_log.jsonl,proposer,kl_loss,0.0,,0.0,-0.026184620388993256,-0.014560228311754889,0.001,0.001,True,
711,stage1_understanding,understanding,/Users/ritesh.thawkar/Ritesh/self-evolving-uug/runs/final/E2_understanding_only/iter_log.jsonl,proposer,grpo_loss,0.484375,,0.0,-0.5765028738174515,-0.3166208250396964,0.001,0.001,True,
711,stage1_understanding,understanding,/Users/ritesh.thawkar/Ritesh/self-evolving-uug/runs/final/E2_understanding_only/iter_log.jsonl,proposer,kl_loss,0.0,,0.0,-0.5765028738174515,-0.3166208250396964,0.001,0.001,True,
712,stage1_understanding,understanding,/Users/ritesh.thawkar/Ritesh/self-evolving-uug/runs/final/E2_understanding_only/iter_log.jsonl,proposer,grpo_loss,0.5480143427848816,,0.0,-0.6436061556980369,-0.6114258543491965,0.001,0.001,True,
712,stage1_understanding,understanding,/Users/ritesh.thawkar/Ritesh/self-evolving-uug/runs/final/E2_understanding_only/iter_log.jsonl,proposer,kl_loss,0.0,,0.0,-0.6436061556980369,-0.6114258543491965,0.001,0.001,True,
713,stage1_understanding,understanding,/Users/ritesh.thawkar/Ritesh/self-evolving-uug/runs/final/E2_understanding_only/iter_log.jsonl,proposer,grpo_loss,0.5159505605697632,,0.0,-0.5926492198609816,-0.5630167647944248,0.001,0.001,True,
713,stage1_understanding,understanding,/Users/ritesh.thawkar/Ritesh/self-evolving-uug/runs/final/E2_understanding_only/iter_log.jsonl,proposer,kl_loss,0.0,,0.0,-0.5926492198609816,-0.5630167647944248,0.001,0.001,True,
714,stage1_understanding,understanding,/Users/ritesh.thawkar/Ritesh/self-evolving-uug/runs/final/E2_understanding_only/iter_log.jsonl,proposer,grpo_loss,0.5113932490348816,,0.0,-0.6074527078186099,-0.5770800785022064,0.001,0.001,True,
714,stage1_understanding,understanding,/Users/ritesh.thawkar/Ritesh/self-evolving-uug/runs/final/E2_understanding_only/iter_log.jsonl,proposer,kl_loss,0.0,,0.0,-0.6074527078186099,-0.5770800785022064,0.001,0.001,True,
715,stage1_understanding,understanding,/Users/ritesh.thawkar/Ritesh/self-evolving-uug/runs/final/E2_understanding_only/iter_log.jsonl,proposer,grpo_loss,0.0078125,,0.0,-0.01312298246296184,-0.003688627813392779,0.001,0.001,True,
715,stage1_understanding,understanding,/Users/ritesh.thawkar/Ritesh/self-evolving-uug/runs/final/E2_understanding_only/iter_log.jsonl,proposer,kl_loss,0.0,,0.0,-0.01312298246296184,-0.003688627813392779,0.001,0.001,True,
716,stage1_understanding,understanding,/Users/ritesh.thawkar/Ritesh/self-evolving-uug/runs/final/E2_understanding_only/iter_log.jsonl,proposer,grpo_loss,0.7486979365348816,,0.0,-0.8771929732225301,-0.8333333333333334,0.001,0.001,True,
716,stage1_understanding,understanding,/Users/ritesh.thawkar/Ritesh/self-evolving-uug/runs/final/E2_understanding_only/iter_log.jsonl,proposer,kl_loss,0.0,,0.0,-0.8771929732225301,-0.8333333333333334,0.001,0.001,True,
717,stage1_understanding,understanding,/Users/ritesh.thawkar/Ritesh/self-evolving-uug/runs/final/E2_understanding_only/iter_log.jsonl,proposer,grpo_loss,0.7473958730697632,,0.0,-0.8771929732225301,-0.8333333333333334,0.001,0.001,True,
717,stage1_understanding,understanding,/Users/ritesh.thawkar/Ritesh/self-evolving-uug/runs/final/E2_understanding_only/iter_log.jsonl,proposer,kl_loss,0.0,,0.0,-0.8771929732225301,-0.8333333333333334,0.001,0.001,True,
718,stage1_understanding,understanding,/Users/ritesh.thawkar/Ritesh/self-evolving-uug/runs/final/E2_understanding_only/iter_log.jsonl,proposer,grpo_loss,0.7734375,,0.0,-0.9422806656710963,-0.8752979734601594,0.001,0.001,True,
718,stage1_understanding,understanding,/Users/ritesh.thawkar/Ritesh/self-evolving-uug/runs/final/E2_understanding_only/iter_log.jsonl,proposer,kl_loss,0.0,,0.0,-0.9422806656710963,-0.8752979734601594,0.001,0.001,True,
719,stage1_understanding,understanding,/Users/ritesh.thawkar/Ritesh/self-evolving-uug/runs/final/E2_understanding_only/iter_log.jsonl,proposer,grpo_loss,0.734375,,0.0,-0.8771929732225301,-0.8333333333333334,0.001,0.001,True,
719,stage1_understanding,understanding,/Users/ritesh.thawkar/Ritesh/self-evolving-uug/runs/final/E2_understanding_only/iter_log.jsonl,proposer,kl_loss,0.0,,0.0,-0.8771929732225301,-0.8333333333333334,0.001,0.001,True,
720,stage1_understanding,understanding,/Users/ritesh.thawkar/Ritesh/self-evolving-uug/runs/final/E2_understanding_only/iter_log.jsonl,proposer,grpo_loss,0.3684895932674408,,0.0,-0.42571440361720353,-0.13276624546457302,0.001,0.001,True,
720,stage1_understanding,understanding,/Users/ritesh.thawkar/Ritesh/self-evolving-uug/runs/final/E2_understanding_only/iter_log.jsonl,proposer,kl_loss,0.0,,0.0,-0.42571440361720353,-0.13276624546457302,0.001,0.001,True,
721,stage1_understanding,understanding,/Users/ritesh.thawkar/Ritesh/self-evolving-uug/runs/final/E2_understanding_only/iter_log.jsonl,proposer,grpo_loss,-0.03515625,,0.0,0.03041914257761315,0.02889818575292391,0.001,0.001,True,
721,stage1_understanding,understanding,/Users/ritesh.thawkar/Ritesh/self-evolving-uug/runs/final/E2_understanding_only/iter_log.jsonl,proposer,kl_loss,0.0,,0.0,0.03041914257761315,0.02889818575292391,0.001,0.001,True,
722,stage1_understanding,understanding,/Users/ritesh.thawkar/Ritesh/self-evolving-uug/runs/final/E2_understanding_only/iter_log.jsonl,proposer,grpo_loss,0.796875,,0.0,-0.9461728713665938,-0.9498703739664695,0.001,0.001,True,
722,stage1_understanding,understanding,/Users/ritesh.thawkar/Ritesh/self-evolving-uug/runs/final/E2_understanding_only/iter_log.jsonl,proposer,kl_loss,0.0,,0.0,-0.9461728713665938,-0.9498703739664695,0.001,0.001,True,
723,stage1_understanding,understanding,/Users/ritesh.thawkar/Ritesh/self-evolving-uug/runs/final/E2_understanding_only/iter_log.jsonl,proposer,grpo_loss,0.2677409052848816,,0.0,-0.32239847379520264,-0.30627855332942727,0.001,0.001,True,
723,stage1_understanding,understanding,/Users/ritesh.thawkar/Ritesh/self-evolving-uug/runs/final/E2_understanding_only/iter_log.jsonl,proposer,kl_loss,0.0,,0.0,-0.32239847379520264,-0.30627855332942727,0.001,0.001,True,
724,stage1_understanding,understanding,/Users/ritesh.thawkar/Ritesh/self-evolving-uug/runs/final/E2_understanding_only/iter_log.jsonl,proposer,grpo_loss,0.5413411855697632,,0.0,-0.6418795187203233,-0.6097855492031022,0.001,0.001,True,
724,stage1_understanding,understanding,/Users/ritesh.thawkar/Ritesh/self-evolving-uug/runs/final/E2_understanding_only/iter_log.jsonl,proposer,kl_loss,0.0,,0.0,-0.6418795187203233,-0.6097855492031022,0.001,0.001,True,
725,stage1_understanding,understanding,/Users/ritesh.thawkar/Ritesh/self-evolving-uug/runs/final/E2_understanding_only/iter_log.jsonl,proposer,grpo_loss,0.3502604365348816,,0.0,-0.4296535320416381,-0.10505012044293909,0.001,0.001,True,
725,stage1_understanding,understanding,/Users/ritesh.thawkar/Ritesh/self-evolving-uug/runs/final/E2_understanding_only/iter_log.jsonl,proposer,kl_loss,0.0,,0.0,-0.4296535320416381,-0.10505012044293909,0.001,0.001,True,
726,stage1_understanding,understanding,/Users/ritesh.thawkar/Ritesh/self-evolving-uug/runs/final/E2_understanding_only/iter_log.jsonl,proposer,grpo_loss,0.5748698115348816,,0.0,-0.6866242024998549,-1.2308894188342518,0.001,0.001,True,
726,stage1_understanding,understanding,/Users/ritesh.thawkar/Ritesh/self-evolving-uug/runs/final/E2_understanding_only/iter_log.jsonl,proposer,kl_loss,0.0,,0.0,-0.6866242024998549,-1.2308894188342518,0.001,0.001,True,
727,stage1_understanding,understanding,/Users/ritesh.thawkar/Ritesh/self-evolving-uug/runs/final/E2_understanding_only/iter_log.jsonl,proposer,grpo_loss,0.7174479365348816,,0.0,-0.8771929732225301,-0.8333333333333334,0.001,0.001,True,
727,stage1_understanding,understanding,/Users/ritesh.thawkar/Ritesh/self-evolving-uug/runs/final/E2_understanding_only/iter_log.jsonl,proposer,kl_loss,0.0,,0.0,-0.8771929732225301,-0.8333333333333334,0.001,0.001,True,
728,stage1_understanding,understanding,/Users/ritesh.thawkar/Ritesh/self-evolving-uug/runs/final/E2_understanding_only/iter_log.jsonl,proposer,grpo_loss,-0.0582682304084301,,0.0,0.07527827963926276,0.07151436641008242,0.001,0.001,True,
728,stage1_understanding,understanding,/Users/ritesh.thawkar/Ritesh/self-evolving-uug/runs/final/E2_understanding_only/iter_log.jsonl,proposer,kl_loss,0.0,,0.0,0.07527827963926276,0.07151436641008242,0.001,0.001,True,
729,stage1_understanding,understanding,/Users/ritesh.thawkar/Ritesh/self-evolving-uug/runs/final/E2_understanding_only/iter_log.jsonl,proposer,grpo_loss,-0.25390625,,0.0,0.2964828728910596,0.07107688859463786,0.001,0.001,True,
729,stage1_understanding,understanding,/Users/ritesh.thawkar/Ritesh/self-evolving-uug/runs/final/E2_understanding_only/iter_log.jsonl,proposer,kl_loss,0.0,,0.0,0.2964828728910596,0.07107688859463786,0.001,0.001,True,
730,stage1_understanding,understanding,/Users/ritesh.thawkar/Ritesh/self-evolving-uug/runs/final/E2_understanding_only/iter_log.jsonl,proposer,grpo_loss,0.35546875,,0.0,-0.4276997189119594,-0.4063147372433586,0.001,0.001,True,
730,stage1_understanding,understanding,/Users/ritesh.thawkar/Ritesh/self-evolving-uug/runs/final/E2_understanding_only/iter_log.jsonl,proposer,kl_loss,0.0,,0.0,-0.4276997189119594,-0.4063147372433586,0.001,0.001,True,
731,stage1_understanding,understanding,/Users/ritesh.thawkar/Ritesh/self-evolving-uug/runs/final/E2_understanding_only/iter_log.jsonl,proposer,grpo_loss,0.1292317807674408,,0.0,-0.15437829932350644,-0.14665938590111413,0.001,0.001,True,
731,stage1_understanding,understanding,/Users/ritesh.thawkar/Ritesh/self-evolving-uug/runs/final/E2_understanding_only/iter_log.jsonl,proposer,kl_loss,0.0,,0.0,-0.15437829932350644,-0.14665938590111413,0.001,0.001,True,
732,stage1_understanding,understanding,/Users/ritesh.thawkar/Ritesh/self-evolving-uug/runs/final/E2_understanding_only/iter_log.jsonl,proposer,grpo_loss,0.8111979365348816,,0.0,-0.9918868442258687,-0.9365405346840907,0.001,0.001,True,
732,stage1_understanding,understanding,/Users/ritesh.thawkar/Ritesh/self-evolving-uug/runs/final/E2_understanding_only/iter_log.jsonl,proposer,kl_loss,0.0,,0.0,-0.9918868442258687,-0.9365405346840907,0.001,0.001,True,
733,stage1_understanding,understanding,/Users/ritesh.thawkar/Ritesh/self-evolving-uug/runs/final/E2_understanding_only/iter_log.jsonl,proposer,grpo_loss,-0.006510416977107525,,0.0,0.005961183012096231,0.0017528460975696862,0.001,0.001,True,
733,stage1_understanding,understanding,/Users/ritesh.thawkar/Ritesh/self-evolving-uug/runs/final/E2_understanding_only/iter_log.jsonl,proposer,kl_loss,0.0,,0.0,0.005961183012096231,0.0017528460975696862,0.001,0.001,True,
734,stage1_understanding,understanding,/Users/ritesh.thawkar/Ritesh/self-evolving-uug/runs/final/E2_understanding_only/iter_log.jsonl,proposer,grpo_loss,-0.7903646230697632,,0.0,0.9306169345028262,0.2398836868065424,0.001,0.001,True,
734,stage1_understanding,understanding,/Users/ritesh.thawkar/Ritesh/self-evolving-uug/runs/final/E2_understanding_only/iter_log.jsonl,proposer,kl_loss,0.0,,0.0,0.9306169345028262,0.2398836868065424,0.001,0.001,True,
735,stage1_understanding,understanding,/Users/ritesh.thawkar/Ritesh/self-evolving-uug/runs/final/E2_understanding_only/iter_log.jsonl,proposer,grpo_loss,0.552734375,,0.0,-0.6283524716604391,-0.5969348543609417,0.001,0.001,True,
735,stage1_understanding,understanding,/Users/ritesh.thawkar/Ritesh/self-evolving-uug/runs/final/E2_understanding_only/iter_log.jsonl,proposer,kl_loss,0.0,,0.0,-0.6283524716604391,-0.5969348543609417,0.001,0.001,True,
736,stage1_understanding,understanding,/Users/ritesh.thawkar/Ritesh/self-evolving-uug/runs/final/E2_understanding_only/iter_log.jsonl,proposer,grpo_loss,0.466796875,,0.0,-0.5615204085418514,-0.3559350374253736,0.001,0.001,True,
736,stage1_understanding,understanding,/Users/ritesh.thawkar/Ritesh/self-evolving-uug/runs/final/E2_understanding_only/iter_log.jsonl,proposer,kl_loss,0.0,,0.0,-0.5615204085418514,-0.3559350374253736,0.001,0.001,True,
737,stage1_understanding,understanding,/Users/ritesh.thawkar/Ritesh/self-evolving-uug/runs/final/E2_understanding_only/iter_log.jsonl,proposer,grpo_loss,0.0794270858168602,,0.0,-0.09941250494781344,-0.0944418806945478,0.001,0.001,True,
737,stage1_understanding,understanding,/Users/ritesh.thawkar/Ritesh/self-evolving-uug/runs/final/E2_understanding_only/iter_log.jsonl,proposer,kl_loss,0.0,,0.0,-0.09941250494781344,-0.0944418806945478,0.001,0.001,True,
738,stage1_understanding,understanding,/Users/ritesh.thawkar/Ritesh/self-evolving-uug/runs/final/E2_understanding_only/iter_log.jsonl,proposer,grpo_loss,0.490234375,,0.0,-0.5603949365343092,-0.532375195311543,0.001,0.001,True,
738,stage1_understanding,understanding,/Users/ritesh.thawkar/Ritesh/self-evolving-uug/runs/final/E2_understanding_only/iter_log.jsonl,proposer,kl_loss,0.0,,0.0,-0.5603949365343092,-0.532375195311543,0.001,0.001,True,
739,stage1_understanding,understanding,/Users/ritesh.thawkar/Ritesh/self-evolving-uug/runs/final/E2_understanding_only/iter_log.jsonl,proposer,grpo_loss,0.455078125,,0.0,-0.5429939287325564,-0.5158442377258678,0.001,0.001,True,
739,stage1_understanding,understanding,/Users/ritesh.thawkar/Ritesh/self-evolving-uug/runs/final/E2_understanding_only/iter_log.jsonl,proposer,kl_loss,0.0,,0.0,-0.5429939287325564,-0.5158442377258678,0.001,0.001,True,
740,stage1_understanding,understanding,/Users/ritesh.thawkar/Ritesh/self-evolving-uug/runs/final/E2_understanding_only/iter_log.jsonl,proposer,grpo_loss,-0.0807291716337204,,0.0,0.0986547970056302,0.09372205814189667,0.001,0.001,True,
740,stage1_understanding,understanding,/Users/ritesh.thawkar/Ritesh/self-evolving-uug/runs/final/E2_understanding_only/iter_log.jsonl,proposer,kl_loss,0.0,,0.0,0.0986547970056302,0.09372205814189667,0.001,0.001,True,
741,stage1_understanding,understanding,/Users/ritesh.thawkar/Ritesh/self-evolving-uug/runs/final/E2_understanding_only/iter_log.jsonl,proposer,grpo_loss,-0.5696614980697632,,0.0,0.66975799847455,0.08047273140072057,0.001,0.001,True,
741,stage1_understanding,understanding,/Users/ritesh.thawkar/Ritesh/self-evolving-uug/runs/final/E2_understanding_only/iter_log.jsonl,proposer,kl_loss,0.0,,0.0,0.66975799847455,0.08047273140072057,0.001,0.001,True,
742,stage1_understanding,understanding,/Users/ritesh.thawkar/Ritesh/self-evolving-uug/runs/final/E2_understanding_only/iter_log.jsonl,proposer,grpo_loss,0.6669921875,,0.0,-0.7519170429610306,-0.7143211983321495,0.001,0.001,True,
742,stage1_understanding,understanding,/Users/ritesh.thawkar/Ritesh/self-evolving-uug/runs/final/E2_understanding_only/iter_log.jsonl,proposer,kl_loss,0.0,,0.0,-0.7519170429610306,-0.7143211983321495,0.001,0.001,True,
743,stage1_understanding,understanding,/Users/ritesh.thawkar/Ritesh/self-evolving-uug/runs/final/E2_understanding_only/iter_log.jsonl,proposer,grpo_loss,0.73828125,,0.0,-0.8771929732225301,-0.8333333333333334,0.001,0.001,True,
743,stage1_understanding,understanding,/Users/ritesh.thawkar/Ritesh/self-evolving-uug/runs/final/E2_understanding_only/iter_log.jsonl,proposer,kl_loss,0.0,,0.0,-0.8771929732225301,-0.8333333333333334,0.001,0.001,True,
744,stage1_understanding,understanding,/Users/ritesh.thawkar/Ritesh/self-evolving-uug/runs/final/E2_understanding_only/iter_log.jsonl,proposer,grpo_loss,0.8177083730697632,,0.0,-0.8771929732225301,-0.8333333333333334,0.001,0.001,True,
744,stage1_understanding,understanding,/Users/ritesh.thawkar/Ritesh/self-evolving-uug/runs/final/E2_understanding_only/iter_log.jsonl,proposer,kl_loss,0.0,,0.0,-0.8771929732225301,-0.8333333333333334,0.001,0.001,True,
745,stage1_understanding,understanding,/Users/ritesh.thawkar/Ritesh/self-evolving-uug/runs/final/E2_understanding_only/iter_log.jsonl,proposer,grpo_loss,0.7252604365348816,,0.0,-0.8771929732225301,-0.8333333333333334,0.001,0.001,True,
745,stage1_understanding,understanding,/Users/ritesh.thawkar/Ritesh/self-evolving-uug/runs/final/E2_understanding_only/iter_log.jsonl,proposer,kl_loss,0.0,,0.0,-0.8771929732225301,-0.8333333333333334,0.001,0.001,True,
746,stage1_understanding,understanding,/Users/ritesh.thawkar/Ritesh/self-evolving-uug/runs/final/E2_understanding_only/iter_log.jsonl,proposer,grpo_loss,-0.64453125,,0.0,0.7313556601445566,0.15960221009815975,0.001,0.001,True,
746,stage1_understanding,understanding,/Users/ritesh.thawkar/Ritesh/self-evolving-uug/runs/final/E2_understanding_only/iter_log.jsonl,proposer,kl_loss,0.0,,0.0,0.7313556601445566,0.15960221009815975,0.001,0.001,True,
747,stage1_understanding,understanding,/Users/ritesh.thawkar/Ritesh/self-evolving-uug/runs/final/E2_understanding_only/iter_log.jsonl,proposer,grpo_loss,0.76953125,,0.0,-0.8771929732225301,-0.8333333333333334,0.001,0.001,True,
747,stage1_understanding,understanding,/Users/ritesh.thawkar/Ritesh/self-evolving-uug/runs/final/E2_understanding_only/iter_log.jsonl,proposer,kl_loss,0.0,,0.0,-0.8771929732225301,-0.8333333333333334,0.001,0.001,True,
748,stage1_understanding,understanding,/Users/ritesh.thawkar/Ritesh/self-evolving-uug/runs/final/E2_understanding_only/iter_log.jsonl,proposer,grpo_loss,0.7604166865348816,,0.0,-0.8771929732225301,-0.8333333333333334,0.001,0.001,True,
748,stage1_understanding,understanding,/Users/ritesh.thawkar/Ritesh/self-evolving-uug/runs/final/E2_understanding_only/iter_log.jsonl,proposer,kl_loss,0.0,,0.0,-0.8771929732225301,-0.8333333333333334,0.001,0.001,True,
749,stage1_understanding,understanding,/Users/ritesh.thawkar/Ritesh/self-evolving-uug/runs/final/E2_understanding_only/iter_log.jsonl,proposer,grpo_loss,0.4212239682674408,,0.0,-0.4936763803950326,-0.05932229145980535,0.001,0.001,True,
749,stage1_understanding,understanding,/Users/ritesh.thawkar/Ritesh/self-evolving-uug/runs/final/E2_understanding_only/iter_log.jsonl,proposer,kl_loss,0.0,,0.0,-0.4936763803950326,-0.05932229145980535,0.001,0.001,True,
750,stage1_understanding,understanding,/Users/ritesh.thawkar/Ritesh/self-evolving-uug/runs/final/E2_understanding_only/iter_log.jsonl,proposer,grpo_loss,0.7174479365348816,,0.0,-0.8771929732225301,-0.8333333333333334,0.001,0.001,True,
750,stage1_understanding,understanding,/Users/ritesh.thawkar/Ritesh/self-evolving-uug/runs/final/E2_understanding_only/iter_log.jsonl,proposer,kl_loss,0.0,,0.0,-0.8771929732225301,-0.8333333333333334,0.001,0.001,True,
751,stage1_understanding,understanding,/Users/ritesh.thawkar/Ritesh/self-evolving-uug/runs/final/E2_understanding_only/iter_log.jsonl,proposer,grpo_loss,0.375,,0.0,-0.4603690918504655,-0.11894521101124074,0.001,0.001,True,
751,stage1_understanding,understanding,/Users/ritesh.thawkar/Ritesh/self-evolving-uug/runs/final/E2_understanding_only/iter_log.jsonl,proposer,kl_loss,0.0,,0.0,-0.4603690918504655,-0.11894521101124074,0.001,0.001,True,
752,stage1_understanding,understanding,/Users/ritesh.thawkar/Ritesh/self-evolving-uug/runs/final/E2_understanding_only/iter_log.jsonl,proposer,grpo_loss,0.6416015625,,0.0,-0.7672542754008503,-0.5989056074137066,0.001,0.001,True,
752,stage1_understanding,understanding,/Users/ritesh.thawkar/Ritesh/self-evolving-uug/runs/final/E2_understanding_only/iter_log.jsonl,proposer,grpo_loss,0.5784505605697632,,0.0009765625,-0.578802883451314,-0.5498627450667771,0.001,0.001,True,
752,stage1_understanding,understanding,/Users/ritesh.thawkar/Ritesh/self-evolving-uug/runs/final/E2_understanding_only/iter_log.jsonl,proposer,kl_loss,0.0,,0.0,-0.7672542754008503,-0.5989056074137066,0.001,0.001,True,
752,stage1_understanding,understanding,/Users/ritesh.thawkar/Ritesh/self-evolving-uug/runs/final/E2_understanding_only/iter_log.jsonl,proposer,kl_loss,0.0009765625,,0.0009765625,-0.578802883451314,-0.5498627450667771,0.001,0.001,True,
753,stage1_understanding,understanding,/Users/ritesh.thawkar/Ritesh/self-evolving-uug/runs/final/E2_understanding_only/iter_log.jsonl,proposer,grpo_loss,0.72265625,,0.0,-0.7891281521656287,-0.32830523353425084,0.001,0.001,True,
753,stage1_understanding,understanding,/Users/ritesh.thawkar/Ritesh/self-evolving-uug/runs/final/E2_understanding_only/iter_log.jsonl,proposer,grpo_loss,-0.0533854179084301,,0.0,0.05316846903205038,0.02738029797536116,0.001,0.001,True,
753,stage1_understanding,understanding,/Users/ritesh.thawkar/Ritesh/self-evolving-uug/runs/final/E2_understanding_only/iter_log.jsonl,proposer,kl_loss,0.0,,0.0,-0.7891281521656287,-0.32830523353425084,0.001,0.001,True,
753,stage1_understanding,understanding,/Users/ritesh.thawkar/Ritesh/self-evolving-uug/runs/final/E2_understanding_only/iter_log.jsonl,proposer,kl_loss,0.0,,0.0,0.05316846903205038,0.02738029797536116,0.001,0.001,True,
754,stage1_understanding,understanding,/Users/ritesh.thawkar/Ritesh/self-evolving-uug/runs/final/E2_understanding_only/iter_log.jsonl,proposer,grpo_loss,0.7330729365348816,,0.0,-0.8771929732225301,-0.8333333333333334,0.001,0.001,True,
754,stage1_understanding,understanding,/Users/ritesh.thawkar/Ritesh/self-evolving-uug/runs/final/E2_understanding_only/iter_log.jsonl,proposer,grpo_loss,0.9765625,,0.0,-0.9758882774640177,-0.9389843377209597,0.001,0.001,True,
754,stage1_understanding,understanding,/Users/ritesh.thawkar/Ritesh/self-evolving-uug/runs/final/E2_understanding_only/iter_log.jsonl,proposer,kl_loss,0.0,,0.0,-0.8771929732225301,-0.8333333333333334,0.001,0.001,True,
754,stage1_understanding,understanding,/Users/ritesh.thawkar/Ritesh/self-evolving-uug/runs/final/E2_understanding_only/iter_log.jsonl,proposer,kl_loss,0.0,,0.0,-0.9758882774640177,-0.9389843377209597,0.001,0.001,True,
755,stage1_understanding,understanding,/Users/ritesh.thawkar/Ritesh/self-evolving-uug/runs/final/E2_understanding_only/iter_log.jsonl,proposer,grpo_loss,0.7356771230697632,,0.0,-0.8771929732225301,-0.8333333333333334,0.001,0.001,True,
755,stage1_understanding,understanding,/Users/ritesh.thawkar/Ritesh/self-evolving-uug/runs/final/E2_understanding_only/iter_log.jsonl,proposer,grpo_loss,-0.71484375,,0.0009765625,0.7148947371808897,0.21408286349494873,0.001,0.001,True,
755,stage1_understanding,understanding,/Users/ritesh.thawkar/Ritesh/self-evolving-uug/runs/final/E2_understanding_only/iter_log.jsonl,proposer,kl_loss,0.0,,0.0,-0.8771929732225301,-0.8333333333333334,0.001,0.001,True,
755,stage1_understanding,understanding,/Users/ritesh.thawkar/Ritesh/self-evolving-uug/runs/final/E2_understanding_only/iter_log.jsonl,proposer,kl_loss,0.0009765625,,0.0009765625,0.7148947371808897,0.21408286349494873,0.001,0.001,True,
756,stage1_understanding,understanding,/Users/ritesh.thawkar/Ritesh/self-evolving-uug/runs/final/E2_understanding_only/iter_log.jsonl,proposer,grpo_loss,-0.7513021230697632,,0.0,0.8646679112552057,0.26961402811969876,0.001,0.001,True,
756,stage1_understanding,understanding,/Users/ritesh.thawkar/Ritesh/self-evolving-uug/runs/final/E2_understanding_only/iter_log.jsonl,proposer,grpo_loss,-0.9166666865348816,,0.0,0.9172760060602707,0.26594779775676286,0.001,0.001,True,
756,stage1_understanding,understanding,/Users/ritesh.thawkar/Ritesh/self-evolving-uug/runs/final/E2_understanding_only/iter_log.jsonl,proposer,kl_loss,0.0,,0.0,0.8646679112552057,0.26961402811969876,0.001,0.001,True,
756,stage1_understanding,understanding,/Users/ritesh.thawkar/Ritesh/self-evolving-uug/runs/final/E2_understanding_only/iter_log.jsonl,proposer,kl_loss,0.0,,0.0,0.9172760060602707,0.26594779775676286,0.001,0.001,True,
757,stage1_understanding,understanding,/Users/ritesh.thawkar/Ritesh/self-evolving-uug/runs/final/E2_understanding_only/iter_log.jsonl,proposer,grpo_loss,0.54296875,,0.0,-0.6028944525970367,-0.5727497359961293,0.001,0.001,True,
757,stage1_understanding,understanding,/Users/ritesh.thawkar/Ritesh/self-evolving-uug/runs/final/E2_understanding_only/iter_log.jsonl,proposer,grpo_loss,-0.2447916716337204,,0.0,0.24396426449122663,0.04162324285514422,0.001,0.001,True,
757,stage1_understanding,understanding,/Users/ritesh.thawkar/Ritesh/self-evolving-uug/runs/final/E2_understanding_only/iter_log.jsonl,proposer,kl_loss,0.0,,0.0,-0.6028944525970367,-0.5727497359961293,0.001,0.001,True,
757,stage1_understanding,understanding,/Users/ritesh.thawkar/Ritesh/self-evolving-uug/runs/final/E2_understanding_only/iter_log.jsonl,proposer,kl_loss,0.0,,0.0,0.24396426449122663,0.04162324285514422,0.001,0.001,True,
758,stage1_understanding,understanding,/Users/ritesh.thawkar/Ritesh/self-evolving-uug/runs/final/E2_understanding_only/iter_log.jsonl,proposer,grpo_loss,-0.5983073115348816,,0.0,0.6821833258792114,0.22836818186858968,0.001,0.001,True,
758,stage1_understanding,understanding,/Users/ritesh.thawkar/Ritesh/self-evolving-uug/runs/final/E2_understanding_only/iter_log.jsonl,proposer,grpo_loss,0.07421875,,0.001953125,-0.07479982448951734,-0.031196859865093445,0.001,0.001,True,
758,stage1_understanding,understanding,/Users/ritesh.thawkar/Ritesh/self-evolving-uug/runs/final/E2_understanding_only/iter_log.jsonl,proposer,kl_loss,0.0,,0.0,0.6821833258792114,0.22836818186858968,0.001,0.001,True,
758,stage1_understanding,understanding,/Users/ritesh.thawkar/Ritesh/self-evolving-uug/runs/final/E2_understanding_only/iter_log.jsonl,proposer,kl_loss,0.001953125,,0.001953125,-0.07479982448951734,-0.031196859865093445,0.001,0.001,True,
759,stage1_understanding,understanding,/Users/ritesh.thawkar/Ritesh/self-evolving-uug/runs/final/E2_understanding_only/iter_log.jsonl,proposer,grpo_loss,0.2786458432674408,,0.0,-0.3314362363647133,-0.07984056574852844,0.001,0.001,True,
759,stage1_understanding,understanding,/Users/ritesh.thawkar/Ritesh/self-evolving-uug/runs/final/E2_understanding_only/iter_log.jsonl,proposer,grpo_loss,0.8776041865348816,,0.0029296875,-0.8771929732225301,-0.8333333333333334,0.001,0.001,True,
759,stage1_understanding,understanding,/Users/ritesh.thawkar/Ritesh/self-evolving-uug/runs/final/E2_understanding_only/iter_log.jsonl,proposer,kl_loss,0.0,,0.0,-0.3314362363647133,-0.07984056574852844,0.001,0.001,True,
759,stage1_understanding,understanding,/Users/ritesh.thawkar/Ritesh/self-evolving-uug/runs/final/E2_understanding_only/iter_log.jsonl,proposer,kl_loss,0.0029296875,,0.0029296875,-0.8771929732225301,-0.8333333333333334,0.001,0.001,True,
760,stage1_understanding,understanding,/Users/ritesh.thawkar/Ritesh/self-evolving-uug/runs/final/E2_understanding_only/iter_log.jsonl,proposer,grpo_loss,0.0185546875,,0.0,-0.01949146176956995,-0.018516888876006072,0.001,0.001,True,
760,stage1_understanding,understanding,/Users/ritesh.thawkar/Ritesh/self-evolving-uug/runs/final/E2_understanding_only/iter_log.jsonl,proposer,grpo_loss,0.90234375,,0.001953125,-0.9020228590642033,-0.8569217251312217,0.001,0.001,True,
760,stage1_understanding,understanding,/Users/ritesh.thawkar/Ritesh/self-evolving-uug/runs/final/E2_understanding_only/iter_log.jsonl,proposer,kl_loss,0.0,,0.0,-0.01949146176956995,-0.018516888876006072,0.001,0.001,True,
760,stage1_understanding,understanding,/Users/ritesh.thawkar/Ritesh/self-evolving-uug/runs/final/E2_understanding_only/iter_log.jsonl,proposer,kl_loss,0.001953125,,0.001953125,-0.9020228590642033,-0.8569217251312217,0.001,0.001,True,
761,stage1_understanding,understanding,/Users/ritesh.thawkar/Ritesh/self-evolving-uug/runs/final/E2_understanding_only/iter_log.jsonl,proposer,grpo_loss,0.7356771230697632,,0.0,-0.8771929732225301,-0.8333333333333334,0.001,0.001,True,
761,stage1_understanding,understanding,/Users/ritesh.thawkar/Ritesh/self-evolving-uug/runs/final/E2_understanding_only/iter_log.jsonl,proposer,grpo_loss,0.09765625,,0.0,-0.09737904641350659,-0.09251009506662171,0.001,0.001,True,
761,stage1_understanding,understanding,/Users/ritesh.thawkar/Ritesh/self-evolving-uug/runs/final/E2_understanding_only/iter_log.jsonl,proposer,kl_loss,0.0,,0.0,-0.8771929732225301,-0.8333333333333334,0.001,0.001,True,
761,stage1_understanding,understanding,/Users/ritesh.thawkar/Ritesh/self-evolving-uug/runs/final/E2_understanding_only/iter_log.jsonl,proposer,kl_loss,0.0,,0.0,-0.09737904641350659,-0.09251009506662171,0.001,0.001,True,
762,stage1_understanding,understanding,/Users/ritesh.thawkar/Ritesh/self-evolving-uug/runs/final/E2_understanding_only/iter_log.jsonl,proposer,grpo_loss,0.5224609375,,0.0,-0.610108177402593,-0.5796027746335451,0.001,0.001,True,
762,stage1_understanding,understanding,/Users/ritesh.thawkar/Ritesh/self-evolving-uug/runs/final/E2_understanding_only/iter_log.jsonl,proposer,grpo_loss,0.8776041865348816,,0.0,-0.8771929732225301,-0.8333333333333334,0.001,0.001,True,
762,stage1_understanding,understanding,/Users/ritesh.thawkar/Ritesh/self-evolving-uug/runs/final/E2_understanding_only/iter_log.jsonl,proposer,kl_loss,0.0,,0.0,-0.610108177402593,-0.5796027746335451,0.001,0.001,True,
762,stage1_understanding,understanding,/Users/ritesh.thawkar/Ritesh/self-evolving-uug/runs/final/E2_understanding_only/iter_log.jsonl,proposer,kl_loss,0.0,,0.0,-0.8771929732225301,-0.8333333333333334,0.001,0.001,True,
763,stage1_understanding,understanding,/Users/ritesh.thawkar/Ritesh/self-evolving-uug/runs/final/E2_understanding_only/iter_log.jsonl,proposer,grpo_loss,0.1337890625,,0.0,-0.15274281729601388,-0.14510567795864135,0.001,0.001,True,
763,stage1_understanding,understanding,/Users/ritesh.thawkar/Ritesh/self-evolving-uug/runs/final/E2_understanding_only/iter_log.jsonl,proposer,grpo_loss,0.8776041865348816,,0.001953125,-0.8771929732225301,-0.8333333333333334,0.001,0.001,True,
763,stage1_understanding,understanding,/Users/ritesh.thawkar/Ritesh/self-evolving-uug/runs/final/E2_understanding_only/iter_log.jsonl,proposer,kl_loss,0.0,,0.0,-0.15274281729601388,-0.14510567795864135,0.001,0.001,True,
763,stage1_understanding,understanding,/Users/ritesh.thawkar/Ritesh/self-evolving-uug/runs/final/E2_understanding_only/iter_log.jsonl,proposer,kl_loss,0.001953125,,0.001953125,-0.8771929732225301,-0.8333333333333334,0.001,0.001,True,
764,stage1_understanding,understanding,/Users/ritesh.thawkar/Ritesh/self-evolving-uug/runs/final/E2_understanding_only/iter_log.jsonl,proposer,grpo_loss,0.3346354365348816,,0.0,-0.37368261048427737,-0.14462168736016504,0.001,0.001,True,
764,stage1_understanding,understanding,/Users/ritesh.thawkar/Ritesh/self-evolving-uug/runs/final/E2_understanding_only/iter_log.jsonl,proposer,grpo_loss,0.7955729365348816,,0.0,-0.7957669960476359,-0.7559786542029242,0.001,0.001,True,
764,stage1_understanding,understanding,/Users/ritesh.thawkar/Ritesh/self-evolving-uug/runs/final/E2_understanding_only/iter_log.jsonl,proposer,kl_loss,0.0,,0.0,-0.37368261048427737,-0.14462168736016504,0.001,0.001,True,
764,stage1_understanding,understanding,/Users/ritesh.thawkar/Ritesh/self-evolving-uug/runs/final/E2_understanding_only/iter_log.jsonl,proposer,kl_loss,0.0,,0.0,-0.7957669960476359,-0.7559786542029242,0.001,0.001,True,
765,stage1_understanding,understanding,/Users/ritesh.thawkar/Ritesh/self-evolving-uug/runs/final/E2_understanding_only/iter_log.jsonl,proposer,grpo_loss,0.4641927182674408,,0.0,-0.5459889750999501,-0.5186895318048425,0.001,0.001,True,
765,stage1_understanding,understanding,/Users/ritesh.thawkar/Ritesh/self-evolving-uug/runs/final/E2_understanding_only/iter_log.jsonl,proposer,grpo_loss,0.5390625,,0.00390625,-0.5388281360302988,-0.5118867346170654,0.001,0.001,True,
765,stage1_understanding,understanding,/Users/ritesh.thawkar/Ritesh/self-evolving-uug/runs/final/E2_understanding_only/iter_log.jsonl,proposer,kl_loss,0.0,,0.0,-0.5459889750999501,-0.5186895318048425,0.001,0.001,True,
765,stage1_understanding,understanding,/Users/ritesh.thawkar/Ritesh/self-evolving-uug/runs/final/E2_understanding_only/iter_log.jsonl,proposer,kl_loss,0.00390625,,0.00390625,-0.5388281360302988,-0.5118867346170654,0.001,0.001,True,
766,stage1_understanding,understanding,/Users/ritesh.thawkar/Ritesh/self-evolving-uug/runs/final/E2_understanding_only/iter_log.jsonl,proposer,grpo_loss,-0.7513021230697632,,0.0,0.8982781040305966,0.28254953828993995,0.001,0.001,True,
766,stage1_understanding,understanding,/Users/ritesh.thawkar/Ritesh/self-evolving-uug/runs/final/E2_understanding_only/iter_log.jsonl,proposer,grpo_loss,-0.3333333432674408,,0.001953125,0.3335888035306722,0.10330872851039331,0.001,0.001,True,
766,stage1_understanding,understanding,/Users/ritesh.thawkar/Ritesh/self-evolving-uug/runs/final/E2_understanding_only/iter_log.jsonl,proposer,kl_loss,0.0,,0.0,0.8982781040305966,0.28254953828993995,0.001,0.001,True,
766,stage1_understanding,understanding,/Users/ritesh.thawkar/Ritesh/self-evolving-uug/runs/final/E2_understanding_only/iter_log.jsonl,proposer,kl_loss,0.001953125,,0.001953125,0.3335888035306722,0.10330872851039331,0.001,0.001,True,
767,stage1_understanding,understanding,/Users/ritesh.thawkar/Ritesh/self-evolving-uug/runs/final/E2_understanding_only/iter_log.jsonl,proposer,grpo_loss,0.4817708432674408,,0.0,-0.5942600489196193,-0.5645470524162388,0.001,0.001,True,
767,stage1_understanding,understanding,/Users/ritesh.thawkar/Ritesh/self-evolving-uug/runs/final/E2_understanding_only/iter_log.jsonl,proposer,grpo_loss,0.1770833432674408,,0.0,-0.17619525178406373,-0.03889219719156282,0.001,0.001,True,
767,stage1_understanding,understanding,/Users/ritesh.thawkar/Ritesh/self-evolving-uug/runs/final/E2_understanding_only/iter_log.jsonl,proposer,kl_loss,0.0,,0.0,-0.5942600489196193,-0.5645470524162388,0.001,0.001,True,
767,stage1_understanding,understanding,/Users/ritesh.thawkar/Ritesh/self-evolving-uug/runs/final/E2_understanding_only/iter_log.jsonl,proposer,kl_loss,0.0,,0.0,-0.17619525178406373,-0.03889219719156282,0.001,0.001,True,
768,stage1_understanding,understanding,/Users/ritesh.thawkar/Ritesh/self-evolving-uug/runs/final/E2_understanding_only/iter_log.jsonl,proposer,grpo_loss,0.1041666716337204,,0.0,-0.11997316474332609,-0.042012661658485904,0.001,0.001,True,
768,stage1_understanding,understanding,/Users/ritesh.thawkar/Ritesh/self-evolving-uug/runs/final/E2_understanding_only/iter_log.jsonl,proposer,grpo_loss,0.8776041865348816,,0.0009765625,-0.8771929732225301,-0.8333333333333334,0.001,0.001,True,
768,stage1_understanding,understanding,/Users/ritesh.thawkar/Ritesh/self-evolving-uug/runs/final/E2_understanding_only/iter_log.jsonl,proposer,kl_loss,0.0,,0.0,-0.11997316474332609,-0.042012661658485904,0.001,0.001,True,
768,stage1_understanding,understanding,/Users/ritesh.thawkar/Ritesh/self-evolving-uug/runs/final/E2_understanding_only/iter_log.jsonl,proposer,kl_loss,0.0009765625,,0.0009765625,-0.8771929732225301,-0.8333333333333334,0.001,0.001,True,
769,stage1_understanding,understanding,/Users/ritesh.thawkar/Ritesh/self-evolving-uug/runs/final/E2_understanding_only/iter_log.jsonl,proposer,grpo_loss,0.8203125,,0.0,-0.9767222154119719,-0.9775048546269476,0.001,0.001,True,
769,stage1_understanding,understanding,/Users/ritesh.thawkar/Ritesh/self-evolving-uug/runs/final/E2_understanding_only/iter_log.jsonl,proposer,grpo_loss,0.1881510466337204,,0.0009765625,-0.1881364648414667,-0.178729643480758,0.001,0.001,True,
769,stage1_understanding,understanding,/Users/ritesh.thawkar/Ritesh/self-evolving-uug/runs/final/E2_understanding_only/iter_log.jsonl,proposer,kl_loss,0.0,,0.0,-0.9767222154119719,-0.9775048546269476,0.001,0.001,True,
769,stage1_understanding,understanding,/Users/ritesh.thawkar/Ritesh/self-evolving-uug/runs/final/E2_understanding_only/iter_log.jsonl,proposer,kl_loss,0.0009765625,,0.0009765625,-0.1881364648414667,-0.178729643480758,0.001,0.001,True,
770,stage1_understanding,understanding,/Users/ritesh.thawkar/Ritesh/self-evolving-uug/runs/final/E2_understanding_only/iter_log.jsonl,proposer,grpo_loss,-0.501953125,,0.0,0.6084102821419687,0.3885032436690545,0.001,0.001,True,
770,stage1_understanding,understanding,/Users/ritesh.thawkar/Ritesh/self-evolving-uug/runs/final/E2_understanding_only/iter_log.jsonl,proposer,grpo_loss,-0.3333333432674408,,0.0,0.3332609102602664,0.03146459335594898,0.001,0.001,True,
770,stage1_understanding,understanding,/Users/ritesh.thawkar/Ritesh/self-evolving-uug/runs/final/E2_understanding_only/iter_log.jsonl,proposer,kl_loss,0.0,,0.0,0.6084102821419687,0.3885032436690545,0.001,0.001,True,
770,stage1_understanding,understanding,/Users/ritesh.thawkar/Ritesh/self-evolving-uug/runs/final/E2_understanding_only/iter_log.jsonl,proposer,kl_loss,0.0,,0.0,0.3332609102602664,0.03146459335594898,0.001,0.001,True,
771,stage1_understanding,understanding,/Users/ritesh.thawkar/Ritesh/self-evolving-uug/runs/final/E2_understanding_only/iter_log.jsonl,proposer,grpo_loss,0.2939453125,,0.0,-0.34520300580854246,-0.32794285897014536,0.001,0.001,True,
771,stage1_understanding,understanding,/Users/ritesh.thawkar/Ritesh/self-evolving-uug/runs/final/E2_understanding_only/iter_log.jsonl,proposer,grpo_loss,0.4518229365348816,,0.001953125,-0.4521375679839759,-0.139794413624031,0.001,0.001,True,
771,stage1_understanding,understanding,/Users/ritesh.thawkar/Ritesh/self-evolving-uug/runs/final/E2_understanding_only/iter_log.jsonl,proposer,kl_loss,0.0,,0.0,-0.34520300580854246,-0.32794285897014536,0.001,0.001,True,
771,stage1_understanding,understanding,/Users/ritesh.thawkar/Ritesh/self-evolving-uug/runs/final/E2_understanding_only/iter_log.jsonl,proposer,kl_loss,0.001953125,,0.001953125,-0.4521375679839759,-0.139794413624031,0.001,0.001,True,
772,stage1_understanding,understanding,/Users/ritesh.thawkar/Ritesh/self-evolving-uug/runs/final/E2_understanding_only/iter_log.jsonl,proposer,grpo_loss,0.55859375,,0.0,-0.6847848517046048,-1.2340167783980898,0.001,0.001,True,
772,stage1_understanding,understanding,/Users/ritesh.thawkar/Ritesh/self-evolving-uug/runs/final/E2_understanding_only/iter_log.jsonl,proposer,grpo_loss,0.3792317807674408,,0.0,-0.37939660007093506,-0.3604267738613543,0.001,0.001,True,
772,stage1_understanding,understanding,/Users/ritesh.thawkar/Ritesh/self-evolving-uug/runs/final/E2_understanding_only/iter_log.jsonl,proposer,kl_loss,0.0,,0.0,-0.6847848517046048,-1.2340167783980898,0.001,0.001,True,
772,stage1_understanding,understanding,/Users/ritesh.thawkar/Ritesh/self-evolving-uug/runs/final/E2_understanding_only/iter_log.jsonl,proposer,kl_loss,0.0,,0.0,-0.37939660007093506,-0.3604267738613543,0.001,0.001,True,
773,stage1_understanding,understanding,/Users/ritesh.thawkar/Ritesh/self-evolving-uug/runs/final/E2_understanding_only/iter_log.jsonl,proposer,grpo_loss,0.1975911557674408,,0.0,-0.24563858511616254,-0.2888228136690198,0.001,0.001,True,
773,stage1_understanding,understanding,/Users/ritesh.thawkar/Ritesh/self-evolving-uug/runs/final/E2_understanding_only/iter_log.jsonl,proposer,grpo_loss,0.2722981870174408,,0.0,-0.2723190668016345,-0.2587031161847434,0.001,0.001,True,
773,stage1_understanding,understanding,/Users/ritesh.thawkar/Ritesh/self-evolving-uug/runs/final/E2_understanding_only/iter_log.jsonl,proposer,kl_loss,0.0,,0.0,-0.24563858511616254,-0.2888228136690198,0.001,0.001,True,
773,stage1_understanding,understanding,/Users/ritesh.thawkar/Ritesh/self-evolving-uug/runs/final/E2_understanding_only/iter_log.jsonl,proposer,kl_loss,0.0,,0.0,-0.2723190668016345,-0.2587031161847434,0.001,0.001,True,
774,stage1_understanding,understanding,/Users/ritesh.thawkar/Ritesh/self-evolving-uug/runs/final/E2_understanding_only/iter_log.jsonl,proposer,grpo_loss,-0.001953125,,0.0,0.0033098171840717505,0.0009666075403801747,0.001,0.001,True,
774,stage1_understanding,understanding,/Users/ritesh.thawkar/Ritesh/self-evolving-uug/runs/final/E2_understanding_only/iter_log.jsonl,proposer,grpo_loss,0.3424479365348816,,0.00390625,-0.3424751179061139,-0.32535136543555937,0.001,0.001,True,
774,stage1_understanding,understanding,/Users/ritesh.thawkar/Ritesh/self-evolving-uug/runs/final/E2_understanding_only/iter_log.jsonl,proposer,kl_loss,0.0,,0.0,0.0033098171840717505,0.0009666075403801747,0.001,0.001,True,
774,stage1_understanding,understanding,/Users/ritesh.thawkar/Ritesh/self-evolving-uug/runs/final/E2_understanding_only/iter_log.jsonl,proposer,kl_loss,0.00390625,,0.00390625,-0.3424751179061139,-0.32535136543555937,0.001,0.001,True,
775,stage1_understanding,understanding,/Users/ritesh.thawkar/Ritesh/self-evolving-uug/runs/final/E2_understanding_only/iter_log.jsonl,proposer,grpo_loss,-0.7682291865348816,,0.0,0.9131359367440113,0.2475023275127838,0.001,0.001,True,
775,stage1_understanding,understanding,/Users/ritesh.thawkar/Ritesh/self-evolving-uug/runs/final/E2_understanding_only/iter_log.jsonl,proposer,grpo_loss,0.6168619990348816,,0.001953125,-0.6168361551457082,-0.5859943535567843,0.001,0.001,True,
775,stage1_understanding,understanding,/Users/ritesh.thawkar/Ritesh/self-evolving-uug/runs/final/E2_understanding_only/iter_log.jsonl,proposer,kl_loss,0.0,,0.0,0.9131359367440113,0.2475023275127838,0.001,0.001,True,
775,stage1_understanding,understanding,/Users/ritesh.thawkar/Ritesh/self-evolving-uug/runs/final/E2_understanding_only/iter_log.jsonl,proposer,kl_loss,0.001953125,,0.001953125,-0.6168361551457082,-0.5859943535567843,0.001,0.001,True,
776,stage1_understanding,understanding,/Users/ritesh.thawkar/Ritesh/self-evolving-uug/runs/final/E2_understanding_only/iter_log.jsonl,proposer,grpo_loss,0.765625,,0.0,-0.9147445710784283,-0.8690073516719528,0.001,0.001,True,
776,stage1_understanding,understanding,/Users/ritesh.thawkar/Ritesh/self-evolving-uug/runs/final/E2_understanding_only/iter_log.jsonl,proposer,grpo_loss,0.8776041865348816,,0.001953125,-0.8771929732225301,-0.8333333333333334,0.001,0.001,True,
776,stage1_understanding,understanding,/Users/ritesh.thawkar/Ritesh/self-evolving-uug/runs/final/E2_understanding_only/iter_log.jsonl,proposer,kl_loss,0.0,,0.0,-0.9147445710784283,-0.8690073516719528,0.001,0.001,True,
776,stage1_understanding,understanding,/Users/ritesh.thawkar/Ritesh/self-evolving-uug/runs/final/E2_understanding_only/iter_log.jsonl,proposer,kl_loss,0.001953125,,0.001953125,-0.8771929732225301,-0.8333333333333334,0.001,0.001,True,
777,stage1_understanding,understanding,/Users/ritesh.thawkar/Ritesh/self-evolving-uug/runs/final/E2_understanding_only/iter_log.jsonl,proposer,grpo_loss,0.1839192807674408,,0.0,-0.21926780276734462,-0.2083044148216554,0.001,0.001,True,
777,stage1_understanding,understanding,/Users/ritesh.thawkar/Ritesh/self-evolving-uug/runs/final/E2_understanding_only/iter_log.jsonl,proposer,grpo_loss,0.8776041865348816,,0.0,-0.8771929732225301,-0.8333333333333334,0.001,0.001,True,
777,stage1_understanding,understanding,/Users/ritesh.thawkar/Ritesh/self-evolving-uug/runs/final/E2_understanding_only/iter_log.jsonl,proposer,kl_loss,0.0,,0.0,-0.21926780276734462,-0.2083044148216554,0.001,0.001,True,
777,stage1_understanding,understanding,/Users/ritesh.thawkar/Ritesh/self-evolving-uug/runs/final/E2_understanding_only/iter_log.jsonl,proposer,kl_loss,0.0,,0.0,-0.8771929732225301,-0.8333333333333334,0.001,0.001,True,
778,stage1_understanding,understanding,/Users/ritesh.thawkar/Ritesh/self-evolving-uug/runs/final/E2_understanding_only/iter_log.jsonl,proposer,grpo_loss,-0.10546875,,0.0,0.10518572094867286,0.029087299335585886,0.001,0.001,True,
778,stage1_understanding,understanding,/Users/ritesh.thawkar/Ritesh/self-evolving-uug/runs/final/E2_understanding_only/iter_log.jsonl,proposer,kl_loss,0.0,,0.0,0.10518572094867286,0.029087299335585886,0.001,0.001,True,
779,stage1_understanding,understanding,/Users/ritesh.thawkar/Ritesh/self-evolving-uug/runs/final/E2_understanding_only/iter_log.jsonl,proposer,grpo_loss,-0.0755208358168602,,0.001953125,0.07463372799769878,0.07090204234415114,0.001,0.001,True,
779,stage1_understanding,understanding,/Users/ritesh.thawkar/Ritesh/self-evolving-uug/runs/final/E2_understanding_only/iter_log.jsonl,proposer,kl_loss,0.001953125,,0.001953125,0.07463372799769878,0.07090204234415114,0.001,0.001,True,
780,stage1_understanding,understanding,/Users/ritesh.thawkar/Ritesh/self-evolving-uug/runs/final/E2_understanding_only/iter_log.jsonl,proposer,grpo_loss,-0.4674479365348816,,0.001953125,0.46737804126589705,0.0985011475242344,0.001,0.001,True,
780,stage1_understanding,understanding,/Users/ritesh.thawkar/Ritesh/self-evolving-uug/runs/final/E2_understanding_only/iter_log.jsonl,proposer,kl_loss,0.001953125,,0.001953125,0.46737804126589705,0.0985011475242344,0.001,0.001,True,
781,stage1_understanding,understanding,/Users/ritesh.thawkar/Ritesh/self-evolving-uug/runs/final/E2_understanding_only/iter_log.jsonl,proposer,grpo_loss,0.8776041865348816,,0.001953125,-0.8771929732225301,-0.8333333333333334,0.001,0.001,True,
781,stage1_understanding,understanding,/Users/ritesh.thawkar/Ritesh/self-evolving-uug/runs/final/E2_understanding_only/iter_log.jsonl,proposer,kl_loss,0.001953125,,0.001953125,-0.8771929732225301,-0.8333333333333334,0.001,0.001,True,
782,stage1_understanding,understanding,/Users/ritesh.thawkar/Ritesh/self-evolving-uug/runs/final/E2_understanding_only/iter_log.jsonl,proposer,grpo_loss,0.3714192807674408,,0.001953125,-0.3713693390740475,-0.3528008758340386,0.001,0.001,True,
782,stage1_understanding,understanding,/Users/ritesh.thawkar/Ritesh/self-evolving-uug/runs/final/E2_understanding_only/iter_log.jsonl,proposer,kl_loss,0.001953125,,0.001953125,-0.3713693390740475,-0.3528008758340386,0.001,0.001,True,
783,stage1_understanding,understanding,/Users/ritesh.thawkar/Ritesh/self-evolving-uug/runs/final/E2_understanding_only/iter_log.jsonl,proposer,grpo_loss,0.544921875,,0.0,-0.5463983924220773,-0.5190784782649573,0.001,0.001,True,
783,stage1_understanding,understanding,/Users/ritesh.thawkar/Ritesh/self-evolving-uug/runs/final/E2_understanding_only/iter_log.jsonl,proposer,kl_loss,0.0,,0.0,-0.5463983924220773,-0.5190784782649573,0.001,0.001,True,
784,stage1_understanding,understanding,/Users/ritesh.thawkar/Ritesh/self-evolving-uug/runs/final/E2_understanding_only/iter_log.jsonl,proposer,grpo_loss,0.8528646230697632,,0.0,-0.853507575397331,-0.9053729260899951,0.001,0.001,True,
784,stage1_understanding,understanding,/Users/ritesh.thawkar/Ritesh/self-evolving-uug/runs/final/E2_understanding_only/iter_log.jsonl,proposer,kl_loss,0.0,,0.0,-0.853507575397331,-0.9053729260899951,0.001,0.001,True,
785,stage1_understanding,understanding,/Users/ritesh.thawkar/Ritesh/self-evolving-uug/runs/final/E2_understanding_only/iter_log.jsonl,proposer,grpo_loss,0.8216146230697632,,0.00390625,-0.8219493171614404,-0.4088769345509518,0.001,0.001,True,
785,stage1_understanding,understanding,/Users/ritesh.thawkar/Ritesh/self-evolving-uug/runs/final/E2_understanding_only/iter_log.jsonl,proposer,kl_loss,0.00390625,,0.00390625,-0.8219493171614404,-0.4088769345509518,0.001,0.001,True,
786,stage1_understanding,understanding,/Users/ritesh.thawkar/Ritesh/self-evolving-uug/runs/final/E2_understanding_only/iter_log.jsonl,proposer,grpo_loss,0.8776041865348816,,0.0,-0.8771929732225301,-0.8333333333333334,0.001,0.001,True,
786,stage1_understanding,understanding,/Users/ritesh.thawkar/Ritesh/self-evolving-uug/runs/final/E2_understanding_only/iter_log.jsonl,proposer,kl_loss,0.0,,0.0,-0.8771929732225301,-0.8333333333333334,0.001,0.001,True,
787,stage1_understanding,understanding,/Users/ritesh.thawkar/Ritesh/self-evolving-uug/runs/final/E2_understanding_only/iter_log.jsonl,proposer,grpo_loss,0.8776041865348816,,0.0,-0.8771929732225301,-0.8333333333333334,0.001,0.001,True,
787,stage1_understanding,understanding,/Users/ritesh.thawkar/Ritesh/self-evolving-uug/runs/final/E2_understanding_only/iter_log.jsonl,proposer,kl_loss,0.0,,0.0,-0.8771929732225301,-0.8333333333333334,0.001,0.001,True,
788,stage1_understanding,understanding,/Users/ritesh.thawkar/Ritesh/self-evolving-uug/runs/final/E2_understanding_only/iter_log.jsonl,proposer,grpo_loss,0.5299479365348816,,0.0,-0.5300187863361291,-0.5035178523195105,0.001,0.001,True,
788,stage1_understanding,understanding,/Users/ritesh.thawkar/Ritesh/self-evolving-uug/runs/final/E2_understanding_only/iter_log.jsonl,proposer,kl_loss,0.0,,0.0,-0.5300187863361291,-0.5035178523195105,0.001,0.001,True,
789,stage1_understanding,understanding,/Users/ritesh.thawkar/Ritesh/self-evolving-uug/runs/final/E2_understanding_only/iter_log.jsonl,proposer,grpo_loss,0.537109375,,0.001953125,-0.5368511800017788,-0.5100086263702016,0.001,0.001,True,
789,stage1_understanding,understanding,/Users/ritesh.thawkar/Ritesh/self-evolving-uug/runs/final/E2_understanding_only/iter_log.jsonl,proposer,kl_loss,0.001953125,,0.001953125,-0.5368511800017788,-0.5100086263702016,0.001,0.001,True,
790,stage1_understanding,understanding,/Users/ritesh.thawkar/Ritesh/self-evolving-uug/runs/final/E2_understanding_only/iter_log.jsonl,proposer,grpo_loss,0.3880208432674408,,0.0,-0.38787689433406136,-0.36848305349612726,0.001,0.001,True,
790,stage1_understanding,understanding,/Users/ritesh.thawkar/Ritesh/self-evolving-uug/runs/final/E2_understanding_only/iter_log.jsonl,proposer,kl_loss,0.0,,0.0,-0.38787689433406136,-0.36848305349612726,0.001,0.001,True,
791,stage1_understanding,understanding,/Users/ritesh.thawkar/Ritesh/self-evolving-uug/runs/final/E2_understanding_only/iter_log.jsonl,proposer,grpo_loss,0.1354166716337204,,0.0,-0.13568113751269903,-0.12889708199387542,0.001,0.001,True,
791,stage1_understanding,understanding,/Users/ritesh.thawkar/Ritesh/self-evolving-uug/runs/final/E2_understanding_only/iter_log.jsonl,proposer,kl_loss,0.0,,0.0,-0.13568113751269903,-0.12889708199387542,0.001,0.001,True,
792,stage1_understanding,understanding,/Users/ritesh.thawkar/Ritesh/self-evolving-uug/runs/final/E2_understanding_only/iter_log.jsonl,proposer,grpo_loss,0.814453125,,0.0,-0.8146678518171838,-0.7739344673730031,0.001,0.001,True,
792,stage1_understanding,understanding,/Users/ritesh.thawkar/Ritesh/self-evolving-uug/runs/final/E2_understanding_only/iter_log.jsonl,proposer,kl_loss,0.0,,0.0,-0.8146678518171838,-0.7739344673730031,0.001,0.001,True,
793,stage1_understanding,understanding,/Users/ritesh.thawkar/Ritesh/self-evolving-uug/runs/final/E2_understanding_only/iter_log.jsonl,proposer,grpo_loss,0.8776041865348816,,0.0,-0.8771929732225301,-0.8333333333333334,0.001,0.001,True,
793,stage1_understanding,understanding,/Users/ritesh.thawkar/Ritesh/self-evolving-uug/runs/final/E2_understanding_only/iter_log.jsonl,proposer,kl_loss,0.0,,0.0,-0.8771929732225301,-0.8333333333333334,0.001,0.001,True,
794,stage1_understanding,understanding,/Users/ritesh.thawkar/Ritesh/self-evolving-uug/runs/final/E2_understanding_only/iter_log.jsonl,proposer,grpo_loss,-0.9361979365348816,,0.0,0.9371301498889903,0.09345907007436886,0.001,0.001,True,
794,stage1_understanding,understanding,/Users/ritesh.thawkar/Ritesh/self-evolving-uug/runs/final/E2_understanding_only/iter_log.jsonl,proposer,kl_loss,0.0,,0.0,0.9371301498889903,0.09345907007436886,0.001,0.001,True,
795,stage1_understanding,understanding,/Users/ritesh.thawkar/Ritesh/self-evolving-uug/runs/final/E2_understanding_only/iter_log.jsonl,proposer,grpo_loss,0.60546875,,0.001953125,-0.6056180740749982,-0.5753371764274291,0.001,0.001,True,
795,stage1_understanding,understanding,/Users/ritesh.thawkar/Ritesh/self-evolving-uug/runs/final/E2_understanding_only/iter_log.jsonl,proposer,kl_loss,0.001953125,,0.001953125,-0.6056180740749982,-0.5753371764274291,0.001,0.001,True,
796,stage1_understanding,understanding,/Users/ritesh.thawkar/Ritesh/self-evolving-uug/runs/final/E2_understanding_only/iter_log.jsonl,proposer,grpo_loss,0.6015625,,0.0,-0.6042232492044307,-0.5740120927864417,0.001,0.001,True,
796,stage1_understanding,understanding,/Users/ritesh.thawkar/Ritesh/self-evolving-uug/runs/final/E2_understanding_only/iter_log.jsonl,proposer,kl_loss,0.0,,0.0,-0.6042232492044307,-0.5740120927864417,0.001,0.001,True,
797,stage1_understanding,understanding,/Users/ritesh.thawkar/Ritesh/self-evolving-uug/runs/final/E2_understanding_only/iter_log.jsonl,proposer,grpo_loss,0.6349284052848816,,0.0,-0.63500594832407,-0.6032556572579258,0.001,0.001,True,
797,stage1_understanding,understanding,/Users/ritesh.thawkar/Ritesh/self-evolving-uug/runs/final/E2_understanding_only/iter_log.jsonl,proposer,kl_loss,0.0,,0.0,-0.63500594832407,-0.6032556572579258,0.001,0.001,True,
798,stage1_understanding,understanding,/Users/ritesh.thawkar/Ritesh/self-evolving-uug/runs/final/E2_understanding_only/iter_log.jsonl,proposer,grpo_loss,-0.84375,,0.001953125,0.8431898791531333,0.1375860803723398,0.001,0.001,True,
798,stage1_understanding,understanding,/Users/ritesh.thawkar/Ritesh/self-evolving-uug/runs/final/E2_understanding_only/iter_log.jsonl,proposer,kl_loss,0.001953125,,0.001953125,0.8431898791531333,0.1375860803723398,0.001,0.001,True,
799,stage1_understanding,understanding,/Users/ritesh.thawkar/Ritesh/self-evolving-uug/runs/final/E2_understanding_only/iter_log.jsonl,proposer,grpo_loss,-0.86328125,,0.0,0.8630988729079067,0.13893406054882418,0.001,0.001,True,
799,stage1_understanding,understanding,/Users/ritesh.thawkar/Ritesh/self-evolving-uug/runs/final/E2_understanding_only/iter_log.jsonl,proposer,kl_loss,0.0,,0.0,0.8630988729079067,0.13893406054882418,0.001,0.001,True,
800,stage1_understanding,understanding,/Users/ritesh.thawkar/Ritesh/self-evolving-uug/runs/final/E2_understanding_only/iter_log.jsonl,proposer,grpo_loss,0.875,,0.0,-0.8771929732225301,-0.8333333333333334,0.001,0.001,True,
800,stage1_understanding,understanding,/Users/ritesh.thawkar/Ritesh/self-evolving-uug/runs/final/E2_understanding_only/iter_log.jsonl,proposer,kl_loss,0.0,,0.0,-0.8771929732225301,-0.8333333333333334,0.001,0.001,True,
801,stage1_understanding,understanding,/Users/ritesh.thawkar/Ritesh/self-evolving-uug/runs/final/E2_understanding_only/iter_log.jsonl,proposer,grpo_loss,0.1803385466337204,,0.0,-0.18047629397844148,-0.17145248108428235,0.001,0.001,True,
801,stage1_understanding,understanding,/Users/ritesh.thawkar/Ritesh/self-evolving-uug/runs/final/E2_understanding_only/iter_log.jsonl,proposer,kl_loss,0.0,,0.0,-0.18047629397844148,-0.17145248108428235,0.001,0.001,True,
802,stage1_understanding,understanding,/Users/ritesh.thawkar/Ritesh/self-evolving-uug/runs/final/E2_understanding_only/iter_log.jsonl,proposer,grpo_loss,0.8776041865348816,,0.001953125,-0.8771929732225301,-0.8333333333333334,0.001,0.001,True,
802,stage1_understanding,understanding,/Users/ritesh.thawkar/Ritesh/self-evolving-uug/runs/final/E2_understanding_only/iter_log.jsonl,proposer,kl_loss,0.001953125,,0.001953125,-0.8771929732225301,-0.8333333333333334,0.001,0.001,True,
803,stage1_understanding,understanding,/Users/ritesh.thawkar/Ritesh/self-evolving-uug/runs/final/E2_understanding_only/iter_log.jsonl,proposer,grpo_loss,0.03857421875,,0.001953125,-0.03732350241815376,-0.03545732767048108,0.001,0.001,True,
803,stage1_understanding,understanding,/Users/ritesh.thawkar/Ritesh/self-evolving-uug/runs/final/E2_understanding_only/iter_log.jsonl,proposer,kl_loss,0.001953125,,0.001953125,-0.03732350241815376,-0.03545732767048108,0.001,0.001,True,
804,stage1_understanding,understanding,/Users/ritesh.thawkar/Ritesh/self-evolving-uug/runs/final/E2_understanding_only/iter_log.jsonl,proposer,grpo_loss,0.2452799528837204,,0.0,-0.24532565267156028,-0.2330593724912388,0.001,0.001,True,
804,stage1_understanding,understanding,/Users/ritesh.thawkar/Ritesh/self-evolving-uug/runs/final/E2_understanding_only/iter_log.jsonl,proposer,kl_loss,0.0,,0.0,-0.24532565267156028,-0.2330593724912388,0.001,0.001,True,
805,stage1_understanding,understanding,/Users/ritesh.thawkar/Ritesh/self-evolving-uug/runs/final/E2_understanding_only/iter_log.jsonl,proposer,grpo_loss,0.8763021230697632,,0.0,-0.8771929732225301,-0.8333333333333334,0.001,0.001,True,
805,stage1_understanding,understanding,/Users/ritesh.thawkar/Ritesh/self-evolving-uug/runs/final/E2_understanding_only/iter_log.jsonl,proposer,kl_loss,0.0,,0.0,-0.8771929732225301,-0.8333333333333334,0.001,0.001,True,
806,stage1_understanding,understanding,/Users/ritesh.thawkar/Ritesh/self-evolving-uug/runs/final/E2_understanding_only/iter_log.jsonl,proposer,grpo_loss,-0.8014323115348816,,0.001953125,0.8024114719643007,0.15416049924876904,0.001,0.001,True,
806,stage1_understanding,understanding,/Users/ritesh.thawkar/Ritesh/self-evolving-uug/runs/final/E2_understanding_only/iter_log.jsonl,proposer,kl_loss,0.001953125,,0.001953125,0.8024114719643007,0.15416049924876904,0.001,0.001,True,
807,stage1_understanding,understanding,/Users/ritesh.thawkar/Ritesh/self-evolving-uug/runs/final/E2_understanding_only/iter_log.jsonl,proposer,grpo_loss,0.8763021230697632,,0.0,-0.8771929732225301,-0.8333333333333334,0.001,0.001,True,
807,stage1_understanding,understanding,/Users/ritesh.thawkar/Ritesh/self-evolving-uug/runs/final/E2_understanding_only/iter_log.jsonl,proposer,kl_loss,0.0,,0.0,-0.8771929732225301,-0.8333333333333334,0.001,0.001,True,
808,stage1_understanding,understanding,/Users/ritesh.thawkar/Ritesh/self-evolving-uug/runs/final/E2_understanding_only/iter_log.jsonl,proposer,grpo_loss,0.8125,,0.0,-0.8112295987072237,-0.17846125232088703,0.001,0.001,True,
808,stage1_understanding,understanding,/Users/ritesh.thawkar/Ritesh/self-evolving-uug/runs/final/E2_understanding_only/iter_log.jsonl,proposer,kl_loss,0.0,,0.0,-0.8112295987072237,-0.17846125232088703,0.001,0.001,True,
809,stage1_understanding,understanding,/Users/ritesh.thawkar/Ritesh/self-evolving-uug/runs/final/E2_understanding_only/iter_log.jsonl,proposer,grpo_loss,0.8776041865348816,,0.0,-0.8771929732225301,-0.8333333333333334,0.001,0.001,True,
809,stage1_understanding,understanding,/Users/ritesh.thawkar/Ritesh/self-evolving-uug/runs/final/E2_understanding_only/iter_log.jsonl,proposer,kl_loss,0.0,,0.0,-0.8771929732225301,-0.8333333333333334,0.001,0.001,True,
810,stage1_understanding,understanding,/Users/ritesh.thawkar/Ritesh/self-evolving-uug/runs/final/E2_understanding_only/iter_log.jsonl,proposer,grpo_loss,0.8776041865348816,,0.0,-0.8771929732225301,-0.8333333333333334,0.001,0.001,True,
810,stage1_understanding,understanding,/Users/ritesh.thawkar/Ritesh/self-evolving-uug/runs/final/E2_understanding_only/iter_log.jsonl,proposer,kl_loss,0.0,,0.0,-0.8771929732225301,-0.8333333333333334,0.001,0.001,True,
811,stage1_understanding,understanding,/Users/ritesh.thawkar/Ritesh/self-evolving-uug/runs/final/E2_understanding_only/iter_log.jsonl,proposer,grpo_loss,0.8776041865348816,,0.0,-0.8771929732225301,-0.8333333333333334,0.001,0.001,True,
811,stage1_understanding,understanding,/Users/ritesh.thawkar/Ritesh/self-evolving-uug/runs/final/E2_understanding_only/iter_log.jsonl,proposer,kl_loss,0.0,,0.0,-0.8771929732225301,-0.8333333333333334,0.001,0.001,True,
812,stage1_understanding,understanding,/Users/ritesh.thawkar/Ritesh/self-evolving-uug/runs/final/E2_understanding_only/iter_log.jsonl,proposer,grpo_loss,0.2376302182674408,,0.0,-0.23775045495818378,-0.2258629345877791,0.001,0.001,True,
812,stage1_understanding,understanding,/Users/ritesh.thawkar/Ritesh/self-evolving-uug/runs/final/E2_understanding_only/iter_log.jsonl,proposer,kl_loss,0.0,,0.0,-0.23775045495818378,-0.2258629345877791,0.001,0.001,True,
813,stage1_understanding,understanding,/Users/ritesh.thawkar/Ritesh/self-evolving-uug/runs/final/E2_understanding_only/iter_log.jsonl,proposer,grpo_loss,0.244140625,,0.0,-0.24434220946160948,-0.23212510143195111,0.001,0.001,True,
813,stage1_understanding,understanding,/Users/ritesh.thawkar/Ritesh/self-evolving-uug/runs/final/E2_understanding_only/iter_log.jsonl,proposer,kl_loss,0.0,,0.0,-0.24434220946160948,-0.23212510143195111,0.001,0.001,True,
814,stage1_understanding,understanding,/Users/ritesh.thawkar/Ritesh/self-evolving-uug/runs/final/E2_understanding_only/iter_log.jsonl,proposer,grpo_loss,0.9752604365348816,,0.0,-0.974843309344822,-0.9261011536260139,0.001,0.001,True,
814,stage1_understanding,understanding,/Users/ritesh.thawkar/Ritesh/self-evolving-uug/runs/final/E2_understanding_only/iter_log.jsonl,proposer,kl_loss,0.0,,0.0,-0.974843309344822,-0.9261011536260139,0.001,0.001,True,
815,stage1_understanding,understanding,/Users/ritesh.thawkar/Ritesh/self-evolving-uug/runs/final/E2_understanding_only/iter_log.jsonl,proposer,grpo_loss,0.2488606870174408,,0.0,-0.25016857821133814,-0.237660151802457,0.001,0.001,True,
815,stage1_understanding,understanding,/Users/ritesh.thawkar/Ritesh/self-evolving-uug/runs/final/E2_understanding_only/iter_log.jsonl,proposer,kl_loss,0.0,,0.0,-0.25016857821133814,-0.237660151802457,0.001,0.001,True,
816,stage1_understanding,understanding,/Users/ritesh.thawkar/Ritesh/self-evolving-uug/runs/final/E2_understanding_only/iter_log.jsonl,proposer,grpo_loss,-0.7682291865348816,,0.0,0.7680478477502767,0.2084934693408769,0.001,0.001,True,
816,stage1_understanding,understanding,/Users/ritesh.thawkar/Ritesh/self-evolving-uug/runs/final/E2_understanding_only/iter_log.jsonl,proposer,kl_loss,0.0,,0.0,0.7680478477502767,0.2084934693408769,0.001,0.001,True,
817,stage1_understanding,understanding,/Users/ritesh.thawkar/Ritesh/self-evolving-uug/runs/final/E2_understanding_only/iter_log.jsonl,proposer,grpo_loss,0.123046875,,0.0,-0.12406224782418289,-0.11785913667359622,0.001,0.001,True,
817,stage1_understanding,understanding,/Users/ritesh.thawkar/Ritesh/self-evolving-uug/runs/final/E2_understanding_only/iter_log.jsonl,proposer,kl_loss,0.0,,0.0,-0.12406224782418289,-0.11785913667359622,0.001,0.001,True,
818,stage1_understanding,understanding,/Users/ritesh.thawkar/Ritesh/self-evolving-uug/runs/final/E2_understanding_only/iter_log.jsonl,proposer,grpo_loss,0.552734375,,0.0,-0.5529389296745243,-0.5252919887201873,0.001,0.001,True,
818,stage1_understanding,understanding,/Users/ritesh.thawkar/Ritesh/self-evolving-uug/runs/final/E2_understanding_only/iter_log.jsonl,proposer,kl_loss,0.0,,0.0,-0.5529389296745243,-0.5252919887201873,0.001,0.001,True,
819,stage1_understanding,understanding,/Users/ritesh.thawkar/Ritesh/self-evolving-uug/runs/final/E2_understanding_only/iter_log.jsonl,proposer,grpo_loss,0.1451822966337204,,0.0,-0.14523727360399502,-0.05899917153686838,0.001,0.001,True,
819,stage1_understanding,understanding,/Users/ritesh.thawkar/Ritesh/self-evolving-uug/runs/final/E2_understanding_only/iter_log.jsonl,proposer,kl_loss,0.0,,0.0,-0.14523727360399502,-0.05899917153686838,0.001,0.001,True,
820,stage1_understanding,understanding,/Users/ritesh.thawkar/Ritesh/self-evolving-uug/runs/final/E2_understanding_only/iter_log.jsonl,proposer,grpo_loss,0.875,,0.0,-0.8771929732225301,-0.8333333333333334,0.001,0.001,True,
820,stage1_understanding,understanding,/Users/ritesh.thawkar/Ritesh/self-evolving-uug/runs/final/E2_understanding_only/iter_log.jsonl,proposer,kl_loss,0.0,,0.0,-0.8771929732225301,-0.8333333333333334,0.001,0.001,True,
821,stage1_understanding,understanding,/Users/ritesh.thawkar/Ritesh/self-evolving-uug/runs/final/E2_understanding_only/iter_log.jsonl,proposer,grpo_loss,0.890625,,0.0,-0.8915655924720646,-0.8469873217641172,0.001,0.001,True,
821,stage1_understanding,understanding,/Users/ritesh.thawkar/Ritesh/self-evolving-uug/runs/final/E2_understanding_only/iter_log.jsonl,proposer,kl_loss,0.0,,0.0,-0.8915655924720646,-0.8469873217641172,0.001,0.001,True,
822,stage1_understanding,understanding,/Users/ritesh.thawkar/Ritesh/self-evolving-uug/runs/final/E2_understanding_only/iter_log.jsonl,proposer,grpo_loss,0.8776041865348816,,0.0,-0.8771929732225301,-0.8333333333333334,0.001,0.001,True,
822,stage1_understanding,understanding,/Users/ritesh.thawkar/Ritesh/self-evolving-uug/runs/final/E2_understanding_only/iter_log.jsonl,proposer,kl_loss,0.0,,0.0,-0.8771929732225301,-0.8333333333333334,0.001,0.001,True,
823,stage1_understanding,understanding,/Users/ritesh.thawkar/Ritesh/self-evolving-uug/runs/final/E2_understanding_only/iter_log.jsonl,proposer,grpo_loss,0.1246744841337204,,0.0,-0.12371963948710152,-0.11753365874994286,0.001,0.001,True,
823,stage1_understanding,understanding,/Users/ritesh.thawkar/Ritesh/self-evolving-uug/runs/final/E2_understanding_only/iter_log.jsonl,proposer,kl_loss,0.0,,0.0,-0.12371963948710152,-0.11753365874994286,0.001,0.001,True,
824,stage1_understanding,understanding,/Users/ritesh.thawkar/Ritesh/self-evolving-uug/runs/final/E2_understanding_only/iter_log.jsonl,proposer,grpo_loss,0.5940755605697632,,0.0,-0.5955236673606449,-0.5657474899478493,0.001,0.001,True,
824,stage1_understanding,understanding,/Users/ritesh.thawkar/Ritesh/self-evolving-uug/runs/final/E2_understanding_only/iter_log.jsonl,proposer,kl_loss,0.0,,0.0,-0.5955236673606449,-0.5657474899478493,0.001,0.001,True,
825,stage1_understanding,understanding,/Users/ritesh.thawkar/Ritesh/self-evolving-uug/runs/final/E2_understanding_only/iter_log.jsonl,proposer,grpo_loss,0.1969401091337204,,0.0,-0.19726993887387054,-0.1874064439028764,0.001,0.001,True,
825,stage1_understanding,understanding,/Users/ritesh.thawkar/Ritesh/self-evolving-uug/runs/final/E2_understanding_only/iter_log.jsonl,proposer,kl_loss,0.0,,0.0,-0.19726993887387054,-0.1874064439028764,0.001,0.001,True,
826,stage1_understanding,understanding,/Users/ritesh.thawkar/Ritesh/self-evolving-uug/runs/final/E2_understanding_only/iter_log.jsonl,proposer,grpo_loss,0.875,,0.0,-0.8771929732225301,-0.8333333333333334,0.001,0.001,True,
826,stage1_understanding,understanding,/Users/ritesh.thawkar/Ritesh/self-evolving-uug/runs/final/E2_understanding_only/iter_log.jsonl,proposer,kl_loss,0.0,,0.0,-0.8771929732225301,-0.8333333333333334,0.001,0.001,True,
827,stage1_understanding,understanding,/Users/ritesh.thawkar/Ritesh/self-evolving-uug/runs/final/E2_understanding_only/iter_log.jsonl,proposer,grpo_loss,0.8736979365348816,,0.0,-0.8771929732225301,-0.8333333333333334,0.001,0.001,True,
827,stage1_understanding,understanding,/Users/ritesh.thawkar/Ritesh/self-evolving-uug/runs/final/E2_understanding_only/iter_log.jsonl,proposer,kl_loss,0.0,,0.0,-0.8771929732225301,-0.8333333333333334,0.001,0.001,True,
828,stage1_understanding,understanding,/Users/ritesh.thawkar/Ritesh/self-evolving-uug/runs/final/E2_understanding_only/iter_log.jsonl,proposer,grpo_loss,0.875,,0.0,-0.8771929732225301,-0.8333333333333334,0.001,0.001,True,
828,stage1_understanding,understanding,/Users/ritesh.thawkar/Ritesh/self-evolving-uug/runs/final/E2_understanding_only/iter_log.jsonl,proposer,kl_loss,0.0,,0.0,-0.8771929732225301,-0.8333333333333334,0.001,0.001,True,
829,stage1_understanding,understanding,/Users/ritesh.thawkar/Ritesh/self-evolving-uug/runs/final/E2_understanding_only/iter_log.jsonl,proposer,grpo_loss,-0.078125,,0.0,0.07749374662979996,0.07361906007324744,0.001,0.001,True,
829,stage1_understanding,understanding,/Users/ritesh.thawkar/Ritesh/self-evolving-uug/runs/final/E2_understanding_only/iter_log.jsonl,proposer,kl_loss,0.0,,0.0,0.07749374662979996,0.07361906007324744,0.001,0.001,True,
830,stage1_understanding,understanding,/Users/ritesh.thawkar/Ritesh/self-evolving-uug/runs/final/E2_understanding_only/iter_log.jsonl,proposer,grpo_loss,0.9427083730697632,,0.0,-0.9445339439592151,-0.8973072562065938,0.001,0.001,True,
830,stage1_understanding,understanding,/Users/ritesh.thawkar/Ritesh/self-evolving-uug/runs/final/E2_understanding_only/iter_log.jsonl,proposer,kl_loss,0.0,,0.0,-0.9445339439592151,-0.8973072562065938,0.001,0.001,True,
831,stage1_understanding,understanding,/Users/ritesh.thawkar/Ritesh/self-evolving-uug/runs/final/E2_understanding_only/iter_log.jsonl,proposer,grpo_loss,0.8190104365348816,,0.0,-0.8211249237206464,-0.8440656392772922,0.001,0.001,True,
831,stage1_understanding,understanding,/Users/ritesh.thawkar/Ritesh/self-evolving-uug/runs/final/E2_understanding_only/iter_log.jsonl,proposer,kl_loss,0.0,,0.0,-0.8211249237206464,-0.8440656392772922,0.001,0.001,True,
832,stage1_understanding,understanding,/Users/ritesh.thawkar/Ritesh/self-evolving-uug/runs/final/E2_understanding_only/iter_log.jsonl,proposer,grpo_loss,-0.2470703125,,0.0,0.24814448923473234,0.08340369534469479,0.001,0.001,True,
832,stage1_understanding,understanding,/Users/ritesh.thawkar/Ritesh/self-evolving-uug/runs/final/E2_understanding_only/iter_log.jsonl,proposer,kl_loss,0.0,,0.0,0.24814448923473234,0.08340369534469479,0.001,0.001,True,
833,stage1_understanding,understanding,/Users/ritesh.thawkar/Ritesh/self-evolving-uug/runs/final/E2_understanding_only/iter_log.jsonl,proposer,grpo_loss,0.33837890625,,0.0,-0.3396923283034397,-0.32270771528519104,0.001,0.001,True,
833,stage1_understanding,understanding,/Users/ritesh.thawkar/Ritesh/self-evolving-uug/runs/final/E2_understanding_only/iter_log.jsonl,proposer,kl_loss,0.0,,0.0,-0.3396923283034397,-0.32270771528519104,0.001,0.001,True,
834,stage1_understanding,understanding,/Users/ritesh.thawkar/Ritesh/self-evolving-uug/runs/final/E2_understanding_only/iter_log.jsonl,proposer,grpo_loss,0.875,,0.0,-0.8771929732225301,-0.8333333333333334,0.001,0.001,True,
834,stage1_understanding,understanding,/Users/ritesh.thawkar/Ritesh/self-evolving-uug/runs/final/E2_understanding_only/iter_log.jsonl,proposer,kl_loss,0.0,,0.0,-0.8771929732225301,-0.8333333333333334,0.001,0.001,True,
835,stage1_understanding,understanding,/Users/ritesh.thawkar/Ritesh/self-evolving-uug/runs/final/E2_understanding_only/iter_log.jsonl,proposer,grpo_loss,-0.5240885615348816,,0.0,0.5266135261450428,0.0922137495872129,0.001,0.001,True,
835,stage1_understanding,understanding,/Users/ritesh.thawkar/Ritesh/self-evolving-uug/runs/final/E2_understanding_only/iter_log.jsonl,proposer,kl_loss,0.0,,0.0,0.5266135261450428,0.0922137495872129,0.001,0.001,True,
836,stage1_understanding,understanding,/Users/ritesh.thawkar/Ritesh/self-evolving-uug/runs/final/E2_understanding_only/iter_log.jsonl,proposer,grpo_loss,-0.4674479365348816,,0.0,0.4669465557212944,0.05883424640121104,0.001,0.001,True,
836,stage1_understanding,understanding,/Users/ritesh.thawkar/Ritesh/self-evolving-uug/runs/final/E2_understanding_only/iter_log.jsonl,proposer,kl_loss,0.0,,0.0,0.4669465557212944,0.05883424640121104,0.001,0.001,True,
837,stage1_understanding,understanding,/Users/ritesh.thawkar/Ritesh/self-evolving-uug/runs/final/E2_understanding_only/iter_log.jsonl,proposer,grpo_loss,0.6300455927848816,,0.0,-0.630505116083775,-0.10520778445498442,0.001,0.001,True,
837,stage1_understanding,understanding,/Users/ritesh.thawkar/Ritesh/self-evolving-uug/runs/final/E2_understanding_only/iter_log.jsonl,proposer,kl_loss,0.0,,0.0,-0.630505116083775,-0.10520778445498442,0.001,0.001,True,
838,stage1_understanding,understanding,/Users/ritesh.thawkar/Ritesh/self-evolving-uug/runs/final/E2_understanding_only/iter_log.jsonl,proposer,grpo_loss,-0.0416666679084301,,0.0,0.04190292950766169,0.009380183336001768,0.001,0.001,True,
838,stage1_understanding,understanding,/Users/ritesh.thawkar/Ritesh/self-evolving-uug/runs/final/E2_understanding_only/iter_log.jsonl,proposer,kl_loss,0.0,,0.0,0.04190292950766169,0.009380183336001768,0.001,0.001,True,
839,stage1_understanding,understanding,/Users/ritesh.thawkar/Ritesh/self-evolving-uug/runs/final/E2_understanding_only/iter_log.jsonl,proposer,grpo_loss,0.6549479365348816,,0.0,-0.6570778469366233,-1.080082096385782,0.001,0.001,True,
839,stage1_understanding,understanding,/Users/ritesh.thawkar/Ritesh/self-evolving-uug/runs/final/E2_understanding_only/iter_log.jsonl,proposer,kl_loss,0.0,,0.0,-0.6570778469366233,-1.080082096385782,0.001,0.001,True,
840,stage1_understanding,understanding,/Users/ritesh.thawkar/Ritesh/self-evolving-uug/runs/final/E2_understanding_only/iter_log.jsonl,proposer,grpo_loss,0.8763021230697632,,0.0,-0.8771929732225301,-0.8333333333333334,0.001,0.001,True,
840,stage1_understanding,understanding,/Users/ritesh.thawkar/Ritesh/self-evolving-uug/runs/final/E2_understanding_only/iter_log.jsonl,proposer,kl_loss,0.0,,0.0,-0.8771929732225301,-0.8333333333333334,0.001,0.001,True,
841,stage1_understanding,understanding,/Users/ritesh.thawkar/Ritesh/self-evolving-uug/runs/final/E2_understanding_only/iter_log.jsonl,proposer,grpo_loss,0.8736979365348816,,0.0,-0.8771929732225301,-0.8333333333333334,0.001,0.001,True,
841,stage1_understanding,understanding,/Users/ritesh.thawkar/Ritesh/self-evolving-uug/runs/final/E2_understanding_only/iter_log.jsonl,proposer,kl_loss,0.0,,0.0,-0.8771929732225301,-0.8333333333333334,0.001,0.001,True,
842,stage1_understanding,understanding,/Users/ritesh.thawkar/Ritesh/self-evolving-uug/runs/final/E2_understanding_only/iter_log.jsonl,proposer,grpo_loss,0.10546875,,0.0,-0.1064510446179862,-0.030627050480285984,0.001,0.001,True,
842,stage1_understanding,understanding,/Users/ritesh.thawkar/Ritesh/self-evolving-uug/runs/final/E2_understanding_only/iter_log.jsonl,proposer,kl_loss,0.0,,0.0,-0.1064510446179862,-0.030627050480285984,0.001,0.001,True,
843,stage1_understanding,understanding,/Users/ritesh.thawkar/Ritesh/self-evolving-uug/runs/final/E2_understanding_only/iter_log.jsonl,proposer,grpo_loss,0.5849609375,,0.0,-0.5845644701802878,-0.555336252516918,0.001,0.001,True,
843,stage1_understanding,understanding,/Users/ritesh.thawkar/Ritesh/self-evolving-uug/runs/final/E2_understanding_only/iter_log.jsonl,proposer,kl_loss,0.0,,0.0,-0.5845644701802878,-0.555336252516918,0.001,0.001,True,
844,stage1_understanding,understanding,/Users/ritesh.thawkar/Ritesh/self-evolving-uug/runs/final/E2_understanding_only/iter_log.jsonl,proposer,grpo_loss,0.1536458432674408,,0.0,-0.15404195395749043,-0.14633985780003544,0.001,0.001,True,
844,stage1_understanding,understanding,/Users/ritesh.thawkar/Ritesh/self-evolving-uug/runs/final/E2_understanding_only/iter_log.jsonl,proposer,kl_loss,0.0,,0.0,-0.15404195395749043,-0.14633985780003544,0.001,0.001,True,
845,stage1_understanding,understanding,/Users/ritesh.thawkar/Ritesh/self-evolving-uug/runs/final/E2_understanding_only/iter_log.jsonl,proposer,grpo_loss,0.5559896230697632,,0.0,-0.5579420258519396,-0.2124168089792018,0.001,0.001,True,
845,stage1_understanding,understanding,/Users/ritesh.thawkar/Ritesh/self-evolving-uug/runs/final/E2_understanding_only/iter_log.jsonl,proposer,kl_loss,0.0,,0.0,-0.5579420258519396,-0.2124168089792018,0.001,0.001,True,
846,stage1_understanding,understanding,/Users/ritesh.thawkar/Ritesh/self-evolving-uug/runs/final/E2_understanding_only/iter_log.jsonl,proposer,grpo_loss,0.5338541865348816,,0.0,-0.5343468197091753,-0.156528422453756,0.001,0.001,True,
846,stage1_understanding,understanding,/Users/ritesh.thawkar/Ritesh/self-evolving-uug/runs/final/E2_understanding_only/iter_log.jsonl,proposer,kl_loss,0.0,,0.0,-0.5343468197091753,-0.156528422453756,0.001,0.001,True,
847,stage1_understanding,understanding,/Users/ritesh.thawkar/Ritesh/self-evolving-uug/runs/final/E2_understanding_only/iter_log.jsonl,proposer,grpo_loss,-0.8919271230697632,,0.0,0.8957362343096857,0.15973719996890046,0.001,0.001,True,
847,stage1_understanding,understanding,/Users/ritesh.thawkar/Ritesh/self-evolving-uug/runs/final/E2_understanding_only/iter_log.jsonl,proposer,kl_loss,0.0,,0.0,0.8957362343096857,0.15973719996890046,0.001,0.001,True,
848,stage1_understanding,understanding,/Users/ritesh.thawkar/Ritesh/self-evolving-uug/runs/final/E2_understanding_only/iter_log.jsonl,proposer,grpo_loss,0.4635416865348816,,0.0,-0.46597108395800424,-0.1484774533001303,0.001,0.001,True,
848,stage1_understanding,understanding,/Users/ritesh.thawkar/Ritesh/self-evolving-uug/runs/final/E2_understanding_only/iter_log.jsonl,proposer,kl_loss,0.0,,0.0,-0.46597108395800424,-0.1484774533001303,0.001,0.001,True,
849,stage1_understanding,understanding,/Users/ritesh.thawkar/Ritesh/self-evolving-uug/runs/final/E2_understanding_only/iter_log.jsonl,proposer,grpo_loss,0.5078125,,0.0,-0.5100680587668752,-0.17346987754029194,0.001,0.001,True,
849,stage1_understanding,understanding,/Users/ritesh.thawkar/Ritesh/self-evolving-uug/runs/final/E2_understanding_only/iter_log.jsonl,proposer,kl_loss,0.0,,0.0,-0.5100680587668752,-0.17346987754029194,0.001,0.001,True,
850,stage1_understanding,understanding,/Users/ritesh.thawkar/Ritesh/self-evolving-uug/runs/final/E2_understanding_only/iter_log.jsonl,proposer,grpo_loss,0.1940104216337204,,0.0,-0.193012302598653,-0.02545269810739344,0.001,0.001,True,
850,stage1_understanding,understanding,/Users/ritesh.thawkar/Ritesh/self-evolving-uug/runs/final/E2_understanding_only/iter_log.jsonl,proposer,kl_loss,0.0,,0.0,-0.193012302598653,-0.02545269810739344,0.001,0.001,True,
851,stage1_understanding,understanding,/Users/ritesh.thawkar/Ritesh/self-evolving-uug/runs/final/E2_understanding_only/iter_log.jsonl,proposer,grpo_loss,0.0400390625,,0.0,-0.039553514831640414,-0.03757583948559351,0.001,0.001,True,
851,stage1_understanding,understanding,/Users/ritesh.thawkar/Ritesh/self-evolving-uug/runs/final/E2_understanding_only/iter_log.jsonl,proposer,kl_loss,0.0,,0.0,-0.039553514831640414,-0.03757583948559351,0.001,0.001,True,
852,stage1_understanding,understanding,/Users/ritesh.thawkar/Ritesh/self-evolving-uug/runs/final/E2_understanding_only/iter_log.jsonl,proposer,grpo_loss,0.5104166865348816,,0.0,-0.5136109803924148,-0.13240260793444847,0.001,0.001,True,
852,stage1_understanding,understanding,/Users/ritesh.thawkar/Ritesh/self-evolving-uug/runs/final/E2_understanding_only/iter_log.jsonl,proposer,kl_loss,0.0,,0.0,-0.5136109803924148,-0.13240260793444847,0.001,0.001,True,
853,stage1_understanding,understanding,/Users/ritesh.thawkar/Ritesh/self-evolving-uug/runs/final/E2_understanding_only/iter_log.jsonl,proposer,grpo_loss,0.8736979365348816,,0.0,-0.8771929732225301,-0.8333333333333334,0.001,0.001,True,
853,stage1_understanding,understanding,/Users/ritesh.thawkar/Ritesh/self-evolving-uug/runs/final/E2_understanding_only/iter_log.jsonl,proposer,kl_loss,0.0,,0.0,-0.8771929732225301,-0.8333333333333334,0.001,0.001,True,
854,stage1_understanding,understanding,/Users/ritesh.thawkar/Ritesh/self-evolving-uug/runs/final/E2_understanding_only/iter_log.jsonl,proposer,grpo_loss,0.5914713740348816,,0.0,-0.5937744748993796,-0.5640857570921555,0.001,0.001,True,
854,stage1_understanding,understanding,/Users/ritesh.thawkar/Ritesh/self-evolving-uug/runs/final/E2_understanding_only/iter_log.jsonl,proposer,kl_loss,0.0,,0.0,-0.5937744748993796,-0.5640857570921555,0.001,0.001,True,
855,stage1_understanding,understanding,/Users/ritesh.thawkar/Ritesh/self-evolving-uug/runs/final/E2_understanding_only/iter_log.jsonl,proposer,grpo_loss,0.8723958730697632,,0.0,-0.8771929732225301,-0.8333333333333334,0.001,0.001,True,
855,stage1_understanding,understanding,/Users/ritesh.thawkar/Ritesh/self-evolving-uug/runs/final/E2_understanding_only/iter_log.jsonl,proposer,kl_loss,0.0,,0.0,-0.8771929732225301,-0.8333333333333334,0.001,0.001,True,
856,stage1_understanding,understanding,/Users/ritesh.thawkar/Ritesh/self-evolving-uug/runs/final/E2_understanding_only/iter_log.jsonl,proposer,grpo_loss,0.4088541865348816,,0.0,-0.4109459806828548,-0.06844511290615862,0.001,0.001,True,
856,stage1_understanding,understanding,/Users/ritesh.thawkar/Ritesh/self-evolving-uug/runs/final/E2_understanding_only/iter_log.jsonl,proposer,kl_loss,0.0,,0.0,-0.4109459806828548,-0.06844511290615862,0.001,0.001,True,
857,stage1_understanding,understanding,/Users/ritesh.thawkar/Ritesh/self-evolving-uug/runs/final/E2_understanding_only/iter_log.jsonl,proposer,grpo_loss,0.8723958730697632,,0.0,-0.8771929732225301,-0.8333333333333334,0.001,0.001,True,
857,stage1_understanding,understanding,/Users/ritesh.thawkar/Ritesh/self-evolving-uug/runs/final/E2_understanding_only/iter_log.jsonl,proposer,kl_loss,0.0,,0.0,-0.8771929732225301,-0.8333333333333334,0.001,0.001,True,
858,stage1_understanding,understanding,/Users/ritesh.thawkar/Ritesh/self-evolving-uug/runs/final/E2_understanding_only/iter_log.jsonl,proposer,grpo_loss,0.6305338740348816,,0.0,-0.6328267124900812,-0.6011853831938442,0.001,0.001,True,
858,stage1_understanding,understanding,/Users/ritesh.thawkar/Ritesh/self-evolving-uug/runs/final/E2_understanding_only/iter_log.jsonl,proposer,kl_loss,0.0,,0.0,-0.6328267124900812,-0.6011853831938442,0.001,0.001,True,
859,stage1_understanding,understanding,/Users/ritesh.thawkar/Ritesh/self-evolving-uug/runs/final/E2_understanding_only/iter_log.jsonl,proposer,grpo_loss,0.63037109375,,0.0,-0.6340166719148733,-0.6023158446592963,0.001,0.001,True,
859,stage1_understanding,understanding,/Users/ritesh.thawkar/Ritesh/self-evolving-uug/runs/final/E2_understanding_only/iter_log.jsonl,proposer,kl_loss,0.0,,0.0,-0.6340166719148733,-0.6023158446592963,0.001,0.001,True,
860,stage1_understanding,understanding,/Users/ritesh.thawkar/Ritesh/self-evolving-uug/runs/final/E2_understanding_only/iter_log.jsonl,proposer,grpo_loss,0.6324869990348816,,0.0,-0.6374328811487326,-0.6055612434656248,0.001,0.001,True,
860,stage1_understanding,understanding,/Users/ritesh.thawkar/Ritesh/self-evolving-uug/runs/final/E2_understanding_only/iter_log.jsonl,proposer,kl_loss,0.0,,0.0,-0.6374328811487326,-0.6055612434656248,0.001,0.001,True,
861,stage1_understanding,understanding,/Users/ritesh.thawkar/Ritesh/self-evolving-uug/runs/final/E2_understanding_only/iter_log.jsonl,proposer,grpo_loss,0.87109375,,0.0,-0.8771929732225301,-0.8333333333333334,0.001,0.001,True,
861,stage1_understanding,understanding,/Users/ritesh.thawkar/Ritesh/self-evolving-uug/runs/final/E2_understanding_only/iter_log.jsonl,proposer,kl_loss,0.0,,0.0,-0.8771929732225301,-0.8333333333333334,0.001,0.001,True,
862,stage1_understanding,understanding,/Users/ritesh.thawkar/Ritesh/self-evolving-uug/runs/final/E2_understanding_only/iter_log.jsonl,proposer,grpo_loss,0.4168294370174408,,0.0,-0.4203706116898236,-0.3993520853090385,0.001,0.001,True,
862,stage1_understanding,understanding,/Users/ritesh.thawkar/Ritesh/self-evolving-uug/runs/final/E2_understanding_only/iter_log.jsonl,proposer,kl_loss,0.0,,0.0,-0.4203706116898236,-0.3993520853090385,0.001,0.001,True,
863,stage1_understanding,understanding,/Users/ritesh.thawkar/Ritesh/self-evolving-uug/runs/final/E2_understanding_only/iter_log.jsonl,proposer,grpo_loss,0.87109375,,0.0,-0.8771929732225301,-0.8333333333333334,0.001,0.001,True,
863,stage1_understanding,understanding,/Users/ritesh.thawkar/Ritesh/self-evolving-uug/runs/final/E2_understanding_only/iter_log.jsonl,proposer,kl_loss,0.0,,0.0,-0.8771929732225301,-0.8333333333333334,0.001,0.001,True,
864,stage1_understanding,understanding,/Users/ritesh.thawkar/Ritesh/self-evolving-uug/runs/final/E2_understanding_only/iter_log.jsonl,proposer,grpo_loss,0.2320963591337204,,0.0,-0.23428995308264147,-0.22257545777140894,0.001,0.001,True,
864,stage1_understanding,understanding,/Users/ritesh.thawkar/Ritesh/self-evolving-uug/runs/final/E2_understanding_only/iter_log.jsonl,proposer,kl_loss,0.0,,0.0,-0.23428995308264147,-0.22257545777140894,0.001,0.001,True,
865,stage1_understanding,understanding,/Users/ritesh.thawkar/Ritesh/self-evolving-uug/runs/final/E2_understanding_only/iter_log.jsonl,proposer,grpo_loss,0.9856771230697632,,0.0,-0.9917587207417217,-0.9421707946222228,0.001,0.001,True,
865,stage1_understanding,understanding,/Users/ritesh.thawkar/Ritesh/self-evolving-uug/runs/final/E2_understanding_only/iter_log.jsonl,proposer,kl_loss,0.0,,0.0,-0.9917587207417217,-0.9421707946222228,0.001,0.001,True,
866,stage1_understanding,understanding,/Users/ritesh.thawkar/Ritesh/self-evolving-uug/runs/final/E2_understanding_only/iter_log.jsonl,proposer,grpo_loss,-0.9557291865348816,,0.0,0.9626236042313158,0.2901846772365899,0.001,0.001,True,
866,stage1_understanding,understanding,/Users/ritesh.thawkar/Ritesh/self-evolving-uug/runs/final/E2_understanding_only/iter_log.jsonl,proposer,kl_loss,0.0,,0.0,0.9626236042313158,0.2901846772365899,0.001,0.001,True,
867,stage1_understanding,understanding,/Users/ritesh.thawkar/Ritesh/self-evolving-uug/runs/final/E2_understanding_only/iter_log.jsonl,proposer,grpo_loss,0.8697916865348816,,0.0,-0.8771929732225301,-0.8333333333333334,0.001,0.001,True,
867,stage1_understanding,understanding,/Users/ritesh.thawkar/Ritesh/self-evolving-uug/runs/final/E2_understanding_only/iter_log.jsonl,proposer,kl_loss,0.0,,0.0,-0.8771929732225301,-0.8333333333333334,0.001,0.001,True,
868,stage1_understanding,understanding,/Users/ritesh.thawkar/Ritesh/self-evolving-uug/runs/final/E2_understanding_only/iter_log.jsonl,proposer,grpo_loss,0.9088541865348816,,0.0,-0.9148877841305167,-0.8691434040728687,0.001,0.001,True,
868,stage1_understanding,understanding,/Users/ritesh.thawkar/Ritesh/self-evolving-uug/runs/final/E2_understanding_only/iter_log.jsonl,proposer,kl_loss,0.0,,0.0,-0.9148877841305167,-0.8691434040728687,0.001,0.001,True,
869,stage1_understanding,understanding,/Users/ritesh.thawkar/Ritesh/self-evolving-uug/runs/final/E2_understanding_only/iter_log.jsonl,proposer,grpo_loss,0.8736979365348816,,0.0,-0.8771929732225301,-0.8333333333333334,0.001,0.001,True,
869,stage1_understanding,understanding,/Users/ritesh.thawkar/Ritesh/self-evolving-uug/runs/final/E2_understanding_only/iter_log.jsonl,proposer,kl_loss,0.0,,0.0,-0.8771929732225301,-0.8333333333333334,0.001,0.001,True,
870,stage1_understanding,understanding,/Users/ritesh.thawkar/Ritesh/self-evolving-uug/runs/final/E2_understanding_only/iter_log.jsonl,proposer,grpo_loss,0.8671875,,0.0,-0.8771929732225301,-0.8333333333333334,0.001,0.001,True,
870,stage1_understanding,understanding,/Users/ritesh.thawkar/Ritesh/self-evolving-uug/runs/final/E2_understanding_only/iter_log.jsonl,proposer,kl_loss,0.0,,0.0,-0.8771929732225301,-0.8333333333333334,0.001,0.001,True,
871,stage1_understanding,understanding,/Users/ritesh.thawkar/Ritesh/self-evolving-uug/runs/final/E2_understanding_only/iter_log.jsonl,proposer,grpo_loss,-0.48828125,,0.0,0.4915503335374268,0.4423953050991875,0.001,0.001,True,
871,stage1_understanding,understanding,/Users/ritesh.thawkar/Ritesh/self-evolving-uug/runs/final/E2_understanding_only/iter_log.jsonl,proposer,kl_loss,0.0,,0.0,0.4915503335374268,0.4423953050991875,0.001,0.001,True,
872,stage1_understanding,understanding,/Users/ritesh.thawkar/Ritesh/self-evolving-uug/runs/final/E2_understanding_only/iter_log.jsonl,proposer,grpo_loss,0.7421875,,0.0,-0.7484019243680368,-0.7109818356336541,0.001,0.001,True,
872,stage1_understanding,understanding,/Users/ritesh.thawkar/Ritesh/self-evolving-uug/runs/final/E2_understanding_only/iter_log.jsonl,proposer,kl_loss,0.0,,0.0,-0.7484019243680368,-0.7109818356336541,0.001,0.001,True,
873,stage1_understanding,understanding,/Users/ritesh.thawkar/Ritesh/self-evolving-uug/runs/final/E2_understanding_only/iter_log.jsonl,proposer,grpo_loss,0.5579427480697632,,0.0,-0.5622100815920099,-0.5340995831345102,0.001,0.001,True,
873,stage1_understanding,understanding,/Users/ritesh.thawkar/Ritesh/self-evolving-uug/runs/final/E2_understanding_only/iter_log.jsonl,proposer,kl_loss,0.0,,0.0,-0.5622100815920099,-0.5340995831345102,0.001,0.001,True,
874,stage1_understanding,understanding,/Users/ritesh.thawkar/Ritesh/self-evolving-uug/runs/final/E2_understanding_only/iter_log.jsonl,proposer,grpo_loss,0.046875,,0.0,-0.04619198625327081,-0.012064664634880021,0.001,0.001,True,
874,stage1_understanding,understanding,/Users/ritesh.thawkar/Ritesh/self-evolving-uug/runs/final/E2_understanding_only/iter_log.jsonl,proposer,kl_loss,0.0,,0.0,-0.04619198625327081,-0.012064664634880021,0.001,0.001,True,
875,stage1_understanding,understanding,/Users/ritesh.thawkar/Ritesh/self-evolving-uug/runs/final/E2_understanding_only/iter_log.jsonl,proposer,grpo_loss,0.7760416865348816,,0.0,-0.7828668017011408,-1.1029560051848193,0.001,0.001,True,
875,stage1_understanding,understanding,/Users/ritesh.thawkar/Ritesh/self-evolving-uug/runs/final/E2_understanding_only/iter_log.jsonl,proposer,kl_loss,0.0,,0.0,-0.7828668017011408,-1.1029560051848193,0.001,0.001,True,
876,stage1_understanding,understanding,/Users/ritesh.thawkar/Ritesh/self-evolving-uug/runs/final/E2_understanding_only/iter_log.jsonl,proposer,grpo_loss,0.8697916865348816,,0.0,-0.8771929732225301,-0.8333333333333334,0.001,0.001,True,
876,stage1_understanding,understanding,/Users/ritesh.thawkar/Ritesh/self-evolving-uug/runs/final/E2_understanding_only/iter_log.jsonl,proposer,kl_loss,0.0,,0.0,-0.8771929732225301,-0.8333333333333334,0.001,0.001,True,
877,stage1_understanding,understanding,/Users/ritesh.thawkar/Ritesh/self-evolving-uug/runs/final/E2_understanding_only/iter_log.jsonl,proposer,grpo_loss,0.5618489980697632,,0.0,-0.5642666400550396,-0.536053313694954,0.001,0.001,True,
877,stage1_understanding,understanding,/Users/ritesh.thawkar/Ritesh/self-evolving-uug/runs/final/E2_understanding_only/iter_log.jsonl,proposer,kl_loss,0.0,,0.0,-0.5642666400550396,-0.536053313694954,0.001,0.001,True,
878,stage1_understanding,understanding,/Users/ritesh.thawkar/Ritesh/self-evolving-uug/runs/final/E2_understanding_only/iter_log.jsonl,proposer,grpo_loss,-0.1692708432674408,,0.0,0.17088025617966965,0.03826714181141996,0.001,0.001,True,
878,stage1_understanding,understanding,/Users/ritesh.thawkar/Ritesh/self-evolving-uug/runs/final/E2_understanding_only/iter_log.jsonl,proposer,kl_loss,0.0,,0.0,0.17088025617966965,0.03826714181141996,0.001,0.001,True,
879,stage1_understanding,understanding,/Users/ritesh.thawkar/Ritesh/self-evolving-uug/runs/final/E2_understanding_only/iter_log.jsonl,proposer,grpo_loss,0.8697916865348816,,0.0,-0.8771929732225301,-0.8333333333333334,0.001,0.001,True,
879,stage1_understanding,understanding,/Users/ritesh.thawkar/Ritesh/self-evolving-uug/runs/final/E2_understanding_only/iter_log.jsonl,proposer,kl_loss,0.0,,0.0,-0.8771929732225301,-0.8333333333333334,0.001,0.001,True,
880,stage1_understanding,understanding,/Users/ritesh.thawkar/Ritesh/self-evolving-uug/runs/final/E2_understanding_only/iter_log.jsonl,proposer,grpo_loss,0.484375,,0.0,-0.48844305123434667,-0.1670400841597612,0.001,0.001,True,
880,stage1_understanding,understanding,/Users/ritesh.thawkar/Ritesh/self-evolving-uug/runs/final/E2_understanding_only/iter_log.jsonl,proposer,kl_loss,0.0,,0.0,-0.48844305123434667,-0.1670400841597612,0.001,0.001,True,
881,stage1_understanding,understanding,/Users/ritesh.thawkar/Ritesh/self-evolving-uug/runs/final/E2_understanding_only/iter_log.jsonl,proposer,grpo_loss,0.2220052182674408,,0.0,-0.22377699297250753,-0.21258814556165206,0.001,0.001,True,
881,stage1_understanding,understanding,/Users/ritesh.thawkar/Ritesh/self-evolving-uug/runs/final/E2_understanding_only/iter_log.jsonl,proposer,kl_loss,0.0,,0.0,-0.22377699297250753,-0.21258814556165206,0.001,0.001,True,
882,stage1_understanding,understanding,/Users/ritesh.thawkar/Ritesh/self-evolving-uug/runs/final/E2_understanding_only/iter_log.jsonl,proposer,grpo_loss,-0.890625,,0.0,0.8977463072928975,0.14501264522876767,0.001,0.001,True,
882,stage1_understanding,understanding,/Users/ritesh.thawkar/Ritesh/self-evolving-uug/runs/final/E2_understanding_only/iter_log.jsonl,proposer,kl_loss,0.0,,0.0,0.8977463072928975,0.14501264522876767,0.001,0.001,True,
883,stage1_understanding,understanding,/Users/ritesh.thawkar/Ritesh/self-evolving-uug/runs/final/E2_understanding_only/iter_log.jsonl,proposer,grpo_loss,0.6188151240348816,,0.0,-0.6235155984181132,-0.5923398247323636,0.001,0.001,True,
883,stage1_understanding,understanding,/Users/ritesh.thawkar/Ritesh/self-evolving-uug/runs/final/E2_understanding_only/iter_log.jsonl,proposer,kl_loss,0.0,,0.0,-0.6235155984181132,-0.5923398247323636,0.001,0.001,True,
884,stage1_understanding,understanding,/Users/ritesh.thawkar/Ritesh/self-evolving-uug/runs/final/E2_understanding_only/iter_log.jsonl,proposer,grpo_loss,0.1575520932674408,,0.0,-0.15890667632586628,-0.1509613440986397,0.001,0.001,True,
884,stage1_understanding,understanding,/Users/ritesh.thawkar/Ritesh/self-evolving-uug/runs/final/E2_understanding_only/iter_log.jsonl,proposer,kl_loss,0.0,,0.0,-0.15890667632586628,-0.1509613440986397,0.001,0.001,True,
885,stage1_understanding,understanding,/Users/ritesh.thawkar/Ritesh/self-evolving-uug/runs/final/E2_understanding_only/iter_log.jsonl,proposer,grpo_loss,0.1803385466337204,,0.0,-0.18247660476623337,-0.17335277635268773,0.001,0.001,True,
885,stage1_understanding,understanding,/Users/ritesh.thawkar/Ritesh/self-evolving-uug/runs/final/E2_understanding_only/iter_log.jsonl,proposer,kl_loss,0.0,,0.0,-0.18247660476623337,-0.17335277635268773,0.001,0.001,True,
886,stage1_understanding,understanding,/Users/ritesh.thawkar/Ritesh/self-evolving-uug/runs/final/E2_understanding_only/iter_log.jsonl,proposer,grpo_loss,0.2421875,,0.0,-0.2430473814845394,-0.23089501484078623,0.001,0.001,True,
886,stage1_understanding,understanding,/Users/ritesh.thawkar/Ritesh/self-evolving-uug/runs/final/E2_understanding_only/iter_log.jsonl,proposer,kl_loss,0.0,,0.0,-0.2430473814845394,-0.23089501484078623,0.001,0.001,True,
887,stage1_understanding,understanding,/Users/ritesh.thawkar/Ritesh/self-evolving-uug/runs/final/E2_understanding_only/iter_log.jsonl,proposer,grpo_loss,0.87109375,,0.0,-0.8771929732225301,-0.8333333333333334,0.001,0.001,True,
887,stage1_understanding,understanding,/Users/ritesh.thawkar/Ritesh/self-evolving-uug/runs/final/E2_understanding_only/iter_log.jsonl,proposer,kl_loss,0.0,,0.0,-0.8771929732225301,-0.8333333333333334,0.001,0.001,True,
888,stage1_understanding,understanding,/Users/ritesh.thawkar/Ritesh/self-evolving-uug/runs/final/E2_understanding_only/iter_log.jsonl,proposer,grpo_loss,0.8671875,,0.0,-0.8771929732225301,-0.8333333333333334,0.001,0.001,True,
888,stage1_understanding,understanding,/Users/ritesh.thawkar/Ritesh/self-evolving-uug/runs/final/E2_understanding_only/iter_log.jsonl,proposer,kl_loss,0.0,,0.0,-0.8771929732225301,-0.8333333333333334,0.001,0.001,True,
889,stage1_understanding,understanding,/Users/ritesh.thawkar/Ritesh/self-evolving-uug/runs/final/E2_understanding_only/iter_log.jsonl,proposer,grpo_loss,0.1650390625,,0.0,-0.16724336382631844,-0.15888119730743613,0.001,0.001,True,
889,stage1_understanding,understanding,/Users/ritesh.thawkar/Ritesh/self-evolving-uug/runs/final/E2_understanding_only/iter_log.jsonl,proposer,kl_loss,0.0,,0.0,-0.16724336382631844,-0.15888119730743613,0.001,0.001,True,
890,stage1_understanding,understanding,/Users/ritesh.thawkar/Ritesh/self-evolving-uug/runs/final/E2_understanding_only/iter_log.jsonl,proposer,grpo_loss,0.615234375,,0.0,-0.6201078864558807,-0.5891024983341655,0.001,0.001,True,
890,stage1_understanding,understanding,/Users/ritesh.thawkar/Ritesh/self-evolving-uug/runs/final/E2_understanding_only/iter_log.jsonl,proposer,kl_loss,0.0,,0.0,-0.6201078864558807,-0.5891024983341655,0.001,0.001,True,
891,stage1_understanding,understanding,/Users/ritesh.thawkar/Ritesh/self-evolving-uug/runs/final/E2_understanding_only/iter_log.jsonl,proposer,grpo_loss,0.8684896230697632,,0.0,-0.8771929732225301,-0.8333333333333334,0.001,0.001,True,
891,stage1_understanding,understanding,/Users/ritesh.thawkar/Ritesh/self-evolving-uug/runs/final/E2_understanding_only/iter_log.jsonl,proposer,kl_loss,0.0,,0.0,-0.8771929732225301,-0.8333333333333334,0.001,0.001,True,
892,stage1_understanding,understanding,/Users/ritesh.thawkar/Ritesh/self-evolving-uug/runs/final/E2_understanding_only/iter_log.jsonl,proposer,grpo_loss,0.8697916865348816,,0.0,-0.8771929732225301,-0.8333333333333334,0.001,0.001,True,
892,stage1_understanding,understanding,/Users/ritesh.thawkar/Ritesh/self-evolving-uug/runs/final/E2_understanding_only/iter_log.jsonl,proposer,kl_loss,0.0,,0.0,-0.8771929732225301,-0.8333333333333334,0.001,0.001,True,
893,stage1_understanding,understanding,/Users/ritesh.thawkar/Ritesh/self-evolving-uug/runs/final/E2_understanding_only/iter_log.jsonl,proposer,grpo_loss,-0.2047526091337204,,0.0,0.20686251079824544,0.03889539414076992,0.001,0.001,True,
893,stage1_understanding,understanding,/Users/ritesh.thawkar/Ritesh/self-evolving-uug/runs/final/E2_understanding_only/iter_log.jsonl,proposer,kl_loss,0.0,,0.0,0.20686251079824544,0.03889539414076992,0.001,0.001,True,
894,stage1_understanding,understanding,/Users/ritesh.thawkar/Ritesh/self-evolving-uug/runs/final/E2_understanding_only/iter_log.jsonl,proposer,grpo_loss,0.875,,0.0,-0.8771929732225301,-0.8333333333333334,0.001,0.001,True,
894,stage1_understanding,understanding,/Users/ritesh.thawkar/Ritesh/self-evolving-uug/runs/final/E2_understanding_only/iter_log.jsonl,proposer,kl_loss,0.0,,0.0,-0.8771929732225301,-0.8333333333333334,0.001,0.001,True,
895,stage1_understanding,understanding,/Users/ritesh.thawkar/Ritesh/self-evolving-uug/runs/final/E2_understanding_only/iter_log.jsonl,proposer,grpo_loss,0.1328125,,0.0,-0.13379079652678114,-0.038028011806483776,0.001,0.001,True,
895,stage1_understanding,understanding,/Users/ritesh.thawkar/Ritesh/self-evolving-uug/runs/final/E2_understanding_only/iter_log.jsonl,proposer,kl_loss,0.0,,0.0,-0.13379079652678114,-0.038028011806483776,0.001,0.001,True,
896,stage1_understanding,understanding,/Users/ritesh.thawkar/Ritesh/self-evolving-uug/runs/final/E2_understanding_only/iter_log.jsonl,proposer,grpo_loss,0.8684896230697632,,0.0,-0.8771929732225301,-0.8333333333333334,0.001,0.001,True,
896,stage1_understanding,understanding,/Users/ritesh.thawkar/Ritesh/self-evolving-uug/runs/final/E2_understanding_only/iter_log.jsonl,proposer,kl_loss,0.0,,0.0,-0.8771929732225301,-0.8333333333333334,0.001,0.001,True,
897,stage1_understanding,understanding,/Users/ritesh.thawkar/Ritesh/self-evolving-uug/runs/final/E2_understanding_only/iter_log.jsonl,proposer,grpo_loss,0.8684896230697632,,0.0,-0.8771929732225301,-0.8333333333333334,0.001,0.001,True,
897,stage1_understanding,understanding,/Users/ritesh.thawkar/Ritesh/self-evolving-uug/runs/final/E2_understanding_only/iter_log.jsonl,proposer,kl_loss,0.0,,0.0,-0.8771929732225301,-0.8333333333333334,0.001,0.001,True,
898,stage1_understanding,understanding,/Users/ritesh.thawkar/Ritesh/self-evolving-uug/runs/final/E2_understanding_only/iter_log.jsonl,proposer,grpo_loss,0.3951823115348816,,0.0,-0.3985404183740131,-0.3786134014407166,0.001,0.001,True,
898,stage1_understanding,understanding,/Users/ritesh.thawkar/Ritesh/self-evolving-uug/runs/final/E2_understanding_only/iter_log.jsonl,proposer,kl_loss,0.0,,0.0,-0.3985404183740131,-0.3786134014407166,0.001,0.001,True,
899,stage1_understanding,understanding,/Users/ritesh.thawkar/Ritesh/self-evolving-uug/runs/final/E2_understanding_only/iter_log.jsonl,proposer,grpo_loss,0.0607096366584301,,0.0,-0.0602562356851607,-0.05724342450346498,0.001,0.001,True,
899,stage1_understanding,understanding,/Users/ritesh.thawkar/Ritesh/self-evolving-uug/runs/final/E2_understanding_only/iter_log.jsonl,proposer,kl_loss,0.0,,0.0,-0.0602562356851607,-0.05724342450346498,0.001,0.001,True,
900,stage1_understanding,understanding,/Users/ritesh.thawkar/Ritesh/self-evolving-uug/runs/final/E2_understanding_only/iter_log.jsonl,proposer,grpo_loss,0.8671875,,0.0,-0.8771929732225301,-0.8333333333333334,0.001,0.001,True,
900,stage1_understanding,understanding,/Users/ritesh.thawkar/Ritesh/self-evolving-uug/runs/final/E2_understanding_only/iter_log.jsonl,proposer,kl_loss,0.0,,0.0,-0.8771929732225301,-0.8333333333333334,0.001,0.001,True,
901,stage1_understanding,understanding,/Users/ritesh.thawkar/Ritesh/self-evolving-uug/runs/final/E2_understanding_only/iter_log.jsonl,proposer,grpo_loss,0.8697916865348816,,0.0,-0.8771929732225301,-0.8333333333333334,0.001,0.001,True,
901,stage1_understanding,understanding,/Users/ritesh.thawkar/Ritesh/self-evolving-uug/runs/final/E2_understanding_only/iter_log.jsonl,proposer,kl_loss,0.0,,0.0,-0.8771929732225301,-0.8333333333333334,0.001,0.001,True,
902,stage1_understanding,understanding,/Users/ritesh.thawkar/Ritesh/self-evolving-uug/runs/final/E2_understanding_only/iter_log.jsonl,proposer,grpo_loss,0.2434895932674408,,0.0,-0.24667729428555027,-0.23434343203804567,0.001,0.001,True,
902,stage1_understanding,understanding,/Users/ritesh.thawkar/Ritesh/self-evolving-uug/runs/final/E2_understanding_only/iter_log.jsonl,proposer,kl_loss,0.0,,0.0,-0.24667729428555027,-0.23434343203804567,0.001,0.001,True,
903,stage1_understanding,understanding,/Users/ritesh.thawkar/Ritesh/self-evolving-uug/runs/final/E2_understanding_only/iter_log.jsonl,proposer,grpo_loss,0.5120443105697632,,0.0,-0.5163872332871638,-0.3105578398143924,0.001,0.001,True,
903,stage1_understanding,understanding,/Users/ritesh.thawkar/Ritesh/self-evolving-uug/runs/final/E2_understanding_only/iter_log.jsonl,proposer,kl_loss,0.0,,0.0,-0.5163872332871638,-0.3105578398143924,0.001,0.001,True,
904,stage1_understanding,understanding,/Users/ritesh.thawkar/Ritesh/self-evolving-uug/runs/final/E2_understanding_only/iter_log.jsonl,proposer,grpo_loss,0.58203125,,0.0,-0.5889965509147136,-0.25797762439646404,0.001,0.001,True,
904,stage1_understanding,understanding,/Users/ritesh.thawkar/Ritesh/self-evolving-uug/runs/final/E2_understanding_only/iter_log.jsonl,proposer,kl_loss,0.0,,0.0,-0.5889965509147136,-0.25797762439646404,0.001,0.001,True,
905,stage1_understanding,understanding,/Users/ritesh.thawkar/Ritesh/self-evolving-uug/runs/final/E2_understanding_only/iter_log.jsonl,proposer,grpo_loss,0.5983073115348816,,0.0,-0.6053072171516547,-0.2681418461796545,0.001,0.001,True,
905,stage1_understanding,understanding,/Users/ritesh.thawkar/Ritesh/self-evolving-uug/runs/final/E2_understanding_only/iter_log.jsonl,proposer,kl_loss,0.0,,0.0,-0.6053072171516547,-0.2681418461796545,0.001,0.001,True,
906,stage1_understanding,understanding,/Users/ritesh.thawkar/Ritesh/self-evolving-uug/runs/final/E2_understanding_only/iter_log.jsonl,proposer,grpo_loss,0.5540364980697632,,0.0,-0.5568391934690231,-0.1901847958482039,0.001,0.001,True,
906,stage1_understanding,understanding,/Users/ritesh.thawkar/Ritesh/self-evolving-uug/runs/final/E2_understanding_only/iter_log.jsonl,proposer,kl_loss,0.0,,0.0,-0.5568391934690231,-0.1901847958482039,0.001,0.001,True,
907,stage1_understanding,understanding,/Users/ritesh.thawkar/Ritesh/self-evolving-uug/runs/final/E2_understanding_only/iter_log.jsonl,proposer,grpo_loss,0.2605794370174408,,0.0,-0.2648814913476209,-0.25163741942905477,0.001,0.001,True,
907,stage1_understanding,understanding,/Users/ritesh.thawkar/Ritesh/self-evolving-uug/runs/final/E2_understanding_only/iter_log.jsonl,proposer,kl_loss,0.0,,0.0,-0.2648814913476209,-0.25163741942905477,0.001,0.001,True,
908,stage1_understanding,understanding,/Users/ritesh.thawkar/Ritesh/self-evolving-uug/runs/final/E2_understanding_only/iter_log.jsonl,proposer,grpo_loss,0.6227213740348816,,0.0,-0.6313657997268723,-0.5997975160541867,0.001,0.001,True,
908,stage1_understanding,understanding,/Users/ritesh.thawkar/Ritesh/self-evolving-uug/runs/final/E2_understanding_only/iter_log.jsonl,proposer,kl_loss,0.0,,0.0,-0.6313657997268723,-0.5997975160541867,0.001,0.001,True,
909,stage1_understanding,understanding,/Users/ritesh.thawkar/Ritesh/self-evolving-uug/runs/final/E2_understanding_only/iter_log.jsonl,proposer,grpo_loss,0.6243489980697632,,0.0,-0.631698121347647,-0.35964844736237894,0.001,0.001,True,
909,stage1_understanding,understanding,/Users/ritesh.thawkar/Ritesh/self-evolving-uug/runs/final/E2_understanding_only/iter_log.jsonl,proposer,kl_loss,0.0,,0.0,-0.631698121347647,-0.35964844736237894,0.001,0.001,True,
910,stage1_understanding,understanding,/Users/ritesh.thawkar/Ritesh/self-evolving-uug/runs/final/E2_understanding_only/iter_log.jsonl,proposer,grpo_loss,0.8645833730697632,,0.0,-0.8771929732225301,-0.8333333333333334,0.001,0.001,True,
910,stage1_understanding,understanding,/Users/ritesh.thawkar/Ritesh/self-evolving-uug/runs/final/E2_understanding_only/iter_log.jsonl,proposer,kl_loss,0.0,,0.0,-0.8771929732225301,-0.8333333333333334,0.001,0.001,True,
911,stage1_understanding,understanding,/Users/ritesh.thawkar/Ritesh/self-evolving-uug/runs/final/E2_understanding_only/iter_log.jsonl,proposer,grpo_loss,0.4661458432674408,,0.0,-0.47284513909701403,-0.44920288687061466,0.001,0.001,True,
911,stage1_understanding,understanding,/Users/ritesh.thawkar/Ritesh/self-evolving-uug/runs/final/E2_understanding_only/iter_log.jsonl,proposer,kl_loss,0.0,,0.0,-0.47284513909701403,-0.44920288687061466,0.001,0.001,True,
912,stage1_understanding,understanding,/Users/ritesh.thawkar/Ritesh/self-evolving-uug/runs/final/E2_understanding_only/iter_log.jsonl,proposer,grpo_loss,0.8671875,,0.0,-0.8771929732225301,-0.8333333333333334,0.001,0.001,True,
912,stage1_understanding,understanding,/Users/ritesh.thawkar/Ritesh/self-evolving-uug/runs/final/E2_understanding_only/iter_log.jsonl,proposer,kl_loss,0.0,,0.0,-0.8771929732225301,-0.8333333333333334,0.001,0.001,True,
913,stage1_understanding,understanding,/Users/ritesh.thawkar/Ritesh/self-evolving-uug/runs/final/E2_understanding_only/iter_log.jsonl,proposer,grpo_loss,0.1845703125,,0.0,-0.18557971502663725,-0.12428866572013746,0.001,0.001,True,
913,stage1_understanding,understanding,/Users/ritesh.thawkar/Ritesh/self-evolving-uug/runs/final/E2_understanding_only/iter_log.jsonl,proposer,kl_loss,0.0,,0.0,-0.18557971502663725,-0.12428866572013746,0.001,0.001,True,
914,stage1_understanding,understanding,/Users/ritesh.thawkar/Ritesh/self-evolving-uug/runs/final/E2_understanding_only/iter_log.jsonl,proposer,grpo_loss,0.8658854365348816,,0.0,-0.8771929732225301,-0.8333333333333334,0.001,0.001,True,
914,stage1_understanding,understanding,/Users/ritesh.thawkar/Ritesh/self-evolving-uug/runs/final/E2_understanding_only/iter_log.jsonl,proposer,kl_loss,0.0,,0.0,-0.8771929732225301,-0.8333333333333334,0.001,0.001,True,
915,stage1_understanding,understanding,/Users/ritesh.thawkar/Ritesh/self-evolving-uug/runs/final/E2_understanding_only/iter_log.jsonl,proposer,grpo_loss,0.6251627802848816,,0.0,-0.633780475212094,-0.6020914577892941,0.001,0.001,True,
915,stage1_understanding,understanding,/Users/ritesh.thawkar/Ritesh/self-evolving-uug/runs/final/E2_understanding_only/iter_log.jsonl,proposer,kl_loss,0.0,,0.0,-0.633780475212094,-0.6020914577892941,0.001,0.001,True,
916,stage1_understanding,understanding,/Users/ritesh.thawkar/Ritesh/self-evolving-uug/runs/final/E2_understanding_only/iter_log.jsonl,proposer,grpo_loss,0.0260416679084301,,0.0,-0.025679464470601505,-0.02439549150386607,0.001,0.001,True,
916,stage1_understanding,understanding,/Users/ritesh.thawkar/Ritesh/self-evolving-uug/runs/final/E2_understanding_only/iter_log.jsonl,proposer,kl_loss,0.0,,0.0,-0.025679464470601505,-0.02439549150386607,0.001,0.001,True,
917,stage1_understanding,understanding,/Users/ritesh.thawkar/Ritesh/self-evolving-uug/runs/final/E2_understanding_only/iter_log.jsonl,proposer,grpo_loss,-0.638671875,,0.0,0.6479089545547627,0.14191626997336035,0.001,0.001,True,
917,stage1_understanding,understanding,/Users/ritesh.thawkar/Ritesh/self-evolving-uug/runs/final/E2_understanding_only/iter_log.jsonl,proposer,kl_loss,0.0,,0.0,0.6479089545547627,0.14191626997336035,0.001,0.001,True,
918,stage1_understanding,understanding,/Users/ritesh.thawkar/Ritesh/self-evolving-uug/runs/final/E2_understanding_only/iter_log.jsonl,proposer,grpo_loss,-0.42919921875,,0.0,0.4328504412380842,0.3792069061096392,0.001,0.001,True,
918,stage1_understanding,understanding,/Users/ritesh.thawkar/Ritesh/self-evolving-uug/runs/final/E2_understanding_only/iter_log.jsonl,proposer,kl_loss,0.0,,0.0,0.4328504412380842,0.3792069061096392,0.001,0.001,True,
919,stage1_understanding,understanding,/Users/ritesh.thawkar/Ritesh/self-evolving-uug/runs/final/E2_understanding_only/iter_log.jsonl,proposer,grpo_loss,-0.9361979365348816,,0.0,0.9496857822868918,0.08668579285713844,0.001,0.001,True,
919,stage1_understanding,understanding,/Users/ritesh.thawkar/Ritesh/self-evolving-uug/runs/final/E2_understanding_only/iter_log.jsonl,proposer,kl_loss,0.0,,0.0,0.9496857822868918,0.08668579285713844,0.001,0.001,True,
920,stage1_understanding,understanding,/Users/ritesh.thawkar/Ritesh/self-evolving-uug/runs/final/E2_understanding_only/iter_log.jsonl,proposer,grpo_loss,0.8645833730697632,,0.0,-0.8771929732225301,-0.8333333333333334,0.001,0.001,True,
920,stage1_understanding,understanding,/Users/ritesh.thawkar/Ritesh/self-evolving-uug/runs/final/E2_understanding_only/iter_log.jsonl,proposer,kl_loss,0.0,,0.0,-0.8771929732225301,-0.8333333333333334,0.001,0.001,True,
921,stage1_understanding,understanding,/Users/ritesh.thawkar/Ritesh/self-evolving-uug/runs/final/E2_understanding_only/iter_log.jsonl,proposer,grpo_loss,0.8645833730697632,,0.0,-0.8771929732225301,-0.8333333333333334,0.001,0.001,True,
921,stage1_understanding,understanding,/Users/ritesh.thawkar/Ritesh/self-evolving-uug/runs/final/E2_understanding_only/iter_log.jsonl,proposer,kl_loss,0.0,,0.0,-0.8771929732225301,-0.8333333333333334,0.001,0.001,True,
922,stage1_understanding,understanding,/Users/ritesh.thawkar/Ritesh/self-evolving-uug/runs/final/E2_understanding_only/iter_log.jsonl,proposer,grpo_loss,0.2088216245174408,,0.0,-0.21225461646699642,-0.16401060098889117,0.001,0.001,True,
922,stage1_understanding,understanding,/Users/ritesh.thawkar/Ritesh/self-evolving-uug/runs/final/E2_understanding_only/iter_log.jsonl,proposer,kl_loss,0.0,,0.0,-0.21225461646699642,-0.16401060098889117,0.001,0.001,True,
923,stage1_understanding,understanding,/Users/ritesh.thawkar/Ritesh/self-evolving-uug/runs/final/E2_understanding_only/iter_log.jsonl,proposer,grpo_loss,0.63671875,,0.0,-0.6416353538133235,-0.6095535925390108,0.001,0.001,True,
923,stage1_understanding,understanding,/Users/ritesh.thawkar/Ritesh/self-evolving-uug/runs/final/E2_understanding_only/iter_log.jsonl,proposer,kl_loss,0.0,,0.0,-0.6416353538133235,-0.6095535925390108,0.001,0.001,True,
924,stage1_understanding,understanding,/Users/ritesh.thawkar/Ritesh/self-evolving-uug/runs/final/E2_understanding_only/iter_log.jsonl,proposer,grpo_loss,-0.3359375,,0.0,0.34080213299060697,0.07375850808667184,0.001,0.001,True,
924,stage1_understanding,understanding,/Users/ritesh.thawkar/Ritesh/self-evolving-uug/runs/final/E2_understanding_only/iter_log.jsonl,proposer,kl_loss,0.0,,0.0,0.34080213299060697,0.07375850808667184,0.001,0.001,True,
925,stage1_understanding,understanding,/Users/ritesh.thawkar/Ritesh/self-evolving-uug/runs/final/E2_understanding_only/iter_log.jsonl,proposer,grpo_loss,0.2230631560087204,,0.0,-0.2255459147660659,-0.07645201307853855,0.001,0.001,True,
925,stage1_understanding,understanding,/Users/ritesh.thawkar/Ritesh/self-evolving-uug/runs/final/E2_understanding_only/iter_log.jsonl,proposer,kl_loss,0.0,,0.0,-0.2255459147660659,-0.07645201307853855,0.001,0.001,True,
926,stage1_understanding,understanding,/Users/ritesh.thawkar/Ritesh/self-evolving-uug/runs/final/E2_understanding_only/iter_log.jsonl,proposer,grpo_loss,0.8880208730697632,,0.0,-0.907161881385692,-0.8618037963880263,0.001,0.001,True,
926,stage1_understanding,understanding,/Users/ritesh.thawkar/Ritesh/self-evolving-uug/runs/final/E2_understanding_only/iter_log.jsonl,proposer,kl_loss,0.0,,0.0,-0.907161881385692,-0.8618037963880263,0.001,0.001,True,
927,stage1_understanding,understanding,/Users/ritesh.thawkar/Ritesh/self-evolving-uug/runs/final/E2_understanding_only/iter_log.jsonl,proposer,grpo_loss,0.7903646230697632,,0.0,-0.8047465188623552,-0.7645092009667026,0.001,0.001,True,
927,stage1_understanding,understanding,/Users/ritesh.thawkar/Ritesh/self-evolving-uug/runs/final/E2_understanding_only/iter_log.jsonl,proposer,kl_loss,0.0,,0.0,-0.8047465188623552,-0.7645092009667026,0.001,0.001,True,
928,stage1_understanding,understanding,/Users/ritesh.thawkar/Ritesh/self-evolving-uug/runs/final/E2_understanding_only/iter_log.jsonl,proposer,grpo_loss,0.8606771230697632,,0.0,-0.8771929732225301,-0.8333333333333334,0.001,0.001,True,
928,stage1_understanding,understanding,/Users/ritesh.thawkar/Ritesh/self-evolving-uug/runs/final/E2_understanding_only/iter_log.jsonl,proposer,kl_loss,0.0,,0.0,-0.8771929732225301,-0.8333333333333334,0.001,0.001,True,
929,stage1_understanding,understanding,/Users/ritesh.thawkar/Ritesh/self-evolving-uug/runs/final/E2_understanding_only/iter_log.jsonl,proposer,grpo_loss,0.5869140625,,0.0,-0.5962828260499567,-0.5664686907102872,0.001,0.001,True,
929,stage1_understanding,understanding,/Users/ritesh.thawkar/Ritesh/self-evolving-uug/runs/final/E2_understanding_only/iter_log.jsonl,proposer,kl_loss,0.0,,0.0,-0.5962828260499567,-0.5664686907102872,0.001,0.001,True,
930,stage1_understanding,understanding,/Users/ritesh.thawkar/Ritesh/self-evolving-uug/runs/final/E2_understanding_only/iter_log.jsonl,proposer,grpo_loss,0.86328125,,0.0,-0.8771929732225301,-0.8333333333333334,0.001,0.001,True,
930,stage1_understanding,understanding,/Users/ritesh.thawkar/Ritesh/self-evolving-uug/runs/final/E2_understanding_only/iter_log.jsonl,proposer,kl_loss,0.0,,0.0,-0.8771929732225301,-0.8333333333333334,0.001,0.001,True,
931,stage1_understanding,understanding,/Users/ritesh.thawkar/Ritesh/self-evolving-uug/runs/final/E2_understanding_only/iter_log.jsonl,proposer,grpo_loss,0.4951171875,,0.0,-0.5036780100569632,-0.3127960006208141,0.001,0.001,True,
931,stage1_understanding,understanding,/Users/ritesh.thawkar/Ritesh/self-evolving-uug/runs/final/E2_understanding_only/iter_log.jsonl,proposer,kl_loss,0.0,,0.0,-0.5036780100569632,-0.3127960006208141,0.001,0.001,True,
932,stage1_understanding,understanding,/Users/ritesh.thawkar/Ritesh/self-evolving-uug/runs/final/E2_understanding_only/iter_log.jsonl,proposer,grpo_loss,0.4231770932674408,,0.0,-0.4297347228498982,-0.11510519615566721,0.001,0.001,True,
932,stage1_understanding,understanding,/Users/ritesh.thawkar/Ritesh/self-evolving-uug/runs/final/E2_understanding_only/iter_log.jsonl,proposer,kl_loss,0.0,,0.0,-0.4297347228498982,-0.11510519615566721,0.001,0.001,True,
933,stage1_understanding,understanding,/Users/ritesh.thawkar/Ritesh/self-evolving-uug/runs/final/E2_understanding_only/iter_log.jsonl,proposer,grpo_loss,0.3839518427848816,,0.0,-0.39033414427541874,-0.3708174409649893,0.001,0.001,True,
933,stage1_understanding,understanding,/Users/ritesh.thawkar/Ritesh/self-evolving-uug/runs/final/E2_understanding_only/iter_log.jsonl,proposer,kl_loss,0.0,,0.0,-0.39033414427541874,-0.3708174409649893,0.001,0.001,True,
934,stage1_understanding,understanding,/Users/ritesh.thawkar/Ritesh/self-evolving-uug/runs/final/E2_understanding_only/iter_log.jsonl,proposer,grpo_loss,-0.1061197966337204,,0.0,0.10777081876491228,0.07505840390630576,0.001,0.001,True,
934,stage1_understanding,understanding,/Users/ritesh.thawkar/Ritesh/self-evolving-uug/runs/final/E2_understanding_only/iter_log.jsonl,proposer,kl_loss,0.0,,0.0,0.10777081876491228,0.07505840390630576,0.001,0.001,True,
935,stage1_understanding,understanding,/Users/ritesh.thawkar/Ritesh/self-evolving-uug/runs/final/E2_understanding_only/iter_log.jsonl,proposer,grpo_loss,0.2203776091337204,,0.0,-0.22397184836658982,-0.2127732581879788,0.001,0.001,True,
935,stage1_understanding,understanding,/Users/ritesh.thawkar/Ritesh/self-evolving-uug/runs/final/E2_understanding_only/iter_log.jsonl,proposer,kl_loss,0.0,,0.0,-0.22397184836658982,-0.2127732581879788,0.001,0.001,True,
936,stage1_understanding,understanding,/Users/ritesh.thawkar/Ritesh/self-evolving-uug/runs/final/E2_understanding_only/iter_log.jsonl,proposer,grpo_loss,-0.2721354365348816,,0.0,0.2773319281810081,0.048676863725347,0.001,0.001,True,
936,stage1_understanding,understanding,/Users/ritesh.thawkar/Ritesh/self-evolving-uug/runs/final/E2_understanding_only/iter_log.jsonl,proposer,kl_loss,0.0,,0.0,0.2773319281810081,0.048676863725347,0.001,0.001,True,
937,stage1_understanding,understanding,/Users/ritesh.thawkar/Ritesh/self-evolving-uug/runs/final/E2_understanding_only/iter_log.jsonl,proposer,grpo_loss,0.8619791865348816,,0.0,-0.8771929732225301,-0.8333333333333334,0.001,0.001,True,
937,stage1_understanding,understanding,/Users/ritesh.thawkar/Ritesh/self-evolving-uug/runs/final/E2_understanding_only/iter_log.jsonl,proposer,kl_loss,0.0,,0.0,-0.8771929732225301,-0.8333333333333334,0.001,0.001,True,
938,stage1_understanding,understanding,/Users/ritesh.thawkar/Ritesh/self-evolving-uug/runs/final/E2_understanding_only/iter_log.jsonl,proposer,grpo_loss,0.4752604365348816,,0.0,-0.4803501054839723,-0.14057956396080273,0.001,0.001,True,
938,stage1_understanding,understanding,/Users/ritesh.thawkar/Ritesh/self-evolving-uug/runs/final/E2_understanding_only/iter_log.jsonl,proposer,kl_loss,0.0,,0.0,-0.4803501054839723,-0.14057956396080273,0.001,0.001,True,
939,stage1_understanding,understanding,/Users/ritesh.thawkar/Ritesh/self-evolving-uug/runs/final/E2_understanding_only/iter_log.jsonl,proposer,grpo_loss,0.03515625,,0.0,-0.034364100994544046,-0.013838207982955467,0.001,0.001,True,
939,stage1_understanding,understanding,/Users/ritesh.thawkar/Ritesh/self-evolving-uug/runs/final/E2_understanding_only/iter_log.jsonl,proposer,kl_loss,0.0,,0.0,-0.034364100994544046,-0.013838207982955467,0.001,0.001,True,
940,stage1_understanding,understanding,/Users/ritesh.thawkar/Ritesh/self-evolving-uug/runs/final/E2_understanding_only/iter_log.jsonl,proposer,grpo_loss,0.4933268427848816,,0.0,-0.502720241866858,-0.4775842348007175,0.001,0.001,True,
940,stage1_understanding,understanding,/Users/ritesh.thawkar/Ritesh/self-evolving-uug/runs/final/E2_understanding_only/iter_log.jsonl,proposer,kl_loss,0.0,,0.0,-0.502720241866858,-0.4775842348007175,0.001,0.001,True,
941,stage1_understanding,understanding,/Users/ritesh.thawkar/Ritesh/self-evolving-uug/runs/final/E2_understanding_only/iter_log.jsonl,proposer,grpo_loss,0.328125,,0.0,-0.334235603091894,-0.3175238262796553,0.001,0.001,True,
941,stage1_understanding,understanding,/Users/ritesh.thawkar/Ritesh/self-evolving-uug/runs/final/E2_understanding_only/iter_log.jsonl,proposer,kl_loss,0.0,,0.0,-0.334235603091894,-0.3175238262796553,0.001,0.001,True,
942,stage1_understanding,understanding,/Users/ritesh.thawkar/Ritesh/self-evolving-uug/runs/final/E2_understanding_only/iter_log.jsonl,proposer,grpo_loss,0.859375,,0.0,-0.8771929732225301,-0.8333333333333334,0.001,0.001,True,
942,stage1_understanding,understanding,/Users/ritesh.thawkar/Ritesh/self-evolving-uug/runs/final/E2_understanding_only/iter_log.jsonl,proposer,kl_loss,0.0,,0.0,-0.8771929732225301,-0.8333333333333334,0.001,0.001,True,
943,stage1_understanding,understanding,/Users/ritesh.thawkar/Ritesh/self-evolving-uug/runs/final/E2_understanding_only/iter_log.jsonl,proposer,grpo_loss,0.01106770895421505,,0.0,-0.011958425344973045,-0.004105053228210642,0.001,0.001,True,
943,stage1_understanding,understanding,/Users/ritesh.thawkar/Ritesh/self-evolving-uug/runs/final/E2_understanding_only/iter_log.jsonl,proposer,kl_loss,0.0,,0.0,-0.011958425344973045,-0.004105053228210642,0.001,0.001,True,
944,stage1_understanding,understanding,/Users/ritesh.thawkar/Ritesh/self-evolving-uug/runs/final/E2_understanding_only/iter_log.jsonl,proposer,grpo_loss,0.8606771230697632,,0.0,-0.8771929732225301,-0.8333333333333334,0.001,0.001,True,
944,stage1_understanding,understanding,/Users/ritesh.thawkar/Ritesh/self-evolving-uug/runs/final/E2_understanding_only/iter_log.jsonl,proposer,kl_loss,0.0,,0.0,-0.8771929732225301,-0.8333333333333334,0.001,0.001,True,
945,stage1_understanding,understanding,/Users/ritesh.thawkar/Ritesh/self-evolving-uug/runs/final/E2_understanding_only/iter_log.jsonl,proposer,grpo_loss,0.86328125,,0.0,-0.8771929732225301,-0.8333333333333334,0.001,0.001,True,
945,stage1_understanding,understanding,/Users/ritesh.thawkar/Ritesh/self-evolving-uug/runs/final/E2_understanding_only/iter_log.jsonl,proposer,kl_loss,0.0,,0.0,-0.8771929732225301,-0.8333333333333334,0.001,0.001,True,
946,stage1_understanding,understanding,/Users/ritesh.thawkar/Ritesh/self-evolving-uug/runs/final/E2_understanding_only/iter_log.jsonl,proposer,grpo_loss,0.8841146230697632,,0.0,-0.9000694821320434,-0.8550660170261359,0.001,0.001,True,
946,stage1_understanding,understanding,/Users/ritesh.thawkar/Ritesh/self-evolving-uug/runs/final/E2_understanding_only/iter_log.jsonl,proposer,kl_loss,0.0,,0.0,-0.9000694821320434,-0.8550660170261359,0.001,0.001,True,
947,stage1_understanding,understanding,/Users/ritesh.thawkar/Ritesh/self-evolving-uug/runs/final/E2_understanding_only/iter_log.jsonl,proposer,grpo_loss,0.6302083730697632,,0.0,-0.6428011981502916,-0.6106611446707889,0.001,0.001,True,
947,stage1_understanding,understanding,/Users/ritesh.thawkar/Ritesh/self-evolving-uug/runs/final/E2_understanding_only/iter_log.jsonl,proposer,kl_loss,0.0,,0.0,-0.6428011981502916,-0.6106611446707889,0.001,0.001,True,
948,stage1_understanding,understanding,/Users/ritesh.thawkar/Ritesh/self-evolving-uug/runs/final/E2_understanding_only/iter_log.jsonl,proposer,grpo_loss,0.8606771230697632,,0.0,-0.8771929732225301,-0.8333333333333334,0.001,0.001,True,
948,stage1_understanding,understanding,/Users/ritesh.thawkar/Ritesh/self-evolving-uug/runs/final/E2_understanding_only/iter_log.jsonl,proposer,kl_loss,0.0,,0.0,-0.8771929732225301,-0.8333333333333334,0.001,0.001,True,
949,stage1_understanding,understanding,/Users/ritesh.thawkar/Ritesh/self-evolving-uug/runs/final/E2_understanding_only/iter_log.jsonl,proposer,grpo_loss,-0.0026041667442768812,,0.0,0.0011882983819342756,0.00112888347472051,0.001,0.001,True,
949,stage1_understanding,understanding,/Users/ritesh.thawkar/Ritesh/self-evolving-uug/runs/final/E2_understanding_only/iter_log.jsonl,proposer,kl_loss,0.0,,0.0,0.0011882983819342756,0.00112888347472051,0.001,0.001,True,
950,stage1_understanding,understanding,/Users/ritesh.thawkar/Ritesh/self-evolving-uug/runs/final/E2_understanding_only/iter_log.jsonl,proposer,grpo_loss,-0.0048828125,,0.0,0.0048936177541035,0.004648936915334523,0.001,0.001,True,
950,stage1_understanding,understanding,/Users/ritesh.thawkar/Ritesh/self-evolving-uug/runs/final/E2_understanding_only/iter_log.jsonl,proposer,kl_loss,0.0,,0.0,0.0048936177541035,0.004648936915334523,0.001,0.001,True,
951,stage1_understanding,understanding,/Users/ritesh.thawkar/Ritesh/self-evolving-uug/runs/final/E2_understanding_only/iter_log.jsonl,proposer,grpo_loss,0.5794271230697632,,0.0,-0.5919009991858926,-0.5623059551456079,0.001,0.001,True,
951,stage1_understanding,understanding,/Users/ritesh.thawkar/Ritesh/self-evolving-uug/runs/final/E2_understanding_only/iter_log.jsonl,proposer,kl_loss,0.0,,0.0,-0.5919009991858926,-0.5623059551456079,0.001,0.001,True,
952,stage1_understanding,understanding,/Users/ritesh.thawkar/Ritesh/self-evolving-uug/runs/final/E2_understanding_only/iter_log.jsonl,proposer,grpo_loss,0.2584635615348816,,0.0,-0.2648292494215116,-0.4803042942959725,0.001,0.001,True,
952,stage1_understanding,understanding,/Users/ritesh.thawkar/Ritesh/self-evolving-uug/runs/final/E2_understanding_only/iter_log.jsonl,proposer,kl_loss,0.0,,0.0,-0.2648292494215116,-0.4803042942959725,0.001,0.001,True,
953,stage1_understanding,understanding,/Users/ritesh.thawkar/Ritesh/self-evolving-uug/runs/final/E2_understanding_only/iter_log.jsonl,proposer,grpo_loss,0.3873698115348816,,0.0,-0.3937184811818744,-0.3740325610599655,0.001,0.001,True,
953,stage1_understanding,understanding,/Users/ritesh.thawkar/Ritesh/self-evolving-uug/runs/final/E2_understanding_only/iter_log.jsonl,proposer,kl_loss,0.0,,0.0,-0.3937184811818744,-0.3740325610599655,0.001,0.001,True,
954,stage1_understanding,understanding,/Users/ritesh.thawkar/Ritesh/self-evolving-uug/runs/final/E2_understanding_only/iter_log.jsonl,proposer,grpo_loss,-0.7252604365348816,,0.0,0.7420767487910543,0.2499858505885348,0.001,0.001,True,
954,stage1_understanding,understanding,/Users/ritesh.thawkar/Ritesh/self-evolving-uug/runs/final/E2_understanding_only/iter_log.jsonl,proposer,kl_loss,0.0,,0.0,0.7420767487910543,0.2499858505885348,0.001,0.001,True,
955,stage1_understanding,understanding,/Users/ritesh.thawkar/Ritesh/self-evolving-uug/runs/final/E2_understanding_only/iter_log.jsonl,proposer,grpo_loss,-0.1643880307674408,,0.0,0.1693562055105591,0.05281243117618447,0.001,0.001,True,
955,stage1_understanding,understanding,/Users/ritesh.thawkar/Ritesh/self-evolving-uug/runs/final/E2_understanding_only/iter_log.jsonl,proposer,kl_loss,0.0,,0.0,0.1693562055105591,0.05281243117618447,0.001,0.001,True,
956,stage1_understanding,understanding,/Users/ritesh.thawkar/Ritesh/self-evolving-uug/runs/final/E2_understanding_only/iter_log.jsonl,proposer,grpo_loss,0.8619791865348816,,0.0,-0.8771929732225301,-0.8333333333333334,0.001,0.001,True,
956,stage1_understanding,understanding,/Users/ritesh.thawkar/Ritesh/self-evolving-uug/runs/final/E2_understanding_only/iter_log.jsonl,proposer,kl_loss,0.0,,0.0,-0.8771929732225301,-0.8333333333333334,0.001,0.001,True,
957,stage1_understanding,understanding,/Users/ritesh.thawkar/Ritesh/self-evolving-uug/runs/final/E2_understanding_only/iter_log.jsonl,proposer,grpo_loss,-0.8606771230697632,,0.0,0.8828060843974391,0.24052007382110843,0.001,0.001,True,
957,stage1_understanding,understanding,/Users/ritesh.thawkar/Ritesh/self-evolving-uug/runs/final/E2_understanding_only/iter_log.jsonl,proposer,kl_loss,0.0,,0.0,0.8828060843974391,0.24052007382110843,0.001,0.001,True,
958,stage1_understanding,understanding,/Users/ritesh.thawkar/Ritesh/self-evolving-uug/runs/final/E2_understanding_only/iter_log.jsonl,proposer,grpo_loss,0.8606771230697632,,0.0,-0.8771929732225301,-0.8333333333333334,0.001,0.001,True,
958,stage1_understanding,understanding,/Users/ritesh.thawkar/Ritesh/self-evolving-uug/runs/final/E2_understanding_only/iter_log.jsonl,proposer,kl_loss,0.0,,0.0,-0.8771929732225301,-0.8333333333333334,0.001,0.001,True,
959,stage1_understanding,understanding,/Users/ritesh.thawkar/Ritesh/self-evolving-uug/runs/final/E2_understanding_only/iter_log.jsonl,proposer,grpo_loss,0.859375,,0.0,-0.8771929732225301,-0.8333333333333334,0.001,0.001,True,
959,stage1_understanding,understanding,/Users/ritesh.thawkar/Ritesh/self-evolving-uug/runs/final/E2_understanding_only/iter_log.jsonl,proposer,kl_loss,0.0,,0.0,-0.8771929732225301,-0.8333333333333334,0.001,0.001,True,
960,stage1_understanding,understanding,/Users/ritesh.thawkar/Ritesh/self-evolving-uug/runs/final/E2_understanding_only/iter_log.jsonl,proposer,grpo_loss,0.9427083730697632,,0.0,-0.9625377140696599,-0.9476302315074223,0.001,0.001,True,
960,stage1_understanding,understanding,/Users/ritesh.thawkar/Ritesh/self-evolving-uug/runs/final/E2_understanding_only/iter_log.jsonl,proposer,kl_loss,0.0,,0.0,-0.9625377140696599,-0.9476302315074223,0.001,0.001,True,
961,stage1_understanding,understanding,/Users/ritesh.thawkar/Ritesh/self-evolving-uug/runs/final/E2_understanding_only/iter_log.jsonl,proposer,grpo_loss,0.8606771230697632,,0.0,-0.8771929732225301,-0.8333333333333334,0.001,0.001,True,
961,stage1_understanding,understanding,/Users/ritesh.thawkar/Ritesh/self-evolving-uug/runs/final/E2_understanding_only/iter_log.jsonl,proposer,kl_loss,0.0,,0.0,-0.8771929732225301,-0.8333333333333334,0.001,0.001,True,
962,stage1_understanding,understanding,/Users/ritesh.thawkar/Ritesh/self-evolving-uug/runs/final/E2_understanding_only/iter_log.jsonl,proposer,grpo_loss,-0.3860677182674408,,0.0,0.3955760728550502,0.06092432704783557,0.001,0.001,True,
962,stage1_understanding,understanding,/Users/ritesh.thawkar/Ritesh/self-evolving-uug/runs/final/E2_understanding_only/iter_log.jsonl,proposer,kl_loss,0.0,,0.0,0.3955760728550502,0.06092432704783557,0.001,0.001,True,
963,stage1_understanding,understanding,/Users/ritesh.thawkar/Ritesh/self-evolving-uug/runs/final/E2_understanding_only/iter_log.jsonl,proposer,grpo_loss,-0.3046875,,0.0,0.3092008501488872,0.06531653095088961,0.001,0.001,True,
963,stage1_understanding,understanding,/Users/ritesh.thawkar/Ritesh/self-evolving-uug/runs/final/E2_understanding_only/iter_log.jsonl,proposer,kl_loss,0.0,,0.0,0.3092008501488872,0.06531653095088961,0.001,0.001,True,
964,stage1_understanding,understanding,/Users/ritesh.thawkar/Ritesh/self-evolving-uug/runs/final/E2_understanding_only/iter_log.jsonl,proposer,grpo_loss,0.2927653193473816,,0.0,-0.30087269220125845,-0.28582906059992247,0.001,0.001,True,
964,stage1_understanding,understanding,/Users/ritesh.thawkar/Ritesh/self-evolving-uug/runs/final/E2_understanding_only/iter_log.jsonl,proposer,kl_loss,0.0,,0.0,-0.30087269220125845,-0.28582906059992247,0.001,0.001,True,
965,stage1_understanding,understanding,/Users/ritesh.thawkar/Ritesh/self-evolving-uug/runs/final/E2_understanding_only/iter_log.jsonl,proposer,grpo_loss,0.8567708730697632,,0.0,-0.8771929732225301,-0.8333333333333334,0.001,0.001,True,
965,stage1_understanding,understanding,/Users/ritesh.thawkar/Ritesh/self-evolving-uug/runs/final/E2_understanding_only/iter_log.jsonl,proposer,kl_loss,0.0,,0.0,-0.8771929732225301,-0.8333333333333334,0.001,0.001,True,
966,stage1_understanding,understanding,/Users/ritesh.thawkar/Ritesh/self-evolving-uug/runs/final/E2_understanding_only/iter_log.jsonl,proposer,grpo_loss,0.23828125,,0.0,-0.2453883382791592,-0.23311892381908464,0.001,0.001,True,
966,stage1_understanding,understanding,/Users/ritesh.thawkar/Ritesh/self-evolving-uug/runs/final/E2_understanding_only/iter_log.jsonl,proposer,kl_loss,0.0,,0.0,-0.2453883382791592,-0.23311892381908464,0.001,0.001,True,
967,stage1_understanding,understanding,/Users/ritesh.thawkar/Ritesh/self-evolving-uug/runs/final/E2_understanding_only/iter_log.jsonl,proposer,grpo_loss,0.0335286483168602,,0.0,-0.03365431558639546,-0.03197160014361881,0.001,0.001,True,
967,stage1_understanding,understanding,/Users/ritesh.thawkar/Ritesh/self-evolving-uug/runs/final/E2_understanding_only/iter_log.jsonl,proposer,kl_loss,0.0,,0.0,-0.03365431558639546,-0.03197160014361881,0.001,0.001,True,
968,stage1_understanding,understanding,/Users/ritesh.thawkar/Ritesh/self-evolving-uug/runs/final/E2_understanding_only/iter_log.jsonl,proposer,grpo_loss,0.7786458730697632,,0.0,-0.7939417642246309,-0.24588131858387416,0.001,0.001,True,
968,stage1_understanding,understanding,/Users/ritesh.thawkar/Ritesh/self-evolving-uug/runs/final/E2_understanding_only/iter_log.jsonl,proposer,kl_loss,0.0,,0.0,-0.7939417642246309,-0.24588131858387416,0.001,0.001,True,
969,stage1_understanding,understanding,/Users/ritesh.thawkar/Ritesh/self-evolving-uug/runs/final/E2_understanding_only/iter_log.jsonl,proposer,grpo_loss,0.3587239682674408,,0.0,-0.3628875535454061,-0.3447431794970113,0.001,0.001,True,
969,stage1_understanding,understanding,/Users/ritesh.thawkar/Ritesh/self-evolving-uug/runs/final/E2_understanding_only/iter_log.jsonl,proposer,kl_loss,0.0,,0.0,-0.3628875535454061,-0.3447431794970113,0.001,0.001,True,
970,stage1_understanding,understanding,/Users/ritesh.thawkar/Ritesh/self-evolving-uug/runs/final/E2_understanding_only/iter_log.jsonl,proposer,grpo_loss,0.8567708730697632,,0.0,-0.8771929732225301,-0.8333333333333334,0.001,0.001,True,
970,stage1_understanding,understanding,/Users/ritesh.thawkar/Ritesh/self-evolving-uug/runs/final/E2_understanding_only/iter_log.jsonl,proposer,kl_loss,0.0,,0.0,-0.8771929732225301,-0.8333333333333334,0.001,0.001,True,
971,stage1_understanding,understanding,/Users/ritesh.thawkar/Ritesh/self-evolving-uug/runs/final/E2_understanding_only/iter_log.jsonl,proposer,grpo_loss,0.6080729365348816,,0.0,-0.62510921937342,-0.5938537646558412,0.001,0.001,True,
971,stage1_understanding,understanding,/Users/ritesh.thawkar/Ritesh/self-evolving-uug/runs/final/E2_understanding_only/iter_log.jsonl,proposer,kl_loss,0.0,,0.0,-0.62510921937342,-0.5938537646558412,0.001,0.001,True,
972,stage1_understanding,understanding,/Users/ritesh.thawkar/Ritesh/self-evolving-uug/runs/final/E2_understanding_only/iter_log.jsonl,proposer,grpo_loss,0.8541666865348816,,0.0,-0.8771929732225301,-0.8333333333333334,0.001,0.001,True,
972,stage1_understanding,understanding,/Users/ritesh.thawkar/Ritesh/self-evolving-uug/runs/final/E2_understanding_only/iter_log.jsonl,proposer,kl_loss,0.0,,0.0,-0.8771929732225301,-0.8333333333333334,0.001,0.001,True,
973,stage1_understanding,understanding,/Users/ritesh.thawkar/Ritesh/self-evolving-uug/runs/final/E2_understanding_only/iter_log.jsonl,proposer,grpo_loss,0.8567708730697632,,0.0,-0.8771929732225301,-0.8333333333333334,0.001,0.001,True,
973,stage1_understanding,understanding,/Users/ritesh.thawkar/Ritesh/self-evolving-uug/runs/final/E2_understanding_only/iter_log.jsonl,proposer,kl_loss,0.0,,0.0,-0.8771929732225301,-0.8333333333333334,0.001,0.001,True,
974,stage1_understanding,understanding,/Users/ritesh.thawkar/Ritesh/self-evolving-uug/runs/final/E2_understanding_only/iter_log.jsonl,proposer,grpo_loss,0.06640625,,0.0,-0.06883648529022657,-0.010304610327035038,0.001,0.001,True,
974,stage1_understanding,understanding,/Users/ritesh.thawkar/Ritesh/self-evolving-uug/runs/final/E2_understanding_only/iter_log.jsonl,proposer,kl_loss,0.0,,0.0,-0.06883648529022657,-0.010304610327035038,0.001,0.001,True,
975,stage1_understanding,understanding,/Users/ritesh.thawkar/Ritesh/self-evolving-uug/runs/final/E2_understanding_only/iter_log.jsonl,proposer,grpo_loss,0.205078125,,0.0,-0.21194350648917268,-0.2013463332841491,0.001,0.001,True,
975,stage1_understanding,understanding,/Users/ritesh.thawkar/Ritesh/self-evolving-uug/runs/final/E2_understanding_only/iter_log.jsonl,proposer,kl_loss,0.0,,0.0,-0.21194350648917268,-0.2013463332841491,0.001,0.001,True,
976,stage1_understanding,understanding,/Users/ritesh.thawkar/Ritesh/self-evolving-uug/runs/final/E2_understanding_only/iter_log.jsonl,proposer,grpo_loss,0.27392578125,,0.0,-0.2804706762726996,-0.2664471452637714,0.001,0.001,True,
976,stage1_understanding,understanding,/Users/ritesh.thawkar/Ritesh/self-evolving-uug/runs/final/E2_understanding_only/iter_log.jsonl,proposer,kl_loss,0.0,,0.0,-0.2804706762726996,-0.2664471452637714,0.001,0.001,True,
977,stage1_understanding,understanding,/Users/ritesh.thawkar/Ritesh/self-evolving-uug/runs/final/E2_understanding_only/iter_log.jsonl,proposer,grpo_loss,0.6238607168197632,,0.0,-0.6439298875294737,-0.6117333995922989,0.001,0.001,True,
977,stage1_understanding,understanding,/Users/ritesh.thawkar/Ritesh/self-evolving-uug/runs/final/E2_understanding_only/iter_log.jsonl,proposer,kl_loss,0.0,,0.0,-0.6439298875294737,-0.6117333995922989,0.001,0.001,True,
978,stage1_understanding,understanding,/Users/ritesh.thawkar/Ritesh/self-evolving-uug/runs/final/E2_understanding_only/iter_log.jsonl,proposer,grpo_loss,0.6318359375,,0.0,-0.6394042140790075,-0.6074340097690992,0.001,0.001,True,
978,stage1_understanding,understanding,/Users/ritesh.thawkar/Ritesh/self-evolving-uug/runs/final/E2_understanding_only/iter_log.jsonl,proposer,kl_loss,0.0,,0.0,-0.6394042140790075,-0.6074340097690992,0.001,0.001,True,
979,stage1_understanding,understanding,/Users/ritesh.thawkar/Ritesh/self-evolving-uug/runs/final/E2_understanding_only/iter_log.jsonl,proposer,grpo_loss,-0.3717448115348816,,0.0,0.38342206897304026,0.34507986590995693,0.001,0.001,True,
979,stage1_understanding,understanding,/Users/ritesh.thawkar/Ritesh/self-evolving-uug/runs/final/E2_understanding_only/iter_log.jsonl,proposer,kl_loss,0.0,,0.0,0.38342206897304026,0.34507986590995693,0.001,0.001,True,
980,stage1_understanding,understanding,/Users/ritesh.thawkar/Ritesh/self-evolving-uug/runs/final/E2_understanding_only/iter_log.jsonl,proposer,grpo_loss,0.2884114682674408,,0.0,-0.2953713378789343,-0.280602773938701,0.001,0.001,True,
980,stage1_understanding,understanding,/Users/ritesh.thawkar/Ritesh/self-evolving-uug/runs/final/E2_understanding_only/iter_log.jsonl,proposer,kl_loss,0.0,,0.0,-0.2953713378789343,-0.280602773938701,0.001,0.001,True,
981,stage1_understanding,understanding,/Users/ritesh.thawkar/Ritesh/self-evolving-uug/runs/final/E2_understanding_only/iter_log.jsonl,proposer,grpo_loss,0.8606771230697632,,0.0,-0.8771929732225301,-0.8333333333333334,0.001,0.001,True,
981,stage1_understanding,understanding,/Users/ritesh.thawkar/Ritesh/self-evolving-uug/runs/final/E2_understanding_only/iter_log.jsonl,proposer,kl_loss,0.0,,0.0,-0.8771929732225301,-0.8333333333333334,0.001,0.001,True,
982,stage1_understanding,understanding,/Users/ritesh.thawkar/Ritesh/self-evolving-uug/runs/final/E2_understanding_only/iter_log.jsonl,proposer,grpo_loss,0.5177409052848816,,0.0,-0.5366707785414526,-0.5098372449810877,0.001,0.001,True,
982,stage1_understanding,understanding,/Users/ritesh.thawkar/Ritesh/self-evolving-uug/runs/final/E2_understanding_only/iter_log.jsonl,proposer,kl_loss,0.0,,0.0,-0.5366707785414526,-0.5098372449810877,0.001,0.001,True,
983,stage1_understanding,understanding,/Users/ritesh.thawkar/Ritesh/self-evolving-uug/runs/final/E2_understanding_only/iter_log.jsonl,proposer,grpo_loss,-0.2903645932674408,,0.0,0.29853246712167675,0.04322437379809276,0.001,0.001,True,
983,stage1_understanding,understanding,/Users/ritesh.thawkar/Ritesh/self-evolving-uug/runs/final/E2_understanding_only/iter_log.jsonl,proposer,kl_loss,0.0,,0.0,0.29853246712167675,0.04322437379809276,0.001,0.001,True,
984,stage1_understanding,understanding,/Users/ritesh.thawkar/Ritesh/self-evolving-uug/runs/final/E2_understanding_only/iter_log.jsonl,proposer,grpo_loss,-0.8151041865348816,,0.0,0.8382961824277416,0.049507926476268116,0.001,0.001,True,
984,stage1_understanding,understanding,/Users/ritesh.thawkar/Ritesh/self-evolving-uug/runs/final/E2_understanding_only/iter_log.jsonl,proposer,kl_loss,0.0,,0.0,0.8382961824277416,0.049507926476268116,0.001,0.001,True,
985,stage1_understanding,understanding,/Users/ritesh.thawkar/Ritesh/self-evolving-uug/runs/final/E2_understanding_only/iter_log.jsonl,proposer,grpo_loss,0.254638671875,,0.0,-0.26034285278842656,-0.24732571275243373,0.001,0.001,True,
985,stage1_understanding,understanding,/Users/ritesh.thawkar/Ritesh/self-evolving-uug/runs/final/E2_understanding_only/iter_log.jsonl,proposer,kl_loss,0.0,,0.0,-0.26034285278842656,-0.24732571275243373,0.001,0.001,True,
986,stage1_understanding,understanding,/Users/ritesh.thawkar/Ritesh/self-evolving-uug/runs/final/E2_understanding_only/iter_log.jsonl,proposer,grpo_loss,-0.7799479365348816,,0.0,0.8040858986430762,0.03419103281708532,0.001,0.001,True,
986,stage1_understanding,understanding,/Users/ritesh.thawkar/Ritesh/self-evolving-uug/runs/final/E2_understanding_only/iter_log.jsonl,proposer,kl_loss,0.0,,0.0,0.8040858986430762,0.03419103281708532,0.001,0.001,True,
987,stage1_understanding,understanding,/Users/ritesh.thawkar/Ritesh/self-evolving-uug/runs/final/E2_understanding_only/iter_log.jsonl,proposer,grpo_loss,0.607421875,,0.0,-0.6170499361031271,-0.58619744546847,0.001,0.001,True,
987,stage1_understanding,understanding,/Users/ritesh.thawkar/Ritesh/self-evolving-uug/runs/final/E2_understanding_only/iter_log.jsonl,proposer,kl_loss,0.0,,0.0,-0.6170499361031271,-0.58619744546847,0.001,0.001,True,
988,stage1_understanding,understanding,/Users/ritesh.thawkar/Ritesh/self-evolving-uug/runs/final/E2_understanding_only/iter_log.jsonl,proposer,grpo_loss,-0.7330729365348816,,0.0,0.7448976090617704,0.11361495530004917,0.001,0.001,True,
988,stage1_understanding,understanding,/Users/ritesh.thawkar/Ritesh/self-evolving-uug/runs/final/E2_understanding_only/iter_log.jsonl,proposer,kl_loss,0.0,,0.0,0.7448976090617704,0.11361495530004917,0.001,0.001,True,
989,stage1_understanding,understanding,/Users/ritesh.thawkar/Ritesh/self-evolving-uug/runs/final/E2_understanding_only/iter_log.jsonl,proposer,grpo_loss,0.25244140625,,0.0,-0.26110443229967545,-0.248049213295736,0.001,0.001,True,
989,stage1_understanding,understanding,/Users/ritesh.thawkar/Ritesh/self-evolving-uug/runs/final/E2_understanding_only/iter_log.jsonl,proposer,kl_loss,0.0,,0.0,-0.26110443229967545,-0.248049213295736,0.001,0.001,True,
990,stage1_understanding,understanding,/Users/ritesh.thawkar/Ritesh/self-evolving-uug/runs/final/E2_understanding_only/iter_log.jsonl,proposer,grpo_loss,0.8502604365348816,,0.0,-0.8771929732225301,-0.8333333333333334,0.001,0.001,True,
990,stage1_understanding,understanding,/Users/ritesh.thawkar/Ritesh/self-evolving-uug/runs/final/E2_understanding_only/iter_log.jsonl,proposer,kl_loss,0.0,,0.0,-0.8771929732225301,-0.8333333333333334,0.001,0.001,True,
991,stage1_understanding,understanding,/Users/ritesh.thawkar/Ritesh/self-evolving-uug/runs/final/E2_understanding_only/iter_log.jsonl,proposer,grpo_loss,0.6311849355697632,,0.0,-0.6413864947151305,-0.609317176393239,0.001,0.001,True,
991,stage1_understanding,understanding,/Users/ritesh.thawkar/Ritesh/self-evolving-uug/runs/final/E2_understanding_only/iter_log.jsonl,proposer,kl_loss,0.0,,0.0,-0.6413864947151305,-0.609317176393239,0.001,0.001,True,
992,stage1_understanding,understanding,/Users/ritesh.thawkar/Ritesh/self-evolving-uug/runs/final/E2_understanding_only/iter_log.jsonl,proposer,grpo_loss,0.6839193105697632,,0.0,-0.7071900528882459,-0.6718305573157339,0.001,0.001,True,
992,stage1_understanding,understanding,/Users/ritesh.thawkar/Ritesh/self-evolving-uug/runs/final/E2_understanding_only/iter_log.jsonl,proposer,kl_loss,0.0,,0.0,-0.7071900528882459,-0.6718305573157339,0.001,0.001,True,
993,stage1_understanding,understanding,/Users/ritesh.thawkar/Ritesh/self-evolving-uug/runs/final/E2_understanding_only/iter_log.jsonl,proposer,grpo_loss,0.6373698115348816,,0.0,-0.6461897260525892,-0.613880246211857,0.001,0.001,True,
993,stage1_understanding,understanding,/Users/ritesh.thawkar/Ritesh/self-evolving-uug/runs/final/E2_understanding_only/iter_log.jsonl,proposer,kl_loss,0.0,,0.0,-0.6461897260525892,-0.613880246211857,0.001,0.001,True,
994,stage1_understanding,understanding,/Users/ritesh.thawkar/Ritesh/self-evolving-uug/runs/final/E2_understanding_only/iter_log.jsonl,proposer,grpo_loss,0.6170247793197632,,0.0,-0.6380811601216895,-0.6061771084964166,0.001,0.001,True,
994,stage1_understanding,understanding,/Users/ritesh.thawkar/Ritesh/self-evolving-uug/runs/final/E2_understanding_only/iter_log.jsonl,proposer,kl_loss,0.0,,0.0,-0.6380811601216895,-0.6061771084964166,0.001,0.001,True,
995,stage1_understanding,understanding,/Users/ritesh.thawkar/Ritesh/self-evolving-uug/runs/final/E2_understanding_only/iter_log.jsonl,proposer,grpo_loss,0.5940755605697632,,0.0,-0.6136088249923008,-0.582928389878774,0.001,0.001,True,
995,stage1_understanding,understanding,/Users/ritesh.thawkar/Ritesh/self-evolving-uug/runs/final/E2_understanding_only/iter_log.jsonl,proposer,kl_loss,0.0,,0.0,-0.6136088249923008,-0.582928389878774,0.001,0.001,True,
996,stage1_understanding,understanding,/Users/ritesh.thawkar/Ritesh/self-evolving-uug/runs/final/E2_understanding_only/iter_log.jsonl,proposer,grpo_loss,0.3376058042049408,,0.0,-0.34435221718050396,-0.05754158880171204,0.001,0.001,True,
996,stage1_understanding,understanding,/Users/ritesh.thawkar/Ritesh/self-evolving-uug/runs/final/E2_understanding_only/iter_log.jsonl,proposer,kl_loss,0.0,,0.0,-0.34435221718050396,-0.05754158880171204,0.001,0.001,True,
997,stage1_understanding,understanding,/Users/ritesh.thawkar/Ritesh/self-evolving-uug/runs/final/E2_understanding_only/iter_log.jsonl,proposer,grpo_loss,0.85546875,,0.0,-0.8771929732225301,-0.8333333333333334,0.001,0.001,True,
997,stage1_understanding,understanding,/Users/ritesh.thawkar/Ritesh/self-evolving-uug/runs/final/E2_understanding_only/iter_log.jsonl,proposer,kl_loss,0.0,,0.0,-0.8771929732225301,-0.8333333333333334,0.001,0.001,True,
998,stage1_understanding,understanding,/Users/ritesh.thawkar/Ritesh/self-evolving-uug/runs/final/E2_understanding_only/iter_log.jsonl,proposer,grpo_loss,0.82421875,,0.0,-0.8373389098514016,-0.7954719727322205,0.001,0.001,True,
998,stage1_understanding,understanding,/Users/ritesh.thawkar/Ritesh/self-evolving-uug/runs/final/E2_understanding_only/iter_log.jsonl,proposer,kl_loss,0.0,,0.0,-0.8373389098514016,-0.7954719727322205,0.001,0.001,True,
999,stage1_understanding,understanding,/Users/ritesh.thawkar/Ritesh/self-evolving-uug/runs/final/E2_understanding_only/iter_log.jsonl,proposer,grpo_loss,0.4772135615348816,,0.0,-0.4947082353199231,-0.46997282850100924,0.001,0.001,True,
999,stage1_understanding,understanding,/Users/ritesh.thawkar/Ritesh/self-evolving-uug/runs/final/E2_understanding_only/iter_log.jsonl,proposer,kl_loss,0.0,,0.0,-0.4947082353199231,-0.46997282850100924,0.001,0.001,True,
1000,stage1_understanding,understanding,/Users/ritesh.thawkar/Ritesh/self-evolving-uug/runs/final/E2_understanding_only/iter_log.jsonl,proposer,grpo_loss,0.1875,,0.0,-0.19229431306449762,-0.18267959933421585,0.001,0.001,True,
1000,stage1_understanding,understanding,/Users/ritesh.thawkar/Ritesh/self-evolving-uug/runs/final/E2_understanding_only/iter_log.jsonl,proposer,kl_loss,0.0,,0.0,-0.19229431306449762,-0.18267959933421585,0.001,0.001,True,
1001,stage1_understanding,understanding,/Users/ritesh.thawkar/Ritesh/self-evolving-uug/runs/final/E2_understanding_only/iter_log.jsonl,proposer,grpo_loss,-0.5908203125,,0.0,0.6015789061140634,0.08392070945414061,0.001,0.001,True,
1001,stage1_understanding,understanding,/Users/ritesh.thawkar/Ritesh/self-evolving-uug/runs/final/E2_understanding_only/iter_log.jsonl,proposer,kl_loss,0.0,,0.0,0.6015789061140634,0.08392070945414061,0.001,0.001,True,
1002,stage1_understanding,understanding,/Users/ritesh.thawkar/Ritesh/self-evolving-uug/runs/final/E2_understanding_only/iter_log.jsonl,proposer,grpo_loss,0.2567545771598816,,0.0,-0.2632465287052364,-0.03696556404677546,0.001,0.001,True,
1002,stage1_understanding,understanding,/Users/ritesh.thawkar/Ritesh/self-evolving-uug/runs/final/E2_understanding_only/iter_log.jsonl,proposer,kl_loss,0.0,,0.0,-0.2632465287052364,-0.03696556404677546,0.001,0.001,True,
1003,stage1_understanding,understanding,/Users/ritesh.thawkar/Ritesh/self-evolving-uug/runs/final/E2_understanding_only/iter_log.jsonl,proposer,grpo_loss,-0.6139323115348816,,0.0,0.6261270842476234,0.1352557279929044,0.001,0.001,True,
1003,stage1_understanding,understanding,/Users/ritesh.thawkar/Ritesh/self-evolving-uug/runs/final/E2_understanding_only/iter_log.jsonl,proposer,kl_loss,0.0,,0.0,0.6261270842476234,0.1352557279929044,0.001,0.001,True,
1004,stage1_understanding,understanding,/Users/ritesh.thawkar/Ritesh/self-evolving-uug/runs/final/E2_understanding_only/iter_log.jsonl,proposer,grpo_loss,0.8619791865348816,,0.0,-0.8771929732225301,-0.8333333333333334,0.001,0.001,True,
1004,stage1_understanding,understanding,/Users/ritesh.thawkar/Ritesh/self-evolving-uug/runs/final/E2_understanding_only/iter_log.jsonl,proposer,kl_loss,0.0,,0.0,-0.8771929732225301,-0.8333333333333334,0.001,0.001,True,
1005,stage1_understanding,understanding,/Users/ritesh.thawkar/Ritesh/self-evolving-uug/runs/final/E2_understanding_only/iter_log.jsonl,proposer,grpo_loss,0.5865885615348816,,0.0,-0.6023227763162354,-0.5722066435236515,0.001,0.001,True,
1005,stage1_understanding,understanding,/Users/ritesh.thawkar/Ritesh/self-evolving-uug/runs/final/E2_understanding_only/iter_log.jsonl,proposer,kl_loss,0.0,,0.0,-0.6023227763162354,-0.5722066435236515,0.001,0.001,True,
1006,stage1_understanding,understanding,/Users/ritesh.thawkar/Ritesh/self-evolving-uug/runs/final/E2_understanding_only/iter_log.jsonl,proposer,grpo_loss,0.859375,,0.0,-0.8771929732225301,-0.8333333333333334,0.001,0.001,True,
1006,stage1_understanding,understanding,/Users/ritesh.thawkar/Ritesh/self-evolving-uug/runs/final/E2_understanding_only/iter_log.jsonl,proposer,kl_loss,0.0,,0.0,-0.8771929732225301,-0.8333333333333334,0.001,0.001,True,
1007,stage1_understanding,understanding,/Users/ritesh.thawkar/Ritesh/self-evolving-uug/runs/final/E2_understanding_only/iter_log.jsonl,proposer,grpo_loss,0.8580729365348816,,0.0,-0.8771929732225301,-0.8333333333333334,0.001,0.001,True,
1007,stage1_understanding,understanding,/Users/ritesh.thawkar/Ritesh/self-evolving-uug/runs/final/E2_understanding_only/iter_log.jsonl,proposer,kl_loss,0.0,,0.0,-0.8771929732225301,-0.8333333333333334,0.001,0.001,True,
1008,stage1_understanding,understanding,/Users/ritesh.thawkar/Ritesh/self-evolving-uug/runs/final/E2_understanding_only/iter_log.jsonl,proposer,grpo_loss,0.859375,,0.0,-0.8771929732225301,-0.8333333333333334,0.001,0.001,True,
1008,stage1_understanding,understanding,/Users/ritesh.thawkar/Ritesh/self-evolving-uug/runs/final/E2_understanding_only/iter_log.jsonl,proposer,kl_loss,0.0,,0.0,-0.8771929732225301,-0.8333333333333334,0.001,0.001,True,
1009,stage1_understanding,understanding,/Users/ritesh.thawkar/Ritesh/self-evolving-uug/runs/final/E2_understanding_only/iter_log.jsonl,proposer,grpo_loss,0.560546875,,0.0,-0.5761674454018225,-0.5473590788934058,0.001,0.001,True,
1009,stage1_understanding,understanding,/Users/ritesh.thawkar/Ritesh/self-evolving-uug/runs/final/E2_understanding_only/iter_log.jsonl,proposer,kl_loss,0.0,,0.0,-0.5761674454018225,-0.5473590788934058,0.001,0.001,True,
1010,stage1_understanding,understanding,/Users/ritesh.thawkar/Ritesh/self-evolving-uug/runs/final/E2_understanding_only/iter_log.jsonl,proposer,grpo_loss,0.7333984375,,0.0,-0.7466882351427007,-0.709353830852448,0.001,0.001,True,
1010,stage1_understanding,understanding,/Users/ritesh.thawkar/Ritesh/self-evolving-uug/runs/final/E2_understanding_only/iter_log.jsonl,proposer,kl_loss,0.0,,0.0,-0.7466882351427007,-0.709353830852448,0.001,0.001,True,
1011,stage1_understanding,understanding,/Users/ritesh.thawkar/Ritesh/self-evolving-uug/runs/final/E2_understanding_only/iter_log.jsonl,proposer,grpo_loss,0.5452474355697632,,0.0,-0.5561782430512202,-0.06638896718102098,0.001,0.001,True,
1011,stage1_understanding,understanding,/Users/ritesh.thawkar/Ritesh/self-evolving-uug/runs/final/E2_understanding_only/iter_log.jsonl,proposer,kl_loss,0.0,,0.0,-0.5561782430512202,-0.06638896718102098,0.001,0.001,True,
1012,stage1_understanding,understanding,/Users/ritesh.thawkar/Ritesh/self-evolving-uug/runs/final/E2_understanding_only/iter_log.jsonl,proposer,grpo_loss,-0.5276693105697632,,0.0,0.5400308521423843,0.17383512159411904,0.001,0.001,True,
1012,stage1_understanding,understanding,/Users/ritesh.thawkar/Ritesh/self-evolving-uug/runs/final/E2_understanding_only/iter_log.jsonl,proposer,kl_loss,0.0,,0.0,0.5400308521423843,0.17383512159411904,0.001,0.001,True,
1013,stage1_understanding,understanding,/Users/ritesh.thawkar/Ritesh/self-evolving-uug/runs/final/E2_understanding_only/iter_log.jsonl,proposer,grpo_loss,0.5218099355697632,,0.0,-0.5374395752398047,-0.5105676018522102,0.001,0.001,True,
1013,stage1_understanding,understanding,/Users/ritesh.thawkar/Ritesh/self-evolving-uug/runs/final/E2_understanding_only/iter_log.jsonl,proposer,kl_loss,0.0,,0.0,-0.5374395752398047,-0.5105676018522102,0.001,0.001,True,
1014,stage1_understanding,understanding,/Users/ritesh.thawkar/Ritesh/self-evolving-uug/runs/final/E2_understanding_only/iter_log.jsonl,proposer,grpo_loss,-0.7682291865348816,,0.0,0.7801450174080548,0.26710909743261263,0.001,0.001,True,
1014,stage1_understanding,understanding,/Users/ritesh.thawkar/Ritesh/self-evolving-uug/runs/final/E2_understanding_only/iter_log.jsonl,proposer,kl_loss,0.0,,0.0,0.7801450174080548,0.26710909743261263,0.001,0.001,True,
1015,stage1_understanding,understanding,/Users/ritesh.thawkar/Ritesh/self-evolving-uug/runs/final/E2_understanding_only/iter_log.jsonl,proposer,grpo_loss,-0.4973958432674408,,0.0,0.5052287854388499,0.16618916199433723,0.001,0.001,True,
1015,stage1_understanding,understanding,/Users/ritesh.thawkar/Ritesh/self-evolving-uug/runs/final/E2_understanding_only/iter_log.jsonl,proposer,kl_loss,0.0,,0.0,0.5052287854388499,0.16618916199433723,0.001,0.001,True,
1016,stage1_understanding,understanding,/Users/ritesh.thawkar/Ritesh/self-evolving-uug/runs/final/E2_understanding_only/iter_log.jsonl,proposer,grpo_loss,0.85546875,,0.0,-0.8771929732225301,-0.8333333333333334,0.001,0.001,True,
1016,stage1_understanding,understanding,/Users/ritesh.thawkar/Ritesh/self-evolving-uug/runs/final/E2_understanding_only/iter_log.jsonl,proposer,kl_loss,0.0,,0.0,-0.8771929732225301,-0.8333333333333334,0.001,0.001,True,
1017,stage1_understanding,understanding,/Users/ritesh.thawkar/Ritesh/self-evolving-uug/runs/final/E2_understanding_only/iter_log.jsonl,proposer,grpo_loss,-0.365234375,,0.0,0.3710887123119193,0.1228032072944147,0.001,0.001,True,
1017,stage1_understanding,understanding,/Users/ritesh.thawkar/Ritesh/self-evolving-uug/runs/final/E2_understanding_only/iter_log.jsonl,proposer,kl_loss,0.0,,0.0,0.3710887123119193,0.1228032072944147,0.001,0.001,True,
1018,stage1_understanding,understanding,/Users/ritesh.thawkar/Ritesh/self-evolving-uug/runs/final/E2_understanding_only/iter_log.jsonl,proposer,grpo_loss,0.142578125,,0.0,-0.1473888686376188,-0.10445444705805758,0.001,0.001,True,
1018,stage1_understanding,understanding,/Users/ritesh.thawkar/Ritesh/self-evolving-uug/runs/final/E2_understanding_only/iter_log.jsonl,proposer,kl_loss,0.0,,0.0,-0.1473888686376188,-0.10445444705805758,0.001,0.001,True,
1019,stage1_understanding,understanding,/Users/ritesh.thawkar/Ritesh/self-evolving-uug/runs/final/E2_understanding_only/iter_log.jsonl,proposer,grpo_loss,0.5638021230697632,,0.0,-0.5793958025645455,-0.5504260182302763,0.001,0.001,True,
1019,stage1_understanding,understanding,/Users/ritesh.thawkar/Ritesh/self-evolving-uug/runs/final/E2_understanding_only/iter_log.jsonl,proposer,kl_loss,0.0,,0.0,-0.5793958025645455,-0.5504260182302763,0.001,0.001,True,
1020,stage1_understanding,understanding,/Users/ritesh.thawkar/Ritesh/self-evolving-uug/runs/final/E2_understanding_only/iter_log.jsonl,proposer,grpo_loss,-0.33984375,,0.0,0.35089238186532573,0.10613787933101655,0.001,0.001,True,
1020,stage1_understanding,understanding,/Users/ritesh.thawkar/Ritesh/self-evolving-uug/runs/final/E2_understanding_only/iter_log.jsonl,proposer,kl_loss,0.0,,0.0,0.35089238186532573,0.10613787933101655,0.001,0.001,True,
1021,stage1_understanding,understanding,/Users/ritesh.thawkar/Ritesh/self-evolving-uug/runs/final/E2_understanding_only/iter_log.jsonl,proposer,grpo_loss,-0.76171875,,0.0,0.7775170285924924,0.235089459976632,0.001,0.001,True,
1021,stage1_understanding,understanding,/Users/ritesh.thawkar/Ritesh/self-evolving-uug/runs/final/E2_understanding_only/iter_log.jsonl,proposer,kl_loss,0.0,,0.0,0.7775170285924924,0.235089459976632,0.001,0.001,True,
1022,stage1_understanding,understanding,/Users/ritesh.thawkar/Ritesh/self-evolving-uug/runs/final/E2_understanding_only/iter_log.jsonl,proposer,grpo_loss,-0.3411458432674408,,0.0,0.35032201715188105,0.0750145345029684,0.001,0.001,True,
1022,stage1_understanding,understanding,/Users/ritesh.thawkar/Ritesh/self-evolving-uug/runs/final/E2_understanding_only/iter_log.jsonl,proposer,kl_loss,0.0,,0.0,0.35032201715188105,0.0750145345029684,0.001,0.001,True,
1023,stage1_understanding,understanding,/Users/ritesh.thawkar/Ritesh/self-evolving-uug/runs/final/E2_understanding_only/iter_log.jsonl,proposer,grpo_loss,0.8489583730697632,,0.0,-0.8771929732225301,-0.8333333333333334,0.001,0.001,True,
1023,stage1_understanding,understanding,/Users/ritesh.thawkar/Ritesh/self-evolving-uug/runs/final/E2_understanding_only/iter_log.jsonl,proposer,kl_loss,0.0,,0.0,-0.8771929732225301,-0.8333333333333334,0.001,0.001,True,
1024,stage1_understanding,understanding,/Users/ritesh.thawkar/Ritesh/self-evolving-uug/runs/final/E2_understanding_only/iter_log.jsonl,proposer,grpo_loss,0.1341145932674408,,0.0,-0.13560351706647347,-0.12882334256918496,0.001,0.001,True,
1024,stage1_understanding,understanding,/Users/ritesh.thawkar/Ritesh/self-evolving-uug/runs/final/E2_understanding_only/iter_log.jsonl,proposer,kl_loss,0.0,,0.0,-0.13560351706647347,-0.12882334256918496,0.001,0.001,True,
1025,stage1_understanding,understanding,/Users/ritesh.thawkar/Ritesh/self-evolving-uug/runs/final/E2_understanding_only/iter_log.jsonl,proposer,grpo_loss,-0.7955729365348816,,0.0,0.8169281884330224,0.2828959517747041,0.001,0.001,True,
1025,stage1_understanding,understanding,/Users/ritesh.thawkar/Ritesh/self-evolving-uug/runs/final/E2_understanding_only/iter_log.jsonl,proposer,kl_loss,0.0,,0.0,0.8169281884330224,0.2828959517747041,0.001,0.001,True,
1026,stage1_understanding,understanding,/Users/ritesh.thawkar/Ritesh/self-evolving-uug/runs/final/E2_understanding_only/iter_log.jsonl,proposer,grpo_loss,0.5403646230697632,,0.0,-0.5572979375179762,-0.5294330462150567,0.001,0.001,True,
1026,stage1_understanding,understanding,/Users/ritesh.thawkar/Ritesh/self-evolving-uug/runs/final/E2_understanding_only/iter_log.jsonl,proposer,kl_loss,0.0,,0.0,-0.5572979375179762,-0.5294330462150567,0.001,0.001,True,
1027,stage1_understanding,understanding,/Users/ritesh.thawkar/Ritesh/self-evolving-uug/runs/final/E2_understanding_only/iter_log.jsonl,proposer,grpo_loss,-0.3544921875,,0.0,0.36585555697856065,0.08251129060297184,0.001,0.001,True,
1027,stage1_understanding,understanding,/Users/ritesh.thawkar/Ritesh/self-evolving-uug/runs/final/E2_understanding_only/iter_log.jsonl,proposer,kl_loss,0.0,,0.0,0.36585555697856065,0.08251129060297184,0.001,0.001,True,
1028,stage1_understanding,understanding,/Users/ritesh.thawkar/Ritesh/self-evolving-uug/runs/final/E2_understanding_only/iter_log.jsonl,proposer,grpo_loss,0.552734375,,0.0,-0.5727766876899106,-0.544137859033182,0.001,0.001,True,
1028,stage1_understanding,understanding,/Users/ritesh.thawkar/Ritesh/self-evolving-uug/runs/final/E2_understanding_only/iter_log.jsonl,proposer,kl_loss,0.0,,0.0,-0.5727766876899106,-0.544137859033182,0.001,0.001,True,
1029,stage1_understanding,understanding,/Users/ritesh.thawkar/Ritesh/self-evolving-uug/runs/final/E2_understanding_only/iter_log.jsonl,proposer,grpo_loss,0.8541666865348816,,0.0,-0.8771929732225301,-0.8333333333333334,0.001,0.001,True,
1029,stage1_understanding,understanding,/Users/ritesh.thawkar/Ritesh/self-evolving-uug/runs/final/E2_understanding_only/iter_log.jsonl,proposer,kl_loss,0.0,,0.0,-0.8771929732225301,-0.8333333333333334,0.001,0.001,True,
1030,stage1_understanding,understanding,/Users/ritesh.thawkar/Ritesh/self-evolving-uug/runs/final/E2_understanding_only/iter_log.jsonl,proposer,grpo_loss,0.8528646230697632,,0.0,-0.8771929732225301,-0.8333333333333334,0.001,0.001,True,
1030,stage1_understanding,understanding,/Users/ritesh.thawkar/Ritesh/self-evolving-uug/runs/final/E2_understanding_only/iter_log.jsonl,proposer,kl_loss,0.0,,0.0,-0.8771929732225301,-0.8333333333333334,0.001,0.001,True,
1031,stage1_understanding,understanding,/Users/ritesh.thawkar/Ritesh/self-evolving-uug/runs/final/E2_understanding_only/iter_log.jsonl,proposer,grpo_loss,0.8567708730697632,,0.0,-0.8771929732225301,-0.8333333333333334,0.001,0.001,True,
1031,stage1_understanding,understanding,/Users/ritesh.thawkar/Ritesh/self-evolving-uug/runs/final/E2_understanding_only/iter_log.jsonl,proposer,kl_loss,0.0,,0.0,-0.8771929732225301,-0.8333333333333334,0.001,0.001,True,
1032,stage1_understanding,understanding,/Users/ritesh.thawkar/Ritesh/self-evolving-uug/runs/final/E2_understanding_only/iter_log.jsonl,proposer,grpo_loss,0.9466146230697632,,0.0,-0.9700711221542235,-0.9215675757472234,0.001,0.001,True,
1032,stage1_understanding,understanding,/Users/ritesh.thawkar/Ritesh/self-evolving-uug/runs/final/E2_understanding_only/iter_log.jsonl,proposer,kl_loss,0.0,,0.0,-0.9700711221542235,-0.9215675757472234,0.001,0.001,True,
1033,stage1_understanding,understanding,/Users/ritesh.thawkar/Ritesh/self-evolving-uug/runs/final/E2_understanding_only/iter_log.jsonl,proposer,grpo_loss,-0.7454427480697632,,0.0,0.7697163996983774,0.2760438977231821,0.001,0.001,True,
1033,stage1_understanding,understanding,/Users/ritesh.thawkar/Ritesh/self-evolving-uug/runs/final/E2_understanding_only/iter_log.jsonl,proposer,kl_loss,0.0,,0.0,0.7697163996983774,0.2760438977231821,0.001,0.001,True,
1034,stage1_understanding,understanding,/Users/ritesh.thawkar/Ritesh/self-evolving-uug/runs/final/E2_understanding_only/iter_log.jsonl,proposer,grpo_loss,0.5006510615348816,,0.0,-0.516527255153126,-0.49070089756074226,0.001,0.001,True,
1034,stage1_understanding,understanding,/Users/ritesh.thawkar/Ritesh/self-evolving-uug/runs/final/E2_understanding_only/iter_log.jsonl,proposer,kl_loss,0.0,,0.0,-0.516527255153126,-0.49070089756074226,0.001,0.001,True,
1035,stage1_understanding,understanding,/Users/ritesh.thawkar/Ritesh/self-evolving-uug/runs/final/E2_understanding_only/iter_log.jsonl,proposer,grpo_loss,0.8541666865348816,,0.0,-0.8771929732225301,-0.8333333333333334,0.001,0.001,True,
1035,stage1_understanding,understanding,/Users/ritesh.thawkar/Ritesh/self-evolving-uug/runs/final/E2_understanding_only/iter_log.jsonl,proposer,kl_loss,0.0,,0.0,-0.8771929732225301,-0.8333333333333334,0.001,0.001,True,
1036,stage1_understanding,understanding,/Users/ritesh.thawkar/Ritesh/self-evolving-uug/runs/final/E2_understanding_only/iter_log.jsonl,proposer,grpo_loss,0.55859375,,0.0,-0.5794193599508475,-0.5504483977474987,0.001,0.001,True,
1036,stage1_understanding,understanding,/Users/ritesh.thawkar/Ritesh/self-evolving-uug/runs/final/E2_understanding_only/iter_log.jsonl,proposer,kl_loss,0.0,,0.0,-0.5794193599508475,-0.5504483977474987,0.001,0.001,True,
1037,stage1_understanding,understanding,/Users/ritesh.thawkar/Ritesh/self-evolving-uug/runs/final/E2_understanding_only/iter_log.jsonl,proposer,grpo_loss,0.1246744841337204,,0.0,-0.12773750972246245,-0.12135063551371443,0.001,0.001,True,
1037,stage1_understanding,understanding,/Users/ritesh.thawkar/Ritesh/self-evolving-uug/runs/final/E2_understanding_only/iter_log.jsonl,proposer,kl_loss,0.0,,0.0,-0.12773750972246245,-0.12135063551371443,0.001,0.001,True,
1038,stage1_understanding,understanding,/Users/ritesh.thawkar/Ritesh/self-evolving-uug/runs/final/E2_understanding_only/iter_log.jsonl,proposer,grpo_loss,0.8567708730697632,,0.0,-0.8771929732225301,-0.8333333333333334,0.001,0.001,True,
1038,stage1_understanding,understanding,/Users/ritesh.thawkar/Ritesh/self-evolving-uug/runs/final/E2_understanding_only/iter_log.jsonl,proposer,kl_loss,0.0,,0.0,-0.8771929732225301,-0.8333333333333334,0.001,0.001,True,
1039,stage1_understanding,understanding,/Users/ritesh.thawkar/Ritesh/self-evolving-uug/runs/final/E2_understanding_only/iter_log.jsonl,proposer,grpo_loss,-0.8880208730697632,,0.0,0.9178961003343322,0.31243879618752896,0.001,0.001,True,
1039,stage1_understanding,understanding,/Users/ritesh.thawkar/Ritesh/self-evolving-uug/runs/final/E2_understanding_only/iter_log.jsonl,proposer,kl_loss,0.0,,0.0,0.9178961003343322,0.31243879618752896,0.001,0.001,True,
1040,stage1_understanding,understanding,/Users/ritesh.thawkar/Ritesh/self-evolving-uug/runs/final/E2_understanding_only/iter_log.jsonl,proposer,grpo_loss,0.5520833730697632,,0.0,-0.5651480924987358,-0.5368906935252798,0.001,0.001,True,
1040,stage1_understanding,understanding,/Users/ritesh.thawkar/Ritesh/self-evolving-uug/runs/final/E2_understanding_only/iter_log.jsonl,proposer,kl_loss,0.0,,0.0,-0.5651480924987358,-0.5368906935252798,0.001,0.001,True,
1041,stage1_understanding,understanding,/Users/ritesh.thawkar/Ritesh/self-evolving-uug/runs/final/E2_understanding_only/iter_log.jsonl,proposer,grpo_loss,0.5608724355697632,,0.0,-0.581745318813208,-0.5526580586900008,0.001,0.001,True,
1041,stage1_understanding,understanding,/Users/ritesh.thawkar/Ritesh/self-evolving-uug/runs/final/E2_understanding_only/iter_log.jsonl,proposer,kl_loss,0.0,,0.0,-0.581745318813208,-0.5526580586900008,0.001,0.001,True,
1042,stage1_understanding,understanding,/Users/ritesh.thawkar/Ritesh/self-evolving-uug/runs/final/E2_understanding_only/iter_log.jsonl,proposer,grpo_loss,0.5950521230697632,,0.0,-0.6118212563465438,-0.5812301996474292,0.001,0.001,True,
1042,stage1_understanding,understanding,/Users/ritesh.thawkar/Ritesh/self-evolving-uug/runs/final/E2_understanding_only/iter_log.jsonl,proposer,kl_loss,0.0,,0.0,-0.6118212563465438,-0.5812301996474292,0.001,0.001,True,
1043,stage1_understanding,understanding,/Users/ritesh.thawkar/Ritesh/self-evolving-uug/runs/final/E2_understanding_only/iter_log.jsonl,proposer,grpo_loss,0.8463541865348816,,0.0,-0.8771929732225301,-0.8333333333333334,0.001,0.001,True,
1043,stage1_understanding,understanding,/Users/ritesh.thawkar/Ritesh/self-evolving-uug/runs/final/E2_understanding_only/iter_log.jsonl,proposer,kl_loss,0.0,,0.0,-0.8771929732225301,-0.8333333333333334,0.001,0.001,True,
1044,stage1_understanding,understanding,/Users/ritesh.thawkar/Ritesh/self-evolving-uug/runs/final/E2_understanding_only/iter_log.jsonl,proposer,grpo_loss,0.4114583432674408,,0.0,-0.4285940406207411,-0.1171648856602987,0.001,0.001,True,
1044,stage1_understanding,understanding,/Users/ritesh.thawkar/Ritesh/self-evolving-uug/runs/final/E2_understanding_only/iter_log.jsonl,proposer,kl_loss,0.0,,0.0,-0.4285940406207411,-0.1171648856602987,0.001,0.001,True,
1045,stage1_understanding,understanding,/Users/ritesh.thawkar/Ritesh/self-evolving-uug/runs/final/E2_understanding_only/iter_log.jsonl,proposer,grpo_loss,0.8489583730697632,,0.0,-0.8771929732225301,-0.8333333333333334,0.001,0.001,True,
1045,stage1_understanding,understanding,/Users/ritesh.thawkar/Ritesh/self-evolving-uug/runs/final/E2_understanding_only/iter_log.jsonl,proposer,kl_loss,0.0,,0.0,-0.8771929732225301,-0.8333333333333334,0.001,0.001,True,
1046,stage1_understanding,understanding,/Users/ritesh.thawkar/Ritesh/self-evolving-uug/runs/final/E2_understanding_only/iter_log.jsonl,proposer,grpo_loss,0.9375,,0.0,-0.9594755395403184,-0.8653631974953705,0.001,0.001,True,
1046,stage1_understanding,understanding,/Users/ritesh.thawkar/Ritesh/self-evolving-uug/runs/final/E2_understanding_only/iter_log.jsonl,proposer,kl_loss,0.0,,0.0,-0.9594755395403184,-0.8653631974953705,0.001,0.001,True,
1047,stage1_understanding,understanding,/Users/ritesh.thawkar/Ritesh/self-evolving-uug/runs/final/E2_understanding_only/iter_log.jsonl,proposer,grpo_loss,-0.01302083395421505,,0.0,0.01636784003360266,0.003688405723493604,0.001,0.001,True,
1047,stage1_understanding,understanding,/Users/ritesh.thawkar/Ritesh/self-evolving-uug/runs/final/E2_understanding_only/iter_log.jsonl,proposer,kl_loss,0.0,,0.0,0.01636784003360266,0.003688405723493604,0.001,0.001,True,
1048,stage1_understanding,understanding,/Users/ritesh.thawkar/Ritesh/self-evolving-uug/runs/final/E2_understanding_only/iter_log.jsonl,proposer,grpo_loss,0.6383056640625,,0.0,-0.6656042110139625,-0.6323240071193065,0.001,0.001,True,
1048,stage1_understanding,understanding,/Users/ritesh.thawkar/Ritesh/self-evolving-uug/runs/final/E2_understanding_only/iter_log.jsonl,proposer,kl_loss,0.0,,0.0,-0.6656042110139625,-0.6323240071193065,0.001,0.001,True,
1049,stage1_understanding,understanding,/Users/ritesh.thawkar/Ritesh/self-evolving-uug/runs/final/E2_understanding_only/iter_log.jsonl,proposer,grpo_loss,0.5660807490348816,,0.0,-0.5858967902020314,-0.5566019565508977,0.001,0.001,True,
1049,stage1_understanding,understanding,/Users/ritesh.thawkar/Ritesh/self-evolving-uug/runs/final/E2_understanding_only/iter_log.jsonl,proposer,kl_loss,0.0,,0.0,-0.5858967902020314,-0.5566019565508977,0.001,0.001,True,
1050,stage1_understanding,understanding,/Users/ritesh.thawkar/Ritesh/self-evolving-uug/runs/final/E2_understanding_only/iter_log.jsonl,proposer,grpo_loss,0.8411458730697632,,0.0,-0.8771929732225301,-0.8333333333333334,0.001,0.001,True,
1050,stage1_understanding,understanding,/Users/ritesh.thawkar/Ritesh/self-evolving-uug/runs/final/E2_understanding_only/iter_log.jsonl,proposer,kl_loss,0.0,,0.0,-0.8771929732225301,-0.8333333333333334,0.001,0.001,True,
1051,stage1_understanding,understanding,/Users/ritesh.thawkar/Ritesh/self-evolving-uug/runs/final/E2_understanding_only/iter_log.jsonl,proposer,grpo_loss,0.0403645858168602,,0.0,-0.041314184993054504,-0.011369553660244428,0.001,0.001,True,
1051,stage1_understanding,understanding,/Users/ritesh.thawkar/Ritesh/self-evolving-uug/runs/final/E2_understanding_only/iter_log.jsonl,proposer,kl_loss,0.0,,0.0,-0.041314184993054504,-0.011369553660244428,0.001,0.001,True,
1052,stage1_understanding,understanding,/Users/ritesh.thawkar/Ritesh/self-evolving-uug/runs/final/E2_understanding_only/iter_log.jsonl,proposer,grpo_loss,0.8515625,,0.0,-0.8771929732225301,-0.8333333333333334,0.001,0.001,True,
1052,stage1_understanding,understanding,/Users/ritesh.thawkar/Ritesh/self-evolving-uug/runs/final/E2_understanding_only/iter_log.jsonl,proposer,kl_loss,0.0,,0.0,-0.8771929732225301,-0.8333333333333334,0.001,0.001,True,
1053,stage1_understanding,understanding,/Users/ritesh.thawkar/Ritesh/self-evolving-uug/runs/final/E2_understanding_only/iter_log.jsonl,proposer,grpo_loss,0.84765625,,0.0,-0.8771929732225301,-0.8333333333333334,0.001,0.001,True,
1053,stage1_understanding,understanding,/Users/ritesh.thawkar/Ritesh/self-evolving-uug/runs/final/E2_understanding_only/iter_log.jsonl,proposer,kl_loss,0.0,,0.0,-0.8771929732225301,-0.8333333333333334,0.001,0.001,True,
1054,stage1_understanding,understanding,/Users/ritesh.thawkar/Ritesh/self-evolving-uug/runs/final/E2_understanding_only/iter_log.jsonl,proposer,grpo_loss,-0.8346354365348816,,0.0,0.8684300055750943,0.21581910563659,0.001,0.001,True,
1054,stage1_understanding,understanding,/Users/ritesh.thawkar/Ritesh/self-evolving-uug/runs/final/E2_understanding_only/iter_log.jsonl,proposer,kl_loss,0.0,,0.0,0.8684300055750943,0.21581910563659,0.001,0.001,True,
1055,stage1_understanding,understanding,/Users/ritesh.thawkar/Ritesh/self-evolving-uug/runs/final/E2_understanding_only/iter_log.jsonl,proposer,grpo_loss,0.8515625,,0.0,-0.8771929732225301,-0.8333333333333334,0.001,0.001,True,
1055,stage1_understanding,understanding,/Users/ritesh.thawkar/Ritesh/self-evolving-uug/runs/final/E2_understanding_only/iter_log.jsonl,proposer,kl_loss,0.0,,0.0,-0.8771929732225301,-0.8333333333333334,0.001,0.001,True,
1056,stage1_understanding,understanding,/Users/ritesh.thawkar/Ritesh/self-evolving-uug/runs/final/E2_understanding_only/iter_log.jsonl,proposer,grpo_loss,0.8658854365348816,,0.0,-0.8771929732225301,-0.8333333333333334,0.001,0.001,True,
1056,stage1_understanding,understanding,/Users/ritesh.thawkar/Ritesh/self-evolving-uug/runs/final/E2_understanding_only/iter_log.jsonl,proposer,kl_loss,0.0,,0.0,-0.8771929732225301,-0.8333333333333334,0.001,0.001,True,
1057,stage1_understanding,understanding,/Users/ritesh.thawkar/Ritesh/self-evolving-uug/runs/final/E2_understanding_only/iter_log.jsonl,proposer,grpo_loss,0.583984375,,0.0,-0.6002038981283753,-0.5701937092239954,0.001,0.001,True,
1057,stage1_understanding,understanding,/Users/ritesh.thawkar/Ritesh/self-evolving-uug/runs/final/E2_understanding_only/iter_log.jsonl,proposer,kl_loss,0.0,,0.0,-0.6002038981283753,-0.5701937092239954,0.001,0.001,True,
1058,stage1_understanding,understanding,/Users/ritesh.thawkar/Ritesh/self-evolving-uug/runs/final/E2_understanding_only/iter_log.jsonl,proposer,grpo_loss,0.02376302145421505,,0.0,-0.025979951990863653,-0.02468095465111997,0.001,0.001,True,
1058,stage1_understanding,understanding,/Users/ritesh.thawkar/Ritesh/self-evolving-uug/runs/final/E2_understanding_only/iter_log.jsonl,proposer,kl_loss,0.0,,0.0,-0.025979951990863653,-0.02468095465111997,0.001,0.001,True,
1059,stage1_understanding,understanding,/Users/ritesh.thawkar/Ritesh/self-evolving-uug/runs/final/E2_understanding_only/iter_log.jsonl,proposer,grpo_loss,0.3776041865348816,,0.0,-0.38910152262701186,-0.10502091471414217,0.001,0.001,True,
1059,stage1_understanding,understanding,/Users/ritesh.thawkar/Ritesh/self-evolving-uug/runs/final/E2_understanding_only/iter_log.jsonl,proposer,kl_loss,0.0,,0.0,-0.38910152262701186,-0.10502091471414217,0.001,0.001,True,
1060,stage1_understanding,understanding,/Users/ritesh.thawkar/Ritesh/self-evolving-uug/runs/final/E2_understanding_only/iter_log.jsonl,proposer,grpo_loss,0.8515625,,0.0,-0.8771929732225301,-0.8333333333333334,0.001,0.001,True,
1060,stage1_understanding,understanding,/Users/ritesh.thawkar/Ritesh/self-evolving-uug/runs/final/E2_understanding_only/iter_log.jsonl,proposer,kl_loss,0.0,,0.0,-0.8771929732225301,-0.8333333333333334,0.001,0.001,True,
1061,stage1_understanding,understanding,/Users/ritesh.thawkar/Ritesh/self-evolving-uug/runs/final/E2_understanding_only/iter_log.jsonl,proposer,grpo_loss,0.5810546875,,0.0,-0.5978332432069674,-0.5679415870249515,0.001,0.001,True,
1061,stage1_understanding,understanding,/Users/ritesh.thawkar/Ritesh/self-evolving-uug/runs/final/E2_understanding_only/iter_log.jsonl,proposer,kl_loss,0.0,,0.0,-0.5978332432069674,-0.5679415870249515,0.001,0.001,True,
1062,stage1_understanding,understanding,/Users/ritesh.thawkar/Ritesh/self-evolving-uug/runs/final/E2_understanding_only/iter_log.jsonl,proposer,grpo_loss,0.02083333395421505,,0.0,-0.021395221076760396,-0.004435871262295092,0.001,0.001,True,
1062,stage1_understanding,understanding,/Users/ritesh.thawkar/Ritesh/self-evolving-uug/runs/final/E2_understanding_only/iter_log.jsonl,proposer,kl_loss,0.0,,0.0,-0.021395221076760396,-0.004435871262295092,0.001,0.001,True,
1063,stage1_understanding,understanding,/Users/ritesh.thawkar/Ritesh/self-evolving-uug/runs/final/E2_understanding_only/iter_log.jsonl,proposer,grpo_loss,0.1263020932674408,,0.0,-0.12753088837096313,-0.026915059703646937,0.001,0.001,True,
1063,stage1_understanding,understanding,/Users/ritesh.thawkar/Ritesh/self-evolving-uug/runs/final/E2_understanding_only/iter_log.jsonl,proposer,kl_loss,0.0,,0.0,-0.12753088837096313,-0.026915059703646937,0.001,0.001,True,
1064,stage1_understanding,understanding,/Users/ritesh.thawkar/Ritesh/self-evolving-uug/runs/final/E2_understanding_only/iter_log.jsonl,proposer,grpo_loss,0.5748698115348816,,0.0,-0.5910422838423037,-0.5614901755606114,0.001,0.001,True,
1064,stage1_understanding,understanding,/Users/ritesh.thawkar/Ritesh/self-evolving-uug/runs/final/E2_understanding_only/iter_log.jsonl,proposer,kl_loss,0.0,,0.0,-0.5910422838423037,-0.5614901755606114,0.001,0.001,True,
1065,stage1_understanding,understanding,/Users/ritesh.thawkar/Ritesh/self-evolving-uug/runs/final/E2_understanding_only/iter_log.jsonl,proposer,grpo_loss,0.2183431088924408,,0.0,-0.22788403763691234,-0.14716728491482842,0.001,0.001,True,
1065,stage1_understanding,understanding,/Users/ritesh.thawkar/Ritesh/self-evolving-uug/runs/final/E2_understanding_only/iter_log.jsonl,proposer,kl_loss,0.0,,0.0,-0.22788403763691234,-0.14716728491482842,0.001,0.001,True,
1066,stage1_understanding,understanding,/Users/ritesh.thawkar/Ritesh/self-evolving-uug/runs/final/E2_understanding_only/iter_log.jsonl,proposer,grpo_loss,-0.8567708730697632,,0.0,0.8868262269707218,0.14763371277912965,0.001,0.001,True,
1066,stage1_understanding,understanding,/Users/ritesh.thawkar/Ritesh/self-evolving-uug/runs/final/E2_understanding_only/iter_log.jsonl,proposer,kl_loss,0.0,,0.0,0.8868262269707218,0.14763371277912965,0.001,0.001,True,
1067,stage1_understanding,understanding,/Users/ritesh.thawkar/Ritesh/self-evolving-uug/runs/final/E2_understanding_only/iter_log.jsonl,proposer,grpo_loss,0.6545206904411316,,0.0,-0.6635933057179041,-0.6304136470679419,0.001,0.001,True,
1067,stage1_understanding,understanding,/Users/ritesh.thawkar/Ritesh/self-evolving-uug/runs/final/E2_understanding_only/iter_log.jsonl,proposer,kl_loss,0.0,,0.0,-0.6635933057179041,-0.6304136470679419,0.001,0.001,True,
1068,stage1_understanding,understanding,/Users/ritesh.thawkar/Ritesh/self-evolving-uug/runs/final/E2_understanding_only/iter_log.jsonl,proposer,grpo_loss,0.3854166865348816,,0.0,-0.4007877967784998,-0.05744932797374924,0.001,0.001,True,
1068,stage1_understanding,understanding,/Users/ritesh.thawkar/Ritesh/self-evolving-uug/runs/final/E2_understanding_only/iter_log.jsonl,proposer,kl_loss,0.0,,0.0,-0.4007877967784998,-0.05744932797374924,0.001,0.001,True,
1069,stage1_understanding,understanding,/Users/ritesh.thawkar/Ritesh/self-evolving-uug/runs/final/E2_understanding_only/iter_log.jsonl,proposer,grpo_loss,-0.5325521230697632,,0.0,0.5497864448706934,0.14538865805986556,0.001,0.001,True,
1069,stage1_understanding,understanding,/Users/ritesh.thawkar/Ritesh/self-evolving-uug/runs/final/E2_understanding_only/iter_log.jsonl,proposer,kl_loss,0.0,,0.0,0.5497864448706934,0.14538865805986556,0.001,0.001,True,
1070,stage1_understanding,understanding,/Users/ritesh.thawkar/Ritesh/self-evolving-uug/runs/final/E2_understanding_only/iter_log.jsonl,proposer,grpo_loss,0.5797526240348816,,0.0,-0.5924362929437818,-0.5628144842209556,0.001,0.001,True,
1070,stage1_understanding,understanding,/Users/ritesh.thawkar/Ritesh/self-evolving-uug/runs/final/E2_understanding_only/iter_log.jsonl,proposer,kl_loss,0.0,,0.0,-0.5924362929437818,-0.5628144842209556,0.001,0.001,True,
1071,stage1_understanding,understanding,/Users/ritesh.thawkar/Ritesh/self-evolving-uug/runs/final/E2_understanding_only/iter_log.jsonl,proposer,grpo_loss,-0.4814453125,,0.0,0.494399392109715,0.03980976363653288,0.001,0.001,True,
1071,stage1_understanding,understanding,/Users/ritesh.thawkar/Ritesh/self-evolving-uug/runs/final/E2_understanding_only/iter_log.jsonl,proposer,kl_loss,0.0,,0.0,0.494399392109715,0.03980976363653288,0.001,0.001,True,
1072,stage1_understanding,understanding,/Users/ritesh.thawkar/Ritesh/self-evolving-uug/runs/final/E2_understanding_only/iter_log.jsonl,proposer,grpo_loss,-0.5099284052848816,,0.0,0.5223667264803834,0.08771675685601138,0.001,0.001,True,
1072,stage1_understanding,understanding,/Users/ritesh.thawkar/Ritesh/self-evolving-uug/runs/final/E2_understanding_only/iter_log.jsonl,proposer,kl_loss,0.0,,0.0,0.5223667264803834,0.08771675685601138,0.001,0.001,True,
1073,stage1_understanding,understanding,/Users/ritesh.thawkar/Ritesh/self-evolving-uug/runs/final/E2_understanding_only/iter_log.jsonl,proposer,grpo_loss,-0.3893229365348816,,0.0,0.3989339403157124,0.35904055027348053,0.001,0.001,True,
1073,stage1_understanding,understanding,/Users/ritesh.thawkar/Ritesh/self-evolving-uug/runs/final/E2_understanding_only/iter_log.jsonl,proposer,kl_loss,0.0,,0.0,0.3989339403157124,0.35904055027348053,0.001,0.001,True,
1074,stage1_understanding,understanding,/Users/ritesh.thawkar/Ritesh/self-evolving-uug/runs/final/E2_understanding_only/iter_log.jsonl,proposer,grpo_loss,0.6144205927848816,,0.0,-0.6293401605510843,-0.5978731588169316,0.001,0.001,True,
1074,stage1_understanding,understanding,/Users/ritesh.thawkar/Ritesh/self-evolving-uug/runs/final/E2_understanding_only/iter_log.jsonl,proposer,kl_loss,0.0,,0.0,-0.6293401605510843,-0.5978731588169316,0.001,0.001,True,
1075,stage1_understanding,understanding,/Users/ritesh.thawkar/Ritesh/self-evolving-uug/runs/final/E2_understanding_only/iter_log.jsonl,proposer,grpo_loss,0.84765625,,0.0,-0.8771929732225301,-0.8333333333333334,0.001,0.001,True,
1075,stage1_understanding,understanding,/Users/ritesh.thawkar/Ritesh/self-evolving-uug/runs/final/E2_understanding_only/iter_log.jsonl,proposer,kl_loss,0.0,,0.0,-0.8771929732225301,-0.8333333333333334,0.001,0.001,True,
1076,stage1_understanding,understanding,/Users/ritesh.thawkar/Ritesh/self-evolving-uug/runs/final/E2_understanding_only/iter_log.jsonl,proposer,grpo_loss,0.8515625,,0.0,-0.8771929732225301,-0.8333333333333334,0.001,0.001,True,
1076,stage1_understanding,understanding,/Users/ritesh.thawkar/Ritesh/self-evolving-uug/runs/final/E2_understanding_only/iter_log.jsonl,proposer,kl_loss,0.0,,0.0,-0.8771929732225301,-0.8333333333333334,0.001,0.001,True,
1077,stage1_understanding,understanding,/Users/ritesh.thawkar/Ritesh/self-evolving-uug/runs/final/E2_understanding_only/iter_log.jsonl,proposer,grpo_loss,0.5719401240348816,,0.0,-0.5978560008786874,-0.567963206813313,0.001,0.001,True,
1077,stage1_understanding,understanding,/Users/ritesh.thawkar/Ritesh/self-evolving-uug/runs/final/E2_understanding_only/iter_log.jsonl,proposer,kl_loss,0.0,,0.0,-0.5978560008786874,-0.567963206813313,0.001,0.001,True,
1078,stage1_understanding,understanding,/Users/ritesh.thawkar/Ritesh/self-evolving-uug/runs/final/E2_understanding_only/iter_log.jsonl,proposer,grpo_loss,0.8502604365348816,,0.0,-0.8771929732225301,-0.8333333333333334,0.001,0.001,True,
1078,stage1_understanding,understanding,/Users/ritesh.thawkar/Ritesh/self-evolving-uug/runs/final/E2_understanding_only/iter_log.jsonl,proposer,kl_loss,0.0,,0.0,-0.8771929732225301,-0.8333333333333334,0.001,0.001,True,
1079,stage1_understanding,understanding,/Users/ritesh.thawkar/Ritesh/self-evolving-uug/runs/final/E2_understanding_only/iter_log.jsonl,proposer,grpo_loss,0.6888021230697632,,0.0,-0.7033872051345501,-1.2038208348933506,0.001,0.001,True,
1079,stage1_understanding,understanding,/Users/ritesh.thawkar/Ritesh/self-evolving-uug/runs/final/E2_understanding_only/iter_log.jsonl,proposer,kl_loss,0.0,,0.0,-0.7033872051345501,-1.2038208348933506,0.001,0.001,True,
1080,stage1_understanding,understanding,/Users/ritesh.thawkar/Ritesh/self-evolving-uug/runs/final/E2_understanding_only/iter_log.jsonl,proposer,grpo_loss,0.7330729365348816,,0.0,-0.769854861962099,-0.7313621265625425,0.001,0.001,True,
1080,stage1_understanding,understanding,/Users/ritesh.thawkar/Ritesh/self-evolving-uug/runs/final/E2_understanding_only/iter_log.jsonl,proposer,kl_loss,0.0,,0.0,-0.769854861962099,-0.7313621265625425,0.001,0.001,True,
1081,stage1_understanding,understanding,/Users/ritesh.thawkar/Ritesh/self-evolving-uug/runs/final/E2_understanding_only/iter_log.jsonl,proposer,grpo_loss,0.2786458432674408,,0.0,-0.290181709990424,-0.27567262739271986,0.001,0.001,True,
1081,stage1_understanding,understanding,/Users/ritesh.thawkar/Ritesh/self-evolving-uug/runs/final/E2_understanding_only/iter_log.jsonl,proposer,kl_loss,0.0,,0.0,-0.290181709990424,-0.27567262739271986,0.001,0.001,True,
1082,stage1_understanding,understanding,/Users/ritesh.thawkar/Ritesh/self-evolving-uug/runs/final/E2_understanding_only/iter_log.jsonl,proposer,grpo_loss,-0.4609375,,0.0,0.47440414853482515,0.1567707321119677,0.001,0.001,True,
1082,stage1_understanding,understanding,/Users/ritesh.thawkar/Ritesh/self-evolving-uug/runs/final/E2_understanding_only/iter_log.jsonl,proposer,kl_loss,0.0,,0.0,0.47440414853482515,0.1567707321119677,0.001,0.001,True,
1083,stage1_understanding,understanding,/Users/ritesh.thawkar/Ritesh/self-evolving-uug/runs/final/E2_understanding_only/iter_log.jsonl,proposer,grpo_loss,-0.7216796875,,0.0,0.7360245803507596,0.1599789267167805,0.001,0.001,True,
1083,stage1_understanding,understanding,/Users/ritesh.thawkar/Ritesh/self-evolving-uug/runs/final/E2_understanding_only/iter_log.jsonl,proposer,kl_loss,0.0,,0.0,0.7360245803507596,0.1599789267167805,0.001,0.001,True,
1084,stage1_understanding,understanding,/Users/ritesh.thawkar/Ritesh/self-evolving-uug/runs/final/E2_understanding_only/iter_log.jsonl,proposer,grpo_loss,0.4222005307674408,,0.0,-0.4275660318319164,-0.40618773451598084,0.001,0.001,True,
1084,stage1_understanding,understanding,/Users/ritesh.thawkar/Ritesh/self-evolving-uug/runs/final/E2_understanding_only/iter_log.jsonl,proposer,kl_loss,0.0,,0.0,-0.4275660318319164,-0.40618773451598084,0.001,0.001,True,
1085,stage1_understanding,understanding,/Users/ritesh.thawkar/Ritesh/self-evolving-uug/runs/final/E2_understanding_only/iter_log.jsonl,proposer,grpo_loss,0.8372396230697632,,0.0,-0.8771929732225301,-0.8333333333333334,0.001,0.001,True,
1085,stage1_understanding,understanding,/Users/ritesh.thawkar/Ritesh/self-evolving-uug/runs/final/E2_understanding_only/iter_log.jsonl,proposer,kl_loss,0.0,,0.0,-0.8771929732225301,-0.8333333333333334,0.001,0.001,True,
1086,stage1_understanding,understanding,/Users/ritesh.thawkar/Ritesh/self-evolving-uug/runs/final/E2_understanding_only/iter_log.jsonl,proposer,grpo_loss,0.5364583730697632,,0.0,-0.5569790149512833,-0.5291300697735093,0.001,0.001,True,
1086,stage1_understanding,understanding,/Users/ritesh.thawkar/Ritesh/self-evolving-uug/runs/final/E2_understanding_only/iter_log.jsonl,proposer,kl_loss,0.0,,0.0,-0.5569790149512833,-0.5291300697735093,0.001,0.001,True,
1087,stage1_understanding,understanding,/Users/ritesh.thawkar/Ritesh/self-evolving-uug/runs/final/E2_understanding_only/iter_log.jsonl,proposer,grpo_loss,-0.5042318105697632,,0.0,0.5181613238250132,0.1841190475147927,0.001,0.001,True,
1087,stage1_understanding,understanding,/Users/ritesh.thawkar/Ritesh/self-evolving-uug/runs/final/E2_understanding_only/iter_log.jsonl,proposer,kl_loss,0.0,,0.0,0.5181613238250132,0.1841190475147927,0.001,0.001,True,
1088,stage1_understanding,understanding,/Users/ritesh.thawkar/Ritesh/self-evolving-uug/runs/final/E2_understanding_only/iter_log.jsonl,proposer,grpo_loss,0.5032552480697632,,0.0,-0.5169402088910237,-0.4910932036158746,0.001,0.001,True,
1088,stage1_understanding,understanding,/Users/ritesh.thawkar/Ritesh/self-evolving-uug/runs/final/E2_understanding_only/iter_log.jsonl,proposer,kl_loss,0.0,,0.0,-0.5169402088910237,-0.4910932036158746,0.001,0.001,True,
1089,stage1_understanding,understanding,/Users/ritesh.thawkar/Ritesh/self-evolving-uug/runs/final/E2_understanding_only/iter_log.jsonl,proposer,grpo_loss,0.3548177182674408,,0.0,-0.3746480328715888,-0.3559156349744897,0.001,0.001,True,
1089,stage1_understanding,understanding,/Users/ritesh.thawkar/Ritesh/self-evolving-uug/runs/final/E2_understanding_only/iter_log.jsonl,proposer,kl_loss,0.0,,0.0,-0.3746480328715888,-0.3559156349744897,0.001,0.001,True,
1090,stage1_understanding,understanding,/Users/ritesh.thawkar/Ritesh/self-evolving-uug/runs/final/E2_understanding_only/iter_log.jsonl,proposer,grpo_loss,0.8489583730697632,,0.0,-0.8771929732225301,-0.8333333333333334,0.001,0.001,True,
1090,stage1_understanding,understanding,/Users/ritesh.thawkar/Ritesh/self-evolving-uug/runs/final/E2_understanding_only/iter_log.jsonl,proposer,kl_loss,0.0,,0.0,-0.8771929732225301,-0.8333333333333334,0.001,0.001,True,
1091,stage1_understanding,understanding,/Users/ritesh.thawkar/Ritesh/self-evolving-uug/runs/final/E2_understanding_only/iter_log.jsonl,proposer,grpo_loss,0.5856119990348816,,0.0,-0.5985418311699303,-0.5686147455968521,0.001,0.001,True,
1091,stage1_understanding,understanding,/Users/ritesh.thawkar/Ritesh/self-evolving-uug/runs/final/E2_understanding_only/iter_log.jsonl,proposer,kl_loss,0.0,,0.0,-0.5985418311699303,-0.5686147455968521,0.001,0.001,True,
1092,stage1_understanding,understanding,/Users/ritesh.thawkar/Ritesh/self-evolving-uug/runs/final/E2_understanding_only/iter_log.jsonl,proposer,grpo_loss,0.5872396230697632,,0.0,-0.6047253525323518,-0.5744890909529877,0.001,0.001,True,
1092,stage1_understanding,understanding,/Users/ritesh.thawkar/Ritesh/self-evolving-uug/runs/final/E2_understanding_only/iter_log.jsonl,proposer,kl_loss,0.0,,0.0,-0.6047253525323518,-0.5744890909529877,0.001,0.001,True,
1093,stage1_understanding,understanding,/Users/ritesh.thawkar/Ritesh/self-evolving-uug/runs/final/E2_understanding_only/iter_log.jsonl,proposer,grpo_loss,0.4811198115348816,,0.0,-0.5027431281437543,-0.4776059767639979,0.001,0.001,True,
1093,stage1_understanding,understanding,/Users/ritesh.thawkar/Ritesh/self-evolving-uug/runs/final/E2_understanding_only/iter_log.jsonl,proposer,kl_loss,0.0,,0.0,-0.5027431281437543,-0.4776059767639979,0.001,0.001,True,
1094,stage1_understanding,understanding,/Users/ritesh.thawkar/Ritesh/self-evolving-uug/runs/final/E2_understanding_only/iter_log.jsonl,proposer,grpo_loss,0.1168619841337204,,0.0,-0.11855797618872517,-0.11263007856486866,0.001,0.001,True,
1094,stage1_understanding,understanding,/Users/ritesh.thawkar/Ritesh/self-evolving-uug/runs/final/E2_understanding_only/iter_log.jsonl,proposer,kl_loss,0.0,,0.0,-0.11855797618872517,-0.11263007856486866,0.001,0.001,True,
1095,stage1_understanding,understanding,/Users/ritesh.thawkar/Ritesh/self-evolving-uug/runs/final/E2_understanding_only/iter_log.jsonl,proposer,grpo_loss,-0.0416666679084301,,0.0,0.04549293031660632,0.04321828425570532,0.001,0.001,True,
1095,stage1_understanding,understanding,/Users/ritesh.thawkar/Ritesh/self-evolving-uug/runs/final/E2_understanding_only/iter_log.jsonl,proposer,kl_loss,0.0,,0.0,0.04549293031660632,0.04321828425570532,0.001,0.001,True,
1096,stage1_understanding,understanding,/Users/ritesh.thawkar/Ritesh/self-evolving-uug/runs/final/E2_understanding_only/iter_log.jsonl,proposer,grpo_loss,-0.0703125,,0.0,0.07287175283297509,0.06922816592004384,0.001,0.001,True,
1096,stage1_understanding,understanding,/Users/ritesh.thawkar/Ritesh/self-evolving-uug/runs/final/E2_understanding_only/iter_log.jsonl,proposer,kl_loss,0.0,,0.0,0.07287175283297509,0.06922816592004384,0.001,0.001,True,
1097,stage1_understanding,understanding,/Users/ritesh.thawkar/Ritesh/self-evolving-uug/runs/final/E2_understanding_only/iter_log.jsonl,proposer,grpo_loss,-0.8450521230697632,,0.0,0.8656074837502828,0.43634808261615005,0.001,0.001,True,
1097,stage1_understanding,understanding,/Users/ritesh.thawkar/Ritesh/self-evolving-uug/runs/final/E2_understanding_only/iter_log.jsonl,proposer,kl_loss,0.0,,0.0,0.8656074837502828,0.43634808261615005,0.001,0.001,True,
1098,stage1_understanding,understanding,/Users/ritesh.thawkar/Ritesh/self-evolving-uug/runs/final/E2_understanding_only/iter_log.jsonl,proposer,grpo_loss,0.1555989682674408,,0.0,-0.16089004753748426,-0.15284554676951048,0.001,0.001,True,
1098,stage1_understanding,understanding,/Users/ritesh.thawkar/Ritesh/self-evolving-uug/runs/final/E2_understanding_only/iter_log.jsonl,proposer,kl_loss,0.0,,0.0,-0.16089004753748426,-0.15284554676951048,0.001,0.001,True,
1099,stage1_understanding,understanding,/Users/ritesh.thawkar/Ritesh/self-evolving-uug/runs/final/E2_understanding_only/iter_log.jsonl,proposer,grpo_loss,0.9375,,0.0,-0.9730513747750565,-0.9362367351396004,0.001,0.001,True,
1099,stage1_understanding,understanding,/Users/ritesh.thawkar/Ritesh/self-evolving-uug/runs/final/E2_understanding_only/iter_log.jsonl,proposer,kl_loss,0.0,,0.0,-0.9730513747750565,-0.9362367351396004,0.001,0.001,True,
1100,stage1_understanding,understanding,/Users/ritesh.thawkar/Ritesh/self-evolving-uug/runs/final/E2_understanding_only/iter_log.jsonl,proposer,grpo_loss,-0.5325521230697632,,0.0,0.5535163661537338,0.1797519891841579,0.001,0.001,True,
1100,stage1_understanding,understanding,/Users/ritesh.thawkar/Ritesh/self-evolving-uug/runs/final/E2_understanding_only/iter_log.jsonl,proposer,kl_loss,0.0,,0.0,0.5535163661537338,0.1797519891841579,0.001,0.001,True,
1101,stage1_understanding,understanding,/Users/ritesh.thawkar/Ritesh/self-evolving-uug/runs/final/E2_understanding_only/iter_log.jsonl,proposer,grpo_loss,0.8489583730697632,,0.0,-0.8771929732225301,-0.8333333333333334,0.001,0.001,True,
1101,stage1_understanding,understanding,/Users/ritesh.thawkar/Ritesh/self-evolving-uug/runs/final/E2_understanding_only/iter_log.jsonl,proposer,kl_loss,0.0,,0.0,-0.8771929732225301,-0.8333333333333334,0.001,0.001,True,
1102,stage1_understanding,understanding,/Users/ritesh.thawkar/Ritesh/self-evolving-uug/runs/final/E2_understanding_only/iter_log.jsonl,proposer,grpo_loss,-0.9453125,,0.0,0.9796516065685363,0.28392225447712865,0.001,0.001,True,
1102,stage1_understanding,understanding,/Users/ritesh.thawkar/Ritesh/self-evolving-uug/runs/final/E2_understanding_only/iter_log.jsonl,proposer,kl_loss,0.0,,0.0,0.9796516065685363,0.28392225447712865,0.001,0.001,True,
1103,stage1_understanding,understanding,/Users/ritesh.thawkar/Ritesh/self-evolving-uug/runs/final/E2_understanding_only/iter_log.jsonl,proposer,grpo_loss,0.439453125,,0.0,-0.4541644441901876,-0.6952212606194882,0.001,0.001,True,
1103,stage1_understanding,understanding,/Users/ritesh.thawkar/Ritesh/self-evolving-uug/runs/final/E2_understanding_only/iter_log.jsonl,proposer,kl_loss,0.0,,0.0,-0.4541644441901876,-0.6952212606194882,0.001,0.001,True,
1104,stage1_understanding,understanding,/Users/ritesh.thawkar/Ritesh/self-evolving-uug/runs/final/E2_understanding_only/iter_log.jsonl,proposer,grpo_loss,0.9270833730697632,,0.0,-0.9522482793260642,-0.9046358748822438,0.001,0.001,True,
1104,stage1_understanding,understanding,/Users/ritesh.thawkar/Ritesh/self-evolving-uug/runs/final/E2_understanding_only/iter_log.jsonl,proposer,kl_loss,0.0,,0.0,-0.9522482793260642,-0.9046358748822438,0.001,0.001,True,
1105,stage1_understanding,understanding,/Users/ritesh.thawkar/Ritesh/self-evolving-uug/runs/final/E2_understanding_only/iter_log.jsonl,proposer,grpo_loss,0.83984375,,0.0,-0.8771929732225301,-0.8333333333333334,0.001,0.001,True,
1105,stage1_understanding,understanding,/Users/ritesh.thawkar/Ritesh/self-evolving-uug/runs/final/E2_understanding_only/iter_log.jsonl,proposer,kl_loss,0.0,,0.0,-0.8771929732225301,-0.8333333333333334,0.001,0.001,True,
1106,stage1_understanding,understanding,/Users/ritesh.thawkar/Ritesh/self-evolving-uug/runs/final/E2_understanding_only/iter_log.jsonl,proposer,grpo_loss,0.5882161855697632,,0.0,-0.6033086177862977,-0.573143192930069,0.001,0.001,True,
1106,stage1_understanding,understanding,/Users/ritesh.thawkar/Ritesh/self-evolving-uug/runs/final/E2_understanding_only/iter_log.jsonl,proposer,kl_loss,0.0,,0.0,-0.6033086177862977,-0.573143192930069,0.001,0.001,True,
1107,stage1_understanding,understanding,/Users/ritesh.thawkar/Ritesh/self-evolving-uug/runs/final/E2_understanding_only/iter_log.jsonl,proposer,grpo_loss,0.8489583730697632,,0.0,-0.8771929732225301,-0.8333333333333334,0.001,0.001,True,
1107,stage1_understanding,understanding,/Users/ritesh.thawkar/Ritesh/self-evolving-uug/runs/final/E2_understanding_only/iter_log.jsonl,proposer,kl_loss,0.0,,0.0,-0.8771929732225301,-0.8333333333333334,0.001,0.001,True,
1108,stage1_understanding,understanding,/Users/ritesh.thawkar/Ritesh/self-evolving-uug/runs/final/E2_understanding_only/iter_log.jsonl,proposer,grpo_loss,0.8515625,,0.0,-0.8771929732225301,-0.8333333333333334,0.001,0.001,True,
1108,stage1_understanding,understanding,/Users/ritesh.thawkar/Ritesh/self-evolving-uug/runs/final/E2_understanding_only/iter_log.jsonl,proposer,kl_loss,0.0,,0.0,-0.8771929732225301,-0.8333333333333334,0.001,0.001,True,
1109,stage1_understanding,understanding,/Users/ritesh.thawkar/Ritesh/self-evolving-uug/runs/final/E2_understanding_only/iter_log.jsonl,proposer,grpo_loss,0.8411458730697632,,0.0,-0.8771929732225301,-0.8333333333333334,0.001,0.001,True,
1109,stage1_understanding,understanding,/Users/ritesh.thawkar/Ritesh/self-evolving-uug/runs/final/E2_understanding_only/iter_log.jsonl,proposer,kl_loss,0.0,,0.0,-0.8771929732225301,-0.8333333333333334,0.001,0.001,True,
1110,stage1_understanding,understanding,/Users/ritesh.thawkar/Ritesh/self-evolving-uug/runs/final/E2_understanding_only/iter_log.jsonl,proposer,grpo_loss,-0.4815267026424408,,0.0,0.49964150512669286,0.3902872226391587,0.001,0.001,True,
1110,stage1_understanding,understanding,/Users/ritesh.thawkar/Ritesh/self-evolving-uug/runs/final/E2_understanding_only/iter_log.jsonl,proposer,kl_loss,0.0,,0.0,0.49964150512669286,0.3902872226391587,0.001,0.001,True,
1111,stage1_understanding,understanding,/Users/ritesh.thawkar/Ritesh/self-evolving-uug/runs/final/E2_understanding_only/iter_log.jsonl,proposer,grpo_loss,-0.8229166865348816,,0.0,0.8502488821294518,0.296790389173355,0.001,0.001,True,
1111,stage1_understanding,understanding,/Users/ritesh.thawkar/Ritesh/self-evolving-uug/runs/final/E2_understanding_only/iter_log.jsonl,proposer,kl_loss,0.0,,0.0,0.8502488821294518,0.296790389173355,0.001,0.001,True,
1112,stage1_understanding,understanding,/Users/ritesh.thawkar/Ritesh/self-evolving-uug/runs/final/E2_understanding_only/iter_log.jsonl,proposer,grpo_loss,0.099609375,,0.0,-0.10495179015633564,-0.07958793077951994,0.001,0.001,True,
1112,stage1_understanding,understanding,/Users/ritesh.thawkar/Ritesh/self-evolving-uug/runs/final/E2_understanding_only/iter_log.jsonl,proposer,kl_loss,0.0,,0.0,-0.10495179015633564,-0.07958793077951994,0.001,0.001,True,
1113,stage1_understanding,understanding,/Users/ritesh.thawkar/Ritesh/self-evolving-uug/runs/final/E2_understanding_only/iter_log.jsonl,proposer,grpo_loss,0.322265625,,0.0,-0.33731762231411283,-0.32045174457158343,0.001,0.001,True,
1113,stage1_understanding,understanding,/Users/ritesh.thawkar/Ritesh/self-evolving-uug/runs/final/E2_understanding_only/iter_log.jsonl,proposer,kl_loss,0.0,,0.0,-0.33731762231411283,-0.32045174457158343,0.001,0.001,True,
1114,stage1_understanding,understanding,/Users/ritesh.thawkar/Ritesh/self-evolving-uug/runs/final/E2_understanding_only/iter_log.jsonl,proposer,grpo_loss,0.8385416865348816,,0.0,-0.8771929732225301,-0.8333333333333334,0.001,0.001,True,
1114,stage1_understanding,understanding,/Users/ritesh.thawkar/Ritesh/self-evolving-uug/runs/final/E2_understanding_only/iter_log.jsonl,proposer,kl_loss,0.0,,0.0,-0.8771929732225301,-0.8333333333333334,0.001,0.001,True,
1115,stage1_understanding,understanding,/Users/ritesh.thawkar/Ritesh/self-evolving-uug/runs/final/E2_understanding_only/iter_log.jsonl,proposer,grpo_loss,-0.9127604365348816,,0.0,0.9380636472183436,0.318590432473618,0.001,0.001,True,
1115,stage1_understanding,understanding,/Users/ritesh.thawkar/Ritesh/self-evolving-uug/runs/final/E2_understanding_only/iter_log.jsonl,proposer,kl_loss,0.0,,0.0,0.9380636472183436,0.318590432473618,0.001,0.001,True,
1116,stage1_understanding,understanding,/Users/ritesh.thawkar/Ritesh/self-evolving-uug/runs/final/E2_understanding_only/iter_log.jsonl,proposer,grpo_loss,0.84765625,,0.0,-0.8771929732225301,-0.8333333333333334,0.001,0.001,True,
1116,stage1_understanding,understanding,/Users/ritesh.thawkar/Ritesh/self-evolving-uug/runs/final/E2_understanding_only/iter_log.jsonl,proposer,kl_loss,0.0,,0.0,-0.8771929732225301,-0.8333333333333334,0.001,0.001,True,
1117,stage1_understanding,understanding,/Users/ritesh.thawkar/Ritesh/self-evolving-uug/runs/final/E2_understanding_only/iter_log.jsonl,proposer,grpo_loss,0.53125,,0.0,-0.5639621622714793,-0.535764059797527,0.001,0.001,True,
1117,stage1_understanding,understanding,/Users/ritesh.thawkar/Ritesh/self-evolving-uug/runs/final/E2_understanding_only/iter_log.jsonl,proposer,kl_loss,0.0,,0.0,-0.5639621622714793,-0.535764059797527,0.001,0.001,True,
1118,stage1_understanding,understanding,/Users/ritesh.thawkar/Ritesh/self-evolving-uug/runs/final/E2_understanding_only/iter_log.jsonl,proposer,grpo_loss,0.83984375,,0.0,-0.8771929732225301,-0.8333333333333334,0.001,0.001,True,
1118,stage1_understanding,understanding,/Users/ritesh.thawkar/Ritesh/self-evolving-uug/runs/final/E2_understanding_only/iter_log.jsonl,proposer,kl_loss,0.0,,0.0,-0.8771929732225301,-0.8333333333333334,0.001,0.001,True,
1119,stage1_understanding,understanding,/Users/ritesh.thawkar/Ritesh/self-evolving-uug/runs/final/E2_understanding_only/iter_log.jsonl,proposer,grpo_loss,0.8567708730697632,,0.0,-0.8771929732225301,-0.8333333333333334,0.001,0.001,True,
1119,stage1_understanding,understanding,/Users/ritesh.thawkar/Ritesh/self-evolving-uug/runs/final/E2_understanding_only/iter_log.jsonl,proposer,kl_loss,0.0,,0.0,-0.8771929732225301,-0.8333333333333334,0.001,0.001,True,
1120,stage1_understanding,understanding,/Users/ritesh.thawkar/Ritesh/self-evolving-uug/runs/final/E2_understanding_only/iter_log.jsonl,proposer,grpo_loss,0.83203125,,0.0,-0.8771929732225301,-0.8333333333333334,0.001,0.001,True,
1120,stage1_understanding,understanding,/Users/ritesh.thawkar/Ritesh/self-evolving-uug/runs/final/E2_understanding_only/iter_log.jsonl,proposer,kl_loss,0.0,,0.0,-0.8771929732225301,-0.8333333333333334,0.001,0.001,True,
1121,stage1_understanding,understanding,/Users/ritesh.thawkar/Ritesh/self-evolving-uug/runs/final/E2_understanding_only/iter_log.jsonl,proposer,grpo_loss,0.8489583730697632,,0.0,-0.8771929732225301,-0.8333333333333334,0.001,0.001,True,
1121,stage1_understanding,understanding,/Users/ritesh.thawkar/Ritesh/self-evolving-uug/runs/final/E2_understanding_only/iter_log.jsonl,proposer,kl_loss,0.0,,0.0,-0.8771929732225301,-0.8333333333333334,0.001,0.001,True,
1122,stage1_understanding,understanding,/Users/ritesh.thawkar/Ritesh/self-evolving-uug/runs/final/E2_understanding_only/iter_log.jsonl,proposer,grpo_loss,0.76953125,,0.0,-0.7953714435756716,-0.7556028793506023,0.001,0.001,True,
1122,stage1_understanding,understanding,/Users/ritesh.thawkar/Ritesh/self-evolving-uug/runs/final/E2_understanding_only/iter_log.jsonl,proposer,kl_loss,0.0,,0.0,-0.7953714435756716,-0.7556028793506023,0.001,0.001,True,
1123,stage1_understanding,understanding,/Users/ritesh.thawkar/Ritesh/self-evolving-uug/runs/final/E2_understanding_only/iter_log.jsonl,proposer,grpo_loss,0.8385416865348816,,0.0,-0.8771929732225301,-0.8333333333333334,0.001,0.001,True,
1123,stage1_understanding,understanding,/Users/ritesh.thawkar/Ritesh/self-evolving-uug/runs/final/E2_understanding_only/iter_log.jsonl,proposer,kl_loss,0.0,,0.0,-0.8771929732225301,-0.8333333333333334,0.001,0.001,True,
1124,stage1_understanding,understanding,/Users/ritesh.thawkar/Ritesh/self-evolving-uug/runs/final/E2_understanding_only/iter_log.jsonl,proposer,grpo_loss,0.7447916865348816,,0.0,-0.773112588790488,-0.7344569670820894,0.001,0.001,True,
1124,stage1_understanding,understanding,/Users/ritesh.thawkar/Ritesh/self-evolving-uug/runs/final/E2_understanding_only/iter_log.jsonl,proposer,kl_loss,0.0,,0.0,-0.773112588790488,-0.7344569670820894,0.001,0.001,True,
1125,stage1_understanding,understanding,/Users/ritesh.thawkar/Ritesh/self-evolving-uug/runs/final/E2_understanding_only/iter_log.jsonl,proposer,grpo_loss,0.8541666865348816,,0.0,-0.8771929732225301,-0.8333333333333334,0.001,0.001,True,
1125,stage1_understanding,understanding,/Users/ritesh.thawkar/Ritesh/self-evolving-uug/runs/final/E2_understanding_only/iter_log.jsonl,proposer,kl_loss,0.0,,0.0,-0.8771929732225301,-0.8333333333333334,0.001,0.001,True,
1126,stage1_understanding,understanding,/Users/ritesh.thawkar/Ritesh/self-evolving-uug/runs/final/E2_understanding_only/iter_log.jsonl,proposer,grpo_loss,0.8697916865348816,,0.0,-0.9048746895537221,-0.8596309641247829,0.001,0.001,True,
1126,stage1_understanding,understanding,/Users/ritesh.thawkar/Ritesh/self-evolving-uug/runs/final/E2_understanding_only/iter_log.jsonl,proposer,kl_loss,0.0,,0.0,-0.9048746895537221,-0.8596309641247829,0.001,0.001,True,
1127,stage1_understanding,understanding,/Users/ritesh.thawkar/Ritesh/self-evolving-uug/runs/final/E2_understanding_only/iter_log.jsonl,proposer,grpo_loss,-0.29541015625,,0.0,0.31007420722734136,0.11343126384297482,0.001,0.001,True,
1127,stage1_understanding,understanding,/Users/ritesh.thawkar/Ritesh/self-evolving-uug/runs/final/E2_understanding_only/iter_log.jsonl,proposer,kl_loss,0.0,,0.0,0.31007420722734136,0.11343126384297482,0.001,0.001,True,
1128,stage1_understanding,understanding,/Users/ritesh.thawkar/Ritesh/self-evolving-uug/runs/final/E2_understanding_only/iter_log.jsonl,proposer,grpo_loss,-0.53125,,0.0,0.5501153855719031,0.49510385251586664,0.001,0.001,True,
1128,stage1_understanding,understanding,/Users/ritesh.thawkar/Ritesh/self-evolving-uug/runs/final/E2_understanding_only/iter_log.jsonl,proposer,kl_loss,0.0,,0.0,0.5501153855719031,0.49510385251586664,0.001,0.001,True,
1129,stage1_understanding,understanding,/Users/ritesh.thawkar/Ritesh/self-evolving-uug/runs/final/E2_understanding_only/iter_log.jsonl,proposer,grpo_loss,-0.8515625,,0.0,0.8812727028746431,0.27046978480303113,0.001,0.001,True,
1129,stage1_understanding,understanding,/Users/ritesh.thawkar/Ritesh/self-evolving-uug/runs/final/E2_understanding_only/iter_log.jsonl,proposer,kl_loss,0.0,,0.0,0.8812727028746431,0.27046978480303113,0.001,0.001,True,
1130,stage1_understanding,understanding,/Users/ritesh.thawkar/Ritesh/self-evolving-uug/runs/final/E2_understanding_only/iter_log.jsonl,proposer,grpo_loss,0.6897786855697632,,0.0,-0.7159671362317174,-0.6801687865798028,0.001,0.001,True,
1130,stage1_understanding,understanding,/Users/ritesh.thawkar/Ritesh/self-evolving-uug/runs/final/E2_understanding_only/iter_log.jsonl,proposer,kl_loss,0.0,,0.0,-0.7159671362317174,-0.6801687865798028,0.001,0.001,True,
1131,stage1_understanding,understanding,/Users/ritesh.thawkar/Ritesh/self-evolving-uug/runs/final/E2_understanding_only/iter_log.jsonl,proposer,grpo_loss,0.8190104365348816,,0.0,-0.864805874200581,-0.8215655891386108,0.001,0.001,True,
1131,stage1_understanding,understanding,/Users/ritesh.thawkar/Ritesh/self-evolving-uug/runs/final/E2_understanding_only/iter_log.jsonl,proposer,kl_loss,0.0,,0.0,-0.864805874200581,-0.8215655891386108,0.001,0.001,True,
1132,stage1_understanding,understanding,/Users/ritesh.thawkar/Ritesh/self-evolving-uug/runs/final/E2_understanding_only/iter_log.jsonl,proposer,grpo_loss,0.7493489980697632,,0.0,-0.7711174202199901,-0.7325615569201647,0.001,0.001,True,
1132,stage1_understanding,understanding,/Users/ritesh.thawkar/Ritesh/self-evolving-uug/runs/final/E2_understanding_only/iter_log.jsonl,proposer,kl_loss,0.0,,0.0,-0.7711174202199901,-0.7325615569201647,0.001,0.001,True,
1133,stage1_understanding,understanding,/Users/ritesh.thawkar/Ritesh/self-evolving-uug/runs/final/E2_understanding_only/iter_log.jsonl,proposer,grpo_loss,0.4856770932674408,,0.0,-0.505317480709829,-0.7160742076463237,0.001,0.001,True,
1133,stage1_understanding,understanding,/Users/ritesh.thawkar/Ritesh/self-evolving-uug/runs/final/E2_understanding_only/iter_log.jsonl,proposer,kl_loss,0.0,,0.0,-0.505317480709829,-0.7160742076463237,0.001,0.001,True,
1134,stage1_understanding,understanding,/Users/ritesh.thawkar/Ritesh/self-evolving-uug/runs/final/E2_understanding_only/iter_log.jsonl,proposer,grpo_loss,0.84375,,0.0,-0.8771929732225301,-0.8333333333333334,0.001,0.001,True,
1134,stage1_understanding,understanding,/Users/ritesh.thawkar/Ritesh/self-evolving-uug/runs/final/E2_understanding_only/iter_log.jsonl,proposer,kl_loss,0.0,,0.0,-0.8771929732225301,-0.8333333333333334,0.001,0.001,True,
1135,stage1_understanding,understanding,/Users/ritesh.thawkar/Ritesh/self-evolving-uug/runs/final/E2_understanding_only/iter_log.jsonl,proposer,grpo_loss,0.0989583358168602,,0.0,-0.10264663819297419,-0.06635434060328167,0.001,0.001,True,
1135,stage1_understanding,understanding,/Users/ritesh.thawkar/Ritesh/self-evolving-uug/runs/final/E2_understanding_only/iter_log.jsonl,proposer,kl_loss,0.0,,0.0,-0.10264663819297419,-0.06635434060328167,0.001,0.001,True,
1136,stage1_understanding,understanding,/Users/ritesh.thawkar/Ritesh/self-evolving-uug/runs/final/E2_understanding_only/iter_log.jsonl,proposer,grpo_loss,0.8411458730697632,,0.0,-0.8771929732225301,-0.8333333333333334,0.001,0.001,True,
1136,stage1_understanding,understanding,/Users/ritesh.thawkar/Ritesh/self-evolving-uug/runs/final/E2_understanding_only/iter_log.jsonl,proposer,kl_loss,0.0,,0.0,-0.8771929732225301,-0.8333333333333334,0.001,0.001,True,
1137,stage1_understanding,understanding,/Users/ritesh.thawkar/Ritesh/self-evolving-uug/runs/final/E2_understanding_only/iter_log.jsonl,proposer,grpo_loss,0.8424479365348816,,0.0,-0.8771929732225301,-0.8333333333333334,0.001,0.001,True,
1137,stage1_understanding,understanding,/Users/ritesh.thawkar/Ritesh/self-evolving-uug/runs/final/E2_understanding_only/iter_log.jsonl,proposer,kl_loss,0.0,,0.0,-0.8771929732225301,-0.8333333333333334,0.001,0.001,True,
1138,stage1_understanding,understanding,/Users/ritesh.thawkar/Ritesh/self-evolving-uug/runs/final/E2_understanding_only/iter_log.jsonl,proposer,grpo_loss,0.8606771230697632,,0.0,-0.8771929732225301,-0.8333333333333334,0.001,0.001,True,
1138,stage1_understanding,understanding,/Users/ritesh.thawkar/Ritesh/self-evolving-uug/runs/final/E2_understanding_only/iter_log.jsonl,proposer,kl_loss,0.0,,0.0,-0.8771929732225301,-0.8333333333333334,0.001,0.001,True,
1139,stage1_understanding,understanding,/Users/ritesh.thawkar/Ritesh/self-evolving-uug/runs/final/E2_understanding_only/iter_log.jsonl,proposer,grpo_loss,-0.5406901240348816,,0.0,0.5588692259530722,0.18265161006949585,0.001,0.001,True,
1139,stage1_understanding,understanding,/Users/ritesh.thawkar/Ritesh/self-evolving-uug/runs/final/E2_understanding_only/iter_log.jsonl,proposer,kl_loss,0.0,,0.0,0.5588692259530722,0.18265161006949585,0.001,0.001,True,
1140,stage1_understanding,understanding,/Users/ritesh.thawkar/Ritesh/self-evolving-uug/runs/final/E2_understanding_only/iter_log.jsonl,proposer,grpo_loss,-0.46875,,0.0,0.4918408774122682,0.09704011686113008,0.001,0.001,True,
1140,stage1_understanding,understanding,/Users/ritesh.thawkar/Ritesh/self-evolving-uug/runs/final/E2_understanding_only/iter_log.jsonl,proposer,kl_loss,0.0,,0.0,0.4918408774122682,0.09704011686113008,0.001,0.001,True,
1141,stage1_understanding,understanding,/Users/ritesh.thawkar/Ritesh/self-evolving-uug/runs/final/E2_understanding_only/iter_log.jsonl,proposer,grpo_loss,0.1015625,,0.0,-0.10438648416415819,-0.031775101977947716,0.001,0.001,True,
1141,stage1_understanding,understanding,/Users/ritesh.thawkar/Ritesh/self-evolving-uug/runs/final/E2_understanding_only/iter_log.jsonl,proposer,kl_loss,0.0,,0.0,-0.10438648416415819,-0.031775101977947716,0.001,0.001,True,
1142,stage1_understanding,understanding,/Users/ritesh.thawkar/Ritesh/self-evolving-uug/runs/final/E2_understanding_only/iter_log.jsonl,proposer,grpo_loss,0.8854166865348816,,0.0,-0.92495820836479,-0.8787103071961325,0.001,0.001,True,
1142,stage1_understanding,understanding,/Users/ritesh.thawkar/Ritesh/self-evolving-uug/runs/final/E2_understanding_only/iter_log.jsonl,proposer,kl_loss,0.0,,0.0,-0.92495820836479,-0.8787103071961325,0.001,0.001,True,
1143,stage1_understanding,understanding,/Users/ritesh.thawkar/Ritesh/self-evolving-uug/runs/final/E2_understanding_only/iter_log.jsonl,proposer,grpo_loss,0.3225911557674408,,0.0,-0.33861676824419934,-0.321685933218157,0.001,0.001,True,
1143,stage1_understanding,understanding,/Users/ritesh.thawkar/Ritesh/self-evolving-uug/runs/final/E2_understanding_only/iter_log.jsonl,proposer,kl_loss,0.0,,0.0,-0.33861676824419934,-0.321685933218157,0.001,0.001,True,
1144,stage1_understanding,understanding,/Users/ritesh.thawkar/Ritesh/self-evolving-uug/runs/final/E2_understanding_only/iter_log.jsonl,proposer,grpo_loss,-0.0416666679084301,,0.0,0.04305738445523721,0.009408255000494989,0.001,0.001,True,
1144,stage1_understanding,understanding,/Users/ritesh.thawkar/Ritesh/self-evolving-uug/runs/final/E2_understanding_only/iter_log.jsonl,proposer,kl_loss,0.0,,0.0,0.04305738445523721,0.009408255000494989,0.001,0.001,True,
1145,stage1_understanding,understanding,/Users/ritesh.thawkar/Ritesh/self-evolving-uug/runs/final/E2_understanding_only/iter_log.jsonl,proposer,grpo_loss,-0.02278645895421505,,0.0,0.023986990545804183,0.022787641258383878,0.001,0.001,True,
1145,stage1_understanding,understanding,/Users/ritesh.thawkar/Ritesh/self-evolving-uug/runs/final/E2_understanding_only/iter_log.jsonl,proposer,kl_loss,0.0,,0.0,0.023986990545804183,0.022787641258383878,0.001,0.001,True,
1146,stage1_understanding,understanding,/Users/ritesh.thawkar/Ritesh/self-evolving-uug/runs/final/E2_understanding_only/iter_log.jsonl,proposer,grpo_loss,0.5856119990348816,,0.0,-0.6130962636456844,-0.5824414565943627,0.001,0.001,True,
1146,stage1_understanding,understanding,/Users/ritesh.thawkar/Ritesh/self-evolving-uug/runs/final/E2_understanding_only/iter_log.jsonl,proposer,kl_loss,0.0,,0.0,-0.6130962636456844,-0.5824414565943627,0.001,0.001,True,
1147,stage1_understanding,understanding,/Users/ritesh.thawkar/Ritesh/self-evolving-uug/runs/final/E2_understanding_only/iter_log.jsonl,proposer,grpo_loss,0.84765625,,0.0,-0.8771929732225301,-0.8333333333333334,0.001,0.001,True,
1147,stage1_understanding,understanding,/Users/ritesh.thawkar/Ritesh/self-evolving-uug/runs/final/E2_understanding_only/iter_log.jsonl,proposer,kl_loss,0.0,,0.0,-0.8771929732225301,-0.8333333333333334,0.001,0.001,True,
1148,stage1_understanding,understanding,/Users/ritesh.thawkar/Ritesh/self-evolving-uug/runs/final/E2_understanding_only/iter_log.jsonl,proposer,grpo_loss,-0.2096354216337204,,0.0,0.2170381995152336,0.05078899000047821,0.001,0.001,True,
1148,stage1_understanding,understanding,/Users/ritesh.thawkar/Ritesh/self-evolving-uug/runs/final/E2_understanding_only/iter_log.jsonl,proposer,kl_loss,0.0,,0.0,0.2170381995152336,0.05078899000047821,0.001,0.001,True,
1149,stage1_understanding,understanding,/Users/ritesh.thawkar/Ritesh/self-evolving-uug/runs/final/E2_understanding_only/iter_log.jsonl,proposer,grpo_loss,0.78515625,,0.0,-0.8054030313174976,-0.765132887805653,0.001,0.001,True,
1149,stage1_understanding,understanding,/Users/ritesh.thawkar/Ritesh/self-evolving-uug/runs/final/E2_understanding_only/iter_log.jsonl,proposer,kl_loss,0.0,,0.0,-0.8054030313174976,-0.765132887805653,0.001,0.001,True,
1150,stage1_understanding,understanding,/Users/ritesh.thawkar/Ritesh/self-evolving-uug/runs/final/E2_understanding_only/iter_log.jsonl,proposer,grpo_loss,0.8372396230697632,,0.0,-0.8771929732225301,-0.8333333333333334,0.001,0.001,True,
1150,stage1_understanding,understanding,/Users/ritesh.thawkar/Ritesh/self-evolving-uug/runs/final/E2_understanding_only/iter_log.jsonl,proposer,kl_loss,0.0,,0.0,-0.8771929732225301,-0.8333333333333334,0.001,0.001,True,
1151,stage1_understanding,understanding,/Users/ritesh.thawkar/Ritesh/self-evolving-uug/runs/final/E2_understanding_only/iter_log.jsonl,proposer,grpo_loss,0.1028645858168602,,0.0,-0.10910799222605842,-0.027034652677298137,0.001,0.001,True,
1151,stage1_understanding,understanding,/Users/ritesh.thawkar/Ritesh/self-evolving-uug/runs/final/E2_understanding_only/iter_log.jsonl,proposer,kl_loss,0.0,,0.0,-0.10910799222605842,-0.027034652677298137,0.001,0.001,True,
1152,stage1_understanding,understanding,/Users/ritesh.thawkar/Ritesh/self-evolving-uug/runs/final/E2_understanding_only/iter_log.jsonl,proposer,grpo_loss,0.83984375,,0.0,-0.8771929732225301,-0.8333333333333334,0.001,0.001,True,
1152,stage1_understanding,understanding,/Users/ritesh.thawkar/Ritesh/self-evolving-uug/runs/final/E2_understanding_only/iter_log.jsonl,proposer,kl_loss,0.0,,0.0,-0.8771929732225301,-0.8333333333333334,0.001,0.001,True,
1153,stage1_understanding,understanding,/Users/ritesh.thawkar/Ritesh/self-evolving-uug/runs/final/E2_understanding_only/iter_log.jsonl,proposer,grpo_loss,-0.90625,,0.0,0.9308267914404641,0.1984352015713671,0.001,0.001,True,
1153,stage1_understanding,understanding,/Users/ritesh.thawkar/Ritesh/self-evolving-uug/runs/final/E2_understanding_only/iter_log.jsonl,proposer,kl_loss,0.0,,0.0,0.9308267914404641,0.1984352015713671,0.001,0.001,True,
1154,stage1_understanding,understanding,/Users/ritesh.thawkar/Ritesh/self-evolving-uug/runs/final/E2_understanding_only/iter_log.jsonl,proposer,grpo_loss,-0.4576823115348816,,0.0,0.48542814251083044,0.42960391097636635,0.001,0.001,True,
1154,stage1_understanding,understanding,/Users/ritesh.thawkar/Ritesh/self-evolving-uug/runs/final/E2_understanding_only/iter_log.jsonl,proposer,kl_loss,0.0,,0.0,0.48542814251083044,0.42960391097636635,0.001,0.001,True,
1155,stage1_understanding,understanding,/Users/ritesh.thawkar/Ritesh/self-evolving-uug/runs/final/E2_understanding_only/iter_log.jsonl,proposer,grpo_loss,0.33984375,,0.0,-0.35278987227896313,-0.33515038219291365,0.001,0.001,True,
1155,stage1_understanding,understanding,/Users/ritesh.thawkar/Ritesh/self-evolving-uug/runs/final/E2_understanding_only/iter_log.jsonl,proposer,kl_loss,0.0,,0.0,-0.35278987227896313,-0.33515038219291365,0.001,0.001,True,
1156,stage1_understanding,understanding,/Users/ritesh.thawkar/Ritesh/self-evolving-uug/runs/final/E2_understanding_only/iter_log.jsonl,proposer,grpo_loss,0.5745443105697632,,0.0,-0.5927249209318143,-0.5630886808124728,0.001,0.001,True,
1156,stage1_understanding,understanding,/Users/ritesh.thawkar/Ritesh/self-evolving-uug/runs/final/E2_understanding_only/iter_log.jsonl,proposer,kl_loss,0.0,,0.0,-0.5927249209318143,-0.5630886808124728,0.001,0.001,True,
1157,stage1_understanding,understanding,/Users/ritesh.thawkar/Ritesh/self-evolving-uug/runs/final/E2_understanding_only/iter_log.jsonl,proposer,grpo_loss,-0.4619140625,,0.0,0.48942490995752613,0.35938351787361605,0.001,0.001,True,
1157,stage1_understanding,understanding,/Users/ritesh.thawkar/Ritesh/self-evolving-uug/runs/final/E2_understanding_only/iter_log.jsonl,proposer,kl_loss,0.0,,0.0,0.48942490995752613,0.35938351787361605,0.001,0.001,True,
1158,stage1_understanding,understanding,/Users/ritesh.thawkar/Ritesh/self-evolving-uug/runs/final/E2_understanding_only/iter_log.jsonl,proposer,grpo_loss,0.8268229365348816,,0.0,-0.8771929732225301,-0.8333333333333334,0.001,0.001,True,
1158,stage1_understanding,understanding,/Users/ritesh.thawkar/Ritesh/self-evolving-uug/runs/final/E2_understanding_only/iter_log.jsonl,proposer,kl_loss,0.0,,0.0,-0.8771929732225301,-0.8333333333333334,0.001,0.001,True,
1159,stage1_understanding,understanding,/Users/ritesh.thawkar/Ritesh/self-evolving-uug/runs/final/E2_understanding_only/iter_log.jsonl,proposer,grpo_loss,0.3828125,,0.0,-0.40598488338951305,-0.0795055681821204,0.001,0.001,True,
1159,stage1_understanding,understanding,/Users/ritesh.thawkar/Ritesh/self-evolving-uug/runs/final/E2_understanding_only/iter_log.jsonl,proposer,kl_loss,0.0,,0.0,-0.40598488338951305,-0.0795055681821204,0.001,0.001,True,
1160,stage1_understanding,understanding,/Users/ritesh.thawkar/Ritesh/self-evolving-uug/runs/final/E2_understanding_only/iter_log.jsonl,proposer,grpo_loss,0.44140625,,0.0,-0.4606845982576478,-0.15369400088027496,0.001,0.001,True,
1160,stage1_understanding,understanding,/Users/ritesh.thawkar/Ritesh/self-evolving-uug/runs/final/E2_understanding_only/iter_log.jsonl,proposer,kl_loss,0.0,,0.0,-0.4606845982576478,-0.15369400088027496,0.001,0.001,True,
1161,stage1_understanding,understanding,/Users/ritesh.thawkar/Ritesh/self-evolving-uug/runs/final/E2_understanding_only/iter_log.jsonl,proposer,grpo_loss,0.6046549677848816,,0.0,-0.6343973157847187,-0.6026774563394559,0.001,0.001,True,
1161,stage1_understanding,understanding,/Users/ritesh.thawkar/Ritesh/self-evolving-uug/runs/final/E2_understanding_only/iter_log.jsonl,proposer,kl_loss,0.0,,0.0,-0.6343973157847187,-0.6026774563394559,0.001,0.001,True,
1162,stage1_understanding,understanding,/Users/ritesh.thawkar/Ritesh/self-evolving-uug/runs/final/E2_understanding_only/iter_log.jsonl,proposer,grpo_loss,-0.7734375,,0.0,0.8112331920390133,0.18327880989942988,0.001,0.001,True,
1162,stage1_understanding,understanding,/Users/ritesh.thawkar/Ritesh/self-evolving-uug/runs/final/E2_understanding_only/iter_log.jsonl,proposer,kl_loss,0.0,,0.0,0.8112331920390133,0.18327880989942988,0.001,0.001,True,
1163,stage1_understanding,understanding,/Users/ritesh.thawkar/Ritesh/self-evolving-uug/runs/final/E2_understanding_only/iter_log.jsonl,proposer,grpo_loss,0.5559896230697632,,0.0,-0.5930950488776637,-0.40979664400449173,0.001,0.001,True,
1163,stage1_understanding,understanding,/Users/ritesh.thawkar/Ritesh/self-evolving-uug/runs/final/E2_understanding_only/iter_log.jsonl,proposer,kl_loss,0.0,,0.0,-0.5930950488776637,-0.40979664400449173,0.001,0.001,True,
1164,stage1_understanding,understanding,/Users/ritesh.thawkar/Ritesh/self-evolving-uug/runs/final/E2_understanding_only/iter_log.jsonl,proposer,grpo_loss,-0.9283854365348816,,0.0,0.9704501296484546,0.17112690284823895,0.001,0.001,True,
1164,stage1_understanding,understanding,/Users/ritesh.thawkar/Ritesh/self-evolving-uug/runs/final/E2_understanding_only/iter_log.jsonl,proposer,kl_loss,0.0,,0.0,0.9704501296484546,0.17112690284823895,0.001,0.001,True,
1165,stage1_understanding,understanding,/Users/ritesh.thawkar/Ritesh/self-evolving-uug/runs/final/E2_understanding_only/iter_log.jsonl,proposer,grpo_loss,0.84375,,0.0,-0.8771929732225301,-0.8333333333333334,0.001,0.001,True,
1165,stage1_understanding,understanding,/Users/ritesh.thawkar/Ritesh/self-evolving-uug/runs/final/E2_understanding_only/iter_log.jsonl,proposer,kl_loss,0.0,,0.0,-0.8771929732225301,-0.8333333333333334,0.001,0.001,True,
1166,stage1_understanding,understanding,/Users/ritesh.thawkar/Ritesh/self-evolving-uug/runs/final/E2_understanding_only/iter_log.jsonl,proposer,grpo_loss,0.6207682490348816,,0.0,-0.6418426183505547,-0.6097504938514532,0.001,0.001,True,
1166,stage1_understanding,understanding,/Users/ritesh.thawkar/Ritesh/self-evolving-uug/runs/final/E2_understanding_only/iter_log.jsonl,proposer,kl_loss,0.0,,0.0,-0.6418426183505547,-0.6097504938514532,0.001,0.001,True,
1167,stage1_understanding,understanding,/Users/ritesh.thawkar/Ritesh/self-evolving-uug/runs/final/E2_understanding_only/iter_log.jsonl,proposer,grpo_loss,0.2220052182674408,,0.0,-0.22681323879026216,-0.21547257911888143,0.001,0.001,True,
1167,stage1_understanding,understanding,/Users/ritesh.thawkar/Ritesh/self-evolving-uug/runs/final/E2_understanding_only/iter_log.jsonl,proposer,kl_loss,0.0,,0.0,-0.22681323879026216,-0.21547257911888143,0.001,0.001,True,
1168,stage1_understanding,understanding,/Users/ritesh.thawkar/Ritesh/self-evolving-uug/runs/final/E2_understanding_only/iter_log.jsonl,proposer,grpo_loss,0.83984375,,0.0,-0.8778754021212464,-1.0210189140906998,0.001,0.001,True,
1168,stage1_understanding,understanding,/Users/ritesh.thawkar/Ritesh/self-evolving-uug/runs/final/E2_understanding_only/iter_log.jsonl,proposer,kl_loss,0.0,,0.0,-0.8778754021212464,-1.0210189140906998,0.001,0.001,True,
1169,stage1_understanding,understanding,/Users/ritesh.thawkar/Ritesh/self-evolving-uug/runs/final/E2_understanding_only/iter_log.jsonl,proposer,grpo_loss,0.8385416865348816,,0.0,-0.8771929732225301,-0.8333333333333334,0.001,0.001,True,
1169,stage1_understanding,understanding,/Users/ritesh.thawkar/Ritesh/self-evolving-uug/runs/final/E2_understanding_only/iter_log.jsonl,proposer,kl_loss,0.0,,0.0,-0.8771929732225301,-0.8333333333333334,0.001,0.001,True,
1170,stage1_understanding,understanding,/Users/ritesh.thawkar/Ritesh/self-evolving-uug/runs/final/E2_understanding_only/iter_log.jsonl,proposer,grpo_loss,0.76171875,,0.0,-0.8102371060375108,-1.0760035752004962,0.001,0.001,True,
1170,stage1_understanding,understanding,/Users/ritesh.thawkar/Ritesh/self-evolving-uug/runs/final/E2_understanding_only/iter_log.jsonl,proposer,kl_loss,0.0,,0.0,-0.8102371060375108,-1.0760035752004962,0.001,0.001,True,
1171,stage1_understanding,understanding,/Users/ritesh.thawkar/Ritesh/self-evolving-uug/runs/final/E2_understanding_only/iter_log.jsonl,proposer,grpo_loss,0.375,,0.0,-0.39560257239204216,-0.37582244772846574,0.001,0.001,True,
1171,stage1_understanding,understanding,/Users/ritesh.thawkar/Ritesh/self-evolving-uug/runs/final/E2_understanding_only/iter_log.jsonl,proposer,kl_loss,0.0,,0.0,-0.39560257239204216,-0.37582244772846574,0.001,0.001,True,
1172,stage1_understanding,understanding,/Users/ritesh.thawkar/Ritesh/self-evolving-uug/runs/final/E2_understanding_only/iter_log.jsonl,proposer,grpo_loss,0.5227864980697632,,0.0,-0.5508135057269614,-0.5232728359487484,0.001,0.001,True,
1172,stage1_understanding,understanding,/Users/ritesh.thawkar/Ritesh/self-evolving-uug/runs/final/E2_understanding_only/iter_log.jsonl,proposer,kl_loss,0.0,,0.0,-0.5508135057269614,-0.5232728359487484,0.001,0.001,True,
1173,stage1_understanding,understanding,/Users/ritesh.thawkar/Ritesh/self-evolving-uug/runs/final/E2_understanding_only/iter_log.jsonl,proposer,grpo_loss,0.1920572966337204,,0.0,-0.20526113327556283,-0.194998078664396,0.001,0.001,True,
1173,stage1_understanding,understanding,/Users/ritesh.thawkar/Ritesh/self-evolving-uug/runs/final/E2_understanding_only/iter_log.jsonl,proposer,kl_loss,0.0,,0.0,-0.20526113327556283,-0.194998078664396,0.001,0.001,True,
1174,stage1_understanding,understanding,/Users/ritesh.thawkar/Ritesh/self-evolving-uug/runs/final/E2_understanding_only/iter_log.jsonl,proposer,grpo_loss,0.83984375,,0.0,-0.8771929732225301,-0.8333333333333334,0.001,0.001,True,
1174,stage1_understanding,understanding,/Users/ritesh.thawkar/Ritesh/self-evolving-uug/runs/final/E2_understanding_only/iter_log.jsonl,proposer,kl_loss,0.0,,0.0,-0.8771929732225301,-0.8333333333333334,0.001,0.001,True,
1175,stage1_understanding,understanding,/Users/ritesh.thawkar/Ritesh/self-evolving-uug/runs/final/E2_understanding_only/iter_log.jsonl,proposer,grpo_loss,0.1048177108168602,,0.0,-0.1099713995244187,-0.10447283064791175,0.001,0.001,True,
1175,stage1_understanding,understanding,/Users/ritesh.thawkar/Ritesh/self-evolving-uug/runs/final/E2_understanding_only/iter_log.jsonl,proposer,kl_loss,0.0,,0.0,-0.1099713995244187,-0.10447283064791175,0.001,0.001,True,
1176,stage1_understanding,understanding,/Users/ritesh.thawkar/Ritesh/self-evolving-uug/runs/final/E2_understanding_only/iter_log.jsonl,proposer,grpo_loss,0.1510416716337204,,0.0,-0.16137373968662702,-0.15330505431603306,0.001,0.001,True,
1176,stage1_understanding,understanding,/Users/ritesh.thawkar/Ritesh/self-evolving-uug/runs/final/E2_understanding_only/iter_log.jsonl,proposer,kl_loss,0.0,,0.0,-0.16137373968662702,-0.15330505431603306,0.001,0.001,True,
1177,stage1_understanding,understanding,/Users/ritesh.thawkar/Ritesh/self-evolving-uug/runs/final/E2_understanding_only/iter_log.jsonl,proposer,grpo_loss,-0.439453125,,0.0,0.45521430075193203,0.13251965755079728,0.001,0.001,True,
1177,stage1_understanding,understanding,/Users/ritesh.thawkar/Ritesh/self-evolving-uug/runs/final/E2_understanding_only/iter_log.jsonl,proposer,kl_loss,0.0,,0.0,0.45521430075193203,0.13251965755079728,0.001,0.001,True,
1178,stage1_understanding,understanding,/Users/ritesh.thawkar/Ritesh/self-evolving-uug/runs/final/E2_understanding_only/iter_log.jsonl,proposer,grpo_loss,0.7027994990348816,,0.0,-0.7328483341874943,-0.6962059248066029,0.001,0.001,True,
1178,stage1_understanding,understanding,/Users/ritesh.thawkar/Ritesh/self-evolving-uug/runs/final/E2_understanding_only/iter_log.jsonl,proposer,kl_loss,0.0,,0.0,-0.7328483341874943,-0.6962059248066029,0.001,0.001,True,
1179,stage1_understanding,understanding,/Users/ritesh.thawkar/Ritesh/self-evolving-uug/runs/final/E2_understanding_only/iter_log.jsonl,proposer,grpo_loss,0.8372396230697632,,0.0,-0.8771929732225301,-0.8333333333333334,0.001,0.001,True,
1179,stage1_understanding,understanding,/Users/ritesh.thawkar/Ritesh/self-evolving-uug/runs/final/E2_understanding_only/iter_log.jsonl,proposer,kl_loss,0.0,,0.0,-0.8771929732225301,-0.8333333333333334,0.001,0.001,True,
1180,stage1_understanding,understanding,/Users/ritesh.thawkar/Ritesh/self-evolving-uug/runs/final/E2_understanding_only/iter_log.jsonl,proposer,grpo_loss,0.5234375,,0.0,-0.5477207651746093,-0.5203347323930865,0.001,0.001,True,
1180,stage1_understanding,understanding,/Users/ritesh.thawkar/Ritesh/self-evolving-uug/runs/final/E2_understanding_only/iter_log.jsonl,proposer,kl_loss,0.0,,0.0,-0.5477207651746093,-0.5203347323930865,0.001,0.001,True,
1181,stage1_understanding,understanding,/Users/ritesh.thawkar/Ritesh/self-evolving-uug/runs/final/E2_understanding_only/iter_log.jsonl,proposer,grpo_loss,-0.501953125,,0.0,0.5279309679799941,0.4751378764613044,0.001,0.001,True,
1181,stage1_understanding,understanding,/Users/ritesh.thawkar/Ritesh/self-evolving-uug/runs/final/E2_understanding_only/iter_log.jsonl,proposer,kl_loss,0.0,,0.0,0.5279309679799941,0.4751378764613044,0.001,0.001,True,
1182,stage1_understanding,understanding,/Users/ritesh.thawkar/Ritesh/self-evolving-uug/runs/final/E2_understanding_only/iter_log.jsonl,proposer,grpo_loss,0.599609375,,0.0,-0.6330356752942676,-0.22187934432535492,0.001,0.001,True,
1182,stage1_understanding,understanding,/Users/ritesh.thawkar/Ritesh/self-evolving-uug/runs/final/E2_understanding_only/iter_log.jsonl,proposer,kl_loss,0.0,,0.0,-0.6330356752942676,-0.22187934432535492,0.001,0.001,True,
1183,stage1_understanding,understanding,/Users/ritesh.thawkar/Ritesh/self-evolving-uug/runs/final/E2_understanding_only/iter_log.jsonl,proposer,grpo_loss,0.515625,,0.0,-0.5370881081003538,-0.5102337080662172,0.001,0.001,True,
1183,stage1_understanding,understanding,/Users/ritesh.thawkar/Ritesh/self-evolving-uug/runs/final/E2_understanding_only/iter_log.jsonl,proposer,kl_loss,0.0,,0.0,-0.5370881081003538,-0.5102337080662172,0.001,0.001,True,
1184,stage1_understanding,understanding,/Users/ritesh.thawkar/Ritesh/self-evolving-uug/runs/final/E2_understanding_only/iter_log.jsonl,proposer,grpo_loss,0.2630208432674408,,0.0,-0.277198878802203,-0.05254815459300503,0.001,0.001,True,
1184,stage1_understanding,understanding,/Users/ritesh.thawkar/Ritesh/self-evolving-uug/runs/final/E2_understanding_only/iter_log.jsonl,proposer,kl_loss,0.0,,0.0,-0.277198878802203,-0.05254815459300503,0.001,0.001,True,
1185,stage1_understanding,understanding,/Users/ritesh.thawkar/Ritesh/self-evolving-uug/runs/final/E2_understanding_only/iter_log.jsonl,proposer,grpo_loss,0.109375,,0.0,-0.11044889573952199,-0.10492645205703484,0.001,0.001,True,
1185,stage1_understanding,understanding,/Users/ritesh.thawkar/Ritesh/self-evolving-uug/runs/final/E2_understanding_only/iter_log.jsonl,proposer,kl_loss,0.0,,0.0,-0.11044889573952199,-0.10492645205703484,0.001,0.001,True,
1186,stage1_understanding,understanding,/Users/ritesh.thawkar/Ritesh/self-evolving-uug/runs/final/E2_understanding_only/iter_log.jsonl,proposer,grpo_loss,-0.2421875,,0.0,0.24892347762358444,0.04596794337712127,0.001,0.001,True,
1186,stage1_understanding,understanding,/Users/ritesh.thawkar/Ritesh/self-evolving-uug/runs/final/E2_understanding_only/iter_log.jsonl,proposer,kl_loss,0.0,,0.0,0.24892347762358444,0.04596794337712127,0.001,0.001,True,
1187,stage1_understanding,understanding,/Users/ritesh.thawkar/Ritesh/self-evolving-uug/runs/final/E2_understanding_only/iter_log.jsonl,proposer,grpo_loss,0.5481771230697632,,0.0,-0.5765973838356881,-0.5477675204098775,0.001,0.001,True,
1187,stage1_understanding,understanding,/Users/ritesh.thawkar/Ritesh/self-evolving-uug/runs/final/E2_understanding_only/iter_log.jsonl,proposer,kl_loss,0.0,,0.0,-0.5765973838356881,-0.5477675204098775,0.001,0.001,True,
1188,stage1_understanding,understanding,/Users/ritesh.thawkar/Ritesh/self-evolving-uug/runs/final/E2_understanding_only/iter_log.jsonl,proposer,grpo_loss,0.8307291865348816,,0.0,-0.8771929732225301,-0.8333333333333334,0.001,0.001,True,
1188,stage1_understanding,understanding,/Users/ritesh.thawkar/Ritesh/self-evolving-uug/runs/final/E2_understanding_only/iter_log.jsonl,proposer,kl_loss,0.0,,0.0,-0.8771929732225301,-0.8333333333333334,0.001,0.001,True,
1189,stage1_understanding,understanding,/Users/ritesh.thawkar/Ritesh/self-evolving-uug/runs/final/E2_understanding_only/iter_log.jsonl,proposer,grpo_loss,0.5384114980697632,,0.0,-0.5635642204456357,-0.5353860150589961,0.001,0.001,True,
1189,stage1_understanding,understanding,/Users/ritesh.thawkar/Ritesh/self-evolving-uug/runs/final/E2_understanding_only/iter_log.jsonl,proposer,kl_loss,0.0,,0.0,-0.5635642204456357,-0.5353860150589961,0.001,0.001,True,
1190,stage1_understanding,understanding,/Users/ritesh.thawkar/Ritesh/self-evolving-uug/runs/final/E2_understanding_only/iter_log.jsonl,proposer,grpo_loss,0.4505208432674408,,0.0,-0.46579436030495686,-0.08931303190583402,0.001,0.001,True,
1190,stage1_understanding,understanding,/Users/ritesh.thawkar/Ritesh/self-evolving-uug/runs/final/E2_understanding_only/iter_log.jsonl,proposer,kl_loss,0.0,,0.0,-0.46579436030495686,-0.08931303190583402,0.001,0.001,True,
1191,stage1_understanding,understanding,/Users/ritesh.thawkar/Ritesh/self-evolving-uug/runs/final/E2_understanding_only/iter_log.jsonl,proposer,grpo_loss,0.412109375,,0.0,-0.4279061516584952,-0.13161839998800387,0.001,0.001,True,
1191,stage1_understanding,understanding,/Users/ritesh.thawkar/Ritesh/self-evolving-uug/runs/final/E2_understanding_only/iter_log.jsonl,proposer,kl_loss,0.0,,0.0,-0.4279061516584952,-0.13161839998800387,0.001,0.001,True,
1192,stage1_understanding,understanding,/Users/ritesh.thawkar/Ritesh/self-evolving-uug/runs/final/E2_understanding_only/iter_log.jsonl,proposer,grpo_loss,0.8359375,,0.0,-0.8771929732225301,-0.8333333333333334,0.001,0.001,True,
1192,stage1_understanding,understanding,/Users/ritesh.thawkar/Ritesh/self-evolving-uug/runs/final/E2_understanding_only/iter_log.jsonl,proposer,kl_loss,0.0,,0.0,-0.8771929732225301,-0.8333333333333334,0.001,0.001,True,
1193,stage1_understanding,understanding,/Users/ritesh.thawkar/Ritesh/self-evolving-uug/runs/final/E2_understanding_only/iter_log.jsonl,proposer,grpo_loss,0.82421875,,0.0,-0.8771929732225301,-0.8333333333333334,0.001,0.001,True,
1193,stage1_understanding,understanding,/Users/ritesh.thawkar/Ritesh/self-evolving-uug/runs/final/E2_understanding_only/iter_log.jsonl,proposer,kl_loss,0.0,,0.0,-0.8771929732225301,-0.8333333333333334,0.001,0.001,True,
1194,stage1_understanding,understanding,/Users/ritesh.thawkar/Ritesh/self-evolving-uug/runs/final/E2_understanding_only/iter_log.jsonl,proposer,grpo_loss,0.8385416865348816,,0.0,-0.8771929732225301,-0.8333333333333334,0.001,0.001,True,
1194,stage1_understanding,understanding,/Users/ritesh.thawkar/Ritesh/self-evolving-uug/runs/final/E2_understanding_only/iter_log.jsonl,proposer,kl_loss,0.0,,0.0,-0.8771929732225301,-0.8333333333333334,0.001,0.001,True,
1195,stage1_understanding,understanding,/Users/ritesh.thawkar/Ritesh/self-evolving-uug/runs/final/E2_understanding_only/iter_log.jsonl,proposer,grpo_loss,0.8450521230697632,,0.0,-0.8771929732225301,-0.8333333333333334,0.001,0.001,True,
1195,stage1_understanding,understanding,/Users/ritesh.thawkar/Ritesh/self-evolving-uug/runs/final/E2_understanding_only/iter_log.jsonl,proposer,kl_loss,0.0,,0.0,-0.8771929732225301,-0.8333333333333334,0.001,0.001,True,
1196,stage1_understanding,understanding,/Users/ritesh.thawkar/Ritesh/self-evolving-uug/runs/final/E2_understanding_only/iter_log.jsonl,proposer,grpo_loss,0.5768229365348816,,0.0,-0.5993832596268349,-0.3153486105429502,0.001,0.001,True,
1196,stage1_understanding,understanding,/Users/ritesh.thawkar/Ritesh/self-evolving-uug/runs/final/E2_understanding_only/iter_log.jsonl,proposer,kl_loss,0.0,,0.0,-0.5993832596268349,-0.3153486105429502,0.001,0.001,True,
1197,stage1_understanding,understanding,/Users/ritesh.thawkar/Ritesh/self-evolving-uug/runs/final/E2_understanding_only/iter_log.jsonl,proposer,grpo_loss,0.53125,,0.0,-0.5539265117741944,-0.5262301917247498,0.001,0.001,True,
1197,stage1_understanding,understanding,/Users/ritesh.thawkar/Ritesh/self-evolving-uug/runs/final/E2_understanding_only/iter_log.jsonl,proposer,kl_loss,0.0,,0.0,-0.5539265117741944,-0.5262301917247498,0.001,0.001,True,
1198,stage1_understanding,understanding,/Users/ritesh.thawkar/Ritesh/self-evolving-uug/runs/final/E2_understanding_only/iter_log.jsonl,proposer,grpo_loss,-0.0182291679084301,,0.0,0.017932081178743804,0.0055095040187916515,0.001,0.001,True,
1198,stage1_understanding,understanding,/Users/ritesh.thawkar/Ritesh/self-evolving-uug/runs/final/E2_understanding_only/iter_log.jsonl,proposer,kl_loss,0.0,,0.0,0.017932081178743804,0.0055095040187916515,0.001,0.001,True,
1199,stage1_understanding,understanding,/Users/ritesh.thawkar/Ritesh/self-evolving-uug/runs/final/E2_understanding_only/iter_log.jsonl,proposer,grpo_loss,0.8294271230697632,,0.0,-0.8771929732225301,-0.8333333333333334,0.001,0.001,True,
1199,stage1_understanding,understanding,/Users/ritesh.thawkar/Ritesh/self-evolving-uug/runs/final/E2_understanding_only/iter_log.jsonl,proposer,kl_loss,0.0,,0.0,-0.8771929732225301,-0.8333333333333334,0.001,0.001,True,
1200,stage1_understanding,understanding,/Users/ritesh.thawkar/Ritesh/self-evolving-uug/runs/final/E2_understanding_only/iter_log.jsonl,proposer,grpo_loss,0.5208333730697632,,0.0,-0.5457381197562665,-0.5184512192258344,0.001,0.001,True,
1200,stage1_understanding,understanding,/Users/ritesh.thawkar/Ritesh/self-evolving-uug/runs/final/E2_understanding_only/iter_log.jsonl,proposer,kl_loss,0.0,,0.0,-0.5457381197562665,-0.5184512192258344,0.001,0.001,True,
1201,stage1_understanding,understanding,/Users/ritesh.thawkar/Ritesh/self-evolving-uug/runs/final/E2_understanding_only/iter_log.jsonl,proposer,grpo_loss,0.6075846552848816,,0.0,-0.6396817212337016,-0.6076976415688338,0.001,0.001,True,
1201,stage1_understanding,understanding,/Users/ritesh.thawkar/Ritesh/self-evolving-uug/runs/final/E2_understanding_only/iter_log.jsonl,proposer,kl_loss,0.0,,0.0,-0.6396817212337016,-0.6076976415688338,0.001,0.001,True,
1202,stage1_understanding,understanding,/Users/ritesh.thawkar/Ritesh/self-evolving-uug/runs/final/E2_understanding_only/iter_log.jsonl,proposer,grpo_loss,0.5358073115348816,,0.0,-0.5541447405046357,-0.5264375090208513,0.001,0.001,True,
1202,stage1_understanding,understanding,/Users/ritesh.thawkar/Ritesh/self-evolving-uug/runs/final/E2_understanding_only/iter_log.jsonl,proposer,kl_loss,0.0,,0.0,-0.5541447405046357,-0.5264375090208513,0.001,0.001,True,
1203,stage1_understanding,understanding,/Users/ritesh.thawkar/Ritesh/self-evolving-uug/runs/final/E2_understanding_only/iter_log.jsonl,proposer,grpo_loss,0.8307291865348816,,0.0,-0.8771929732225301,-0.8333333333333334,0.001,0.001,True,
1203,stage1_understanding,understanding,/Users/ritesh.thawkar/Ritesh/self-evolving-uug/runs/final/E2_understanding_only/iter_log.jsonl,proposer,kl_loss,0.0,,0.0,-0.8771929732225301,-0.8333333333333334,0.001,0.001,True,
1204,stage1_understanding,understanding,/Users/ritesh.thawkar/Ritesh/self-evolving-uug/runs/final/E2_understanding_only/iter_log.jsonl,proposer,grpo_loss,-0.8203125,,0.0,0.8664359037167645,0.23759914085180442,0.001,0.001,True,
1204,stage1_understanding,understanding,/Users/ritesh.thawkar/Ritesh/self-evolving-uug/runs/final/E2_understanding_only/iter_log.jsonl,proposer,kl_loss,0.0,,0.0,0.8664359037167645,0.23759914085180442,0.001,0.001,True,
1205,stage1_understanding,understanding,/Users/ritesh.thawkar/Ritesh/self-evolving-uug/runs/final/E2_understanding_only/iter_log.jsonl,proposer,grpo_loss,0.7161458730697632,,0.0,-0.7483276872222445,-0.42400328458976344,0.001,0.001,True,
1205,stage1_understanding,understanding,/Users/ritesh.thawkar/Ritesh/self-evolving-uug/runs/final/E2_understanding_only/iter_log.jsonl,proposer,kl_loss,0.0,,0.0,-0.7483276872222445,-0.42400328458976344,0.001,0.001,True,
1206,stage1_understanding,understanding,/Users/ritesh.thawkar/Ritesh/self-evolving-uug/runs/final/E2_understanding_only/iter_log.jsonl,proposer,grpo_loss,0.1832682341337204,,0.0,-0.19254047826488108,-0.1116044364649335,0.001,0.001,True,
1206,stage1_understanding,understanding,/Users/ritesh.thawkar/Ritesh/self-evolving-uug/runs/final/E2_understanding_only/iter_log.jsonl,proposer,kl_loss,0.0,,0.0,-0.19254047826488108,-0.1116044364649335,0.001,0.001,True,
1207,stage1_understanding,understanding,/Users/ritesh.thawkar/Ritesh/self-evolving-uug/runs/final/E2_understanding_only/iter_log.jsonl,proposer,grpo_loss,-0.8919271230697632,,0.0,0.9375578192042225,0.20927248758839354,0.001,0.001,True,
1207,stage1_understanding,understanding,/Users/ritesh.thawkar/Ritesh/self-evolving-uug/runs/final/E2_understanding_only/iter_log.jsonl,proposer,kl_loss,0.0,,0.0,0.9375578192042225,0.20927248758839354,0.001,0.001,True,
1208,stage1_understanding,understanding,/Users/ritesh.thawkar/Ritesh/self-evolving-uug/runs/final/E2_understanding_only/iter_log.jsonl,proposer,grpo_loss,-0.3046875,,0.0,0.3188640725071758,0.07771238649767542,0.001,0.001,True,
1208,stage1_understanding,understanding,/Users/ritesh.thawkar/Ritesh/self-evolving-uug/runs/final/E2_understanding_only/iter_log.jsonl,proposer,kl_loss,0.0,,0.0,0.3188640725071758,0.07771238649767542,0.001,0.001,True,
1209,stage1_understanding,understanding,/Users/ritesh.thawkar/Ritesh/self-evolving-uug/runs/final/E2_understanding_only/iter_log.jsonl,proposer,grpo_loss,0.83203125,,0.0,-0.8771929732225301,-0.8333333333333334,0.001,0.001,True,
1209,stage1_understanding,understanding,/Users/ritesh.thawkar/Ritesh/self-evolving-uug/runs/final/E2_understanding_only/iter_log.jsonl,proposer,kl_loss,0.0,,0.0,-0.8771929732225301,-0.8333333333333334,0.001,0.001,True,
1210,stage1_understanding,understanding,/Users/ritesh.thawkar/Ritesh/self-evolving-uug/runs/final/E2_understanding_only/iter_log.jsonl,proposer,grpo_loss,0.8346354365348816,,0.0,-0.8771929732225301,-0.8333333333333334,0.001,0.001,True,
1210,stage1_understanding,understanding,/Users/ritesh.thawkar/Ritesh/self-evolving-uug/runs/final/E2_understanding_only/iter_log.jsonl,proposer,kl_loss,0.0,,0.0,-0.8771929732225301,-0.8333333333333334,0.001,0.001,True,
1211,stage1_understanding,understanding,/Users/ritesh.thawkar/Ritesh/self-evolving-uug/runs/final/E2_understanding_only/iter_log.jsonl,proposer,grpo_loss,0.5830078125,,0.0,-0.6155440917320362,-0.5847668933008753,0.001,0.001,True,
1211,stage1_understanding,understanding,/Users/ritesh.thawkar/Ritesh/self-evolving-uug/runs/final/E2_understanding_only/iter_log.jsonl,proposer,kl_loss,0.0,,0.0,-0.6155440917320362,-0.5847668933008753,0.001,0.001,True,
1212,stage1_understanding,understanding,/Users/ritesh.thawkar/Ritesh/self-evolving-uug/runs/final/E2_understanding_only/iter_log.jsonl,proposer,grpo_loss,0.318359375,,0.0,-0.3366854881786057,-0.31985121713653036,0.001,0.001,True,
1212,stage1_understanding,understanding,/Users/ritesh.thawkar/Ritesh/self-evolving-uug/runs/final/E2_understanding_only/iter_log.jsonl,proposer,kl_loss,0.0,,0.0,-0.3366854881786057,-0.31985121713653036,0.001,0.001,True,
1213,stage1_understanding,understanding,/Users/ritesh.thawkar/Ritesh/self-evolving-uug/runs/final/E2_understanding_only/iter_log.jsonl,proposer,grpo_loss,-0.4466145932674408,,0.0,0.46893526226554566,0.12299695261318581,0.001,0.001,True,
1213,stage1_understanding,understanding,/Users/ritesh.thawkar/Ritesh/self-evolving-uug/runs/final/E2_understanding_only/iter_log.jsonl,proposer,kl_loss,0.0,,0.0,0.46893526226554566,0.12299695261318581,0.001,0.001,True,
1214,stage1_understanding,understanding,/Users/ritesh.thawkar/Ritesh/self-evolving-uug/runs/final/E2_understanding_only/iter_log.jsonl,proposer,grpo_loss,-0.7395833730697632,,0.0,0.7778615936355772,0.2539737948841923,0.001,0.001,True,
1214,stage1_understanding,understanding,/Users/ritesh.thawkar/Ritesh/self-evolving-uug/runs/final/E2_understanding_only/iter_log.jsonl,proposer,kl_loss,0.0,,0.0,0.7778615936355772,0.2539737948841923,0.001,0.001,True,
1215,stage1_understanding,understanding,/Users/ritesh.thawkar/Ritesh/self-evolving-uug/runs/final/E2_understanding_only/iter_log.jsonl,proposer,grpo_loss,0.2805989682674408,,0.0,-0.2900608085735464,-0.049318411303006425,0.001,0.001,True,
1215,stage1_understanding,understanding,/Users/ritesh.thawkar/Ritesh/self-evolving-uug/runs/final/E2_understanding_only/iter_log.jsonl,proposer,kl_loss,0.0,,0.0,-0.2900608085735464,-0.049318411303006425,0.001,0.001,True,
1216,stage1_understanding,understanding,/Users/ritesh.thawkar/Ritesh/self-evolving-uug/runs/final/E2_understanding_only/iter_log.jsonl,proposer,grpo_loss,0.2994791865348816,,0.0,-0.3127735022934001,-0.034963323025971826,0.001,0.001,True,
1216,stage1_understanding,understanding,/Users/ritesh.thawkar/Ritesh/self-evolving-uug/runs/final/E2_understanding_only/iter_log.jsonl,proposer,kl_loss,0.0,,0.0,-0.3127735022934001,-0.034963323025971826,0.001,0.001,True,
1217,stage1_understanding,understanding,/Users/ritesh.thawkar/Ritesh/self-evolving-uug/runs/final/E2_understanding_only/iter_log.jsonl,proposer,grpo_loss,0.1484375,,0.0,-0.15789521951053542,-0.15000046011396082,0.001,0.001,True,
1217,stage1_understanding,understanding,/Users/ritesh.thawkar/Ritesh/self-evolving-uug/runs/final/E2_understanding_only/iter_log.jsonl,proposer,kl_loss,0.0,,0.0,-0.15789521951053542,-0.15000046011396082,0.001,0.001,True,
1218,stage1_understanding,understanding,/Users/ritesh.thawkar/Ritesh/self-evolving-uug/runs/final/E2_understanding_only/iter_log.jsonl,proposer,grpo_loss,0.787109375,,0.0,-0.8397840994019544,-0.7977949028296978,0.001,0.001,True,
1218,stage1_understanding,understanding,/Users/ritesh.thawkar/Ritesh/self-evolving-uug/runs/final/E2_understanding_only/iter_log.jsonl,proposer,kl_loss,0.0,,0.0,-0.8397840994019544,-0.7977949028296978,0.001,0.001,True,
1219,stage1_understanding,understanding,/Users/ritesh.thawkar/Ritesh/self-evolving-uug/runs/final/E2_understanding_only/iter_log.jsonl,proposer,grpo_loss,0.8359375,,0.0,-0.8771929732225301,-0.8333333333333334,0.001,0.001,True,
1219,stage1_understanding,understanding,/Users/ritesh.thawkar/Ritesh/self-evolving-uug/runs/final/E2_understanding_only/iter_log.jsonl,proposer,kl_loss,0.0,,0.0,-0.8771929732225301,-0.8333333333333334,0.001,0.001,True,
1220,stage1_understanding,understanding,/Users/ritesh.thawkar/Ritesh/self-evolving-uug/runs/final/E2_understanding_only/iter_log.jsonl,proposer,grpo_loss,-0.9401041865348816,,0.0,0.9860655989858674,0.1936046268543735,0.001,0.001,True,
1220,stage1_understanding,understanding,/Users/ritesh.thawkar/Ritesh/self-evolving-uug/runs/final/E2_understanding_only/iter_log.jsonl,proposer,kl_loss,0.0,,0.0,0.9860655989858674,0.1936046268543735,0.001,0.001,True,
1221,stage1_understanding,understanding,/Users/ritesh.thawkar/Ritesh/self-evolving-uug/runs/final/E2_understanding_only/iter_log.jsonl,proposer,grpo_loss,0.4462890625,,0.0,-0.46707219257613336,-0.4437185876180485,0.001,0.001,True,
1221,stage1_understanding,understanding,/Users/ritesh.thawkar/Ritesh/self-evolving-uug/runs/final/E2_understanding_only/iter_log.jsonl,proposer,kl_loss,0.0,,0.0,-0.46707219257613336,-0.4437185876180485,0.001,0.001,True,
1222,stage1_understanding,understanding,/Users/ritesh.thawkar/Ritesh/self-evolving-uug/runs/final/E2_understanding_only/iter_log.jsonl,proposer,grpo_loss,-0.1119791716337204,,0.0,0.11606714286785198,0.018401861363079863,0.001,0.001,True,
1222,stage1_understanding,understanding,/Users/ritesh.thawkar/Ritesh/self-evolving-uug/runs/final/E2_understanding_only/iter_log.jsonl,proposer,kl_loss,0.0,,0.0,0.11606714286785198,0.018401861363079863,0.001,0.001,True,
1223,stage1_understanding,understanding,/Users/ritesh.thawkar/Ritesh/self-evolving-uug/runs/final/E2_understanding_only/iter_log.jsonl,proposer,grpo_loss,0.1884765625,,0.0,-0.19783127344304038,-0.18793971174920107,0.001,0.001,True,
1223,stage1_understanding,understanding,/Users/ritesh.thawkar/Ritesh/self-evolving-uug/runs/final/E2_understanding_only/iter_log.jsonl,proposer,kl_loss,0.0,,0.0,-0.19783127344304038,-0.18793971174920107,0.001,0.001,True,
1224,stage1_understanding,understanding,/Users/ritesh.thawkar/Ritesh/self-evolving-uug/runs/final/E2_understanding_only/iter_log.jsonl,proposer,grpo_loss,-0.6536458730697632,,0.0,0.7002715892775978,0.12845496375937596,0.001,0.001,True,
1224,stage1_understanding,understanding,/Users/ritesh.thawkar/Ritesh/self-evolving-uug/runs/final/E2_understanding_only/iter_log.jsonl,proposer,kl_loss,0.0,,0.0,0.7002715892775978,0.12845496375937596,0.001,0.001,True,
1225,stage1_understanding,understanding,/Users/ritesh.thawkar/Ritesh/self-evolving-uug/runs/final/E2_understanding_only/iter_log.jsonl,proposer,grpo_loss,0.8333333730697632,,0.0,-0.8771929732225301,-0.8333333333333334,0.001,0.001,True,
1225,stage1_understanding,understanding,/Users/ritesh.thawkar/Ritesh/self-evolving-uug/runs/final/E2_understanding_only/iter_log.jsonl,proposer,kl_loss,0.0,,0.0,-0.8771929732225301,-0.8333333333333334,0.001,0.001,True,
1226,stage1_understanding,understanding,/Users/ritesh.thawkar/Ritesh/self-evolving-uug/runs/final/E2_understanding_only/iter_log.jsonl,proposer,grpo_loss,0.5817057490348816,,0.0,-0.6175358978890061,-0.5866591091699148,0.001,0.001,True,
1226,stage1_understanding,understanding,/Users/ritesh.thawkar/Ritesh/self-evolving-uug/runs/final/E2_understanding_only/iter_log.jsonl,proposer,kl_loss,0.0,,0.0,-0.6175358978890061,-0.5866591091699148,0.001,0.001,True,
1227,stage1_understanding,understanding,/Users/ritesh.thawkar/Ritesh/self-evolving-uug/runs/final/E2_understanding_only/iter_log.jsonl,proposer,grpo_loss,0.2091471403837204,,0.0,-0.22320420174911246,-0.21204399389369885,0.001,0.001,True,
1227,stage1_understanding,understanding,/Users/ritesh.thawkar/Ritesh/self-evolving-uug/runs/final/E2_understanding_only/iter_log.jsonl,proposer,kl_loss,0.0,,0.0,-0.22320420174911246,-0.21204399389369885,0.001,0.001,True,
1228,stage1_understanding,understanding,/Users/ritesh.thawkar/Ritesh/self-evolving-uug/runs/final/E2_understanding_only/iter_log.jsonl,proposer,grpo_loss,0.5673828125,,0.0,-0.5871960999426099,-0.5578363008174404,0.001,0.001,True,
1228,stage1_understanding,understanding,/Users/ritesh.thawkar/Ritesh/self-evolving-uug/runs/final/E2_understanding_only/iter_log.jsonl,proposer,kl_loss,0.0,,0.0,-0.5871960999426099,-0.5578363008174404,0.001,0.001,True,
1229,stage1_understanding,understanding,/Users/ritesh.thawkar/Ritesh/self-evolving-uug/runs/final/E2_understanding_only/iter_log.jsonl,proposer,grpo_loss,0.6106771230697632,,0.0,-0.6338282339086231,-0.6021368285514743,0.001,0.001,True,
1229,stage1_understanding,understanding,/Users/ritesh.thawkar/Ritesh/self-evolving-uug/runs/final/E2_understanding_only/iter_log.jsonl,proposer,kl_loss,0.0,,0.0,-0.6338282339086231,-0.6021368285514743,0.001,0.001,True,
1230,stage1_understanding,understanding,/Users/ritesh.thawkar/Ritesh/self-evolving-uug/runs/final/E2_understanding_only/iter_log.jsonl,proposer,grpo_loss,0.7858073115348816,,0.0,-0.8194159106011915,-0.7784451232652909,0.001,0.001,True,
1230,stage1_understanding,understanding,/Users/ritesh.thawkar/Ritesh/self-evolving-uug/runs/final/E2_understanding_only/iter_log.jsonl,proposer,kl_loss,0.0,,0.0,-0.8194159106011915,-0.7784451232652909,0.001,0.001,True,
1231,stage1_understanding,understanding,/Users/ritesh.thawkar/Ritesh/self-evolving-uug/runs/final/E2_understanding_only/iter_log.jsonl,proposer,grpo_loss,0.8268229365348816,,0.0,-0.8771929732225301,-0.8333333333333334,0.001,0.001,True,
1231,stage1_understanding,understanding,/Users/ritesh.thawkar/Ritesh/self-evolving-uug/runs/final/E2_understanding_only/iter_log.jsonl,proposer,kl_loss,0.0,,0.0,-0.8771929732225301,-0.8333333333333334,0.001,0.001,True,
1232,stage1_understanding,understanding,/Users/ritesh.thawkar/Ritesh/self-evolving-uug/runs/final/E2_understanding_only/iter_log.jsonl,proposer,grpo_loss,-0.59765625,,0.0,0.6190533916732347,0.15287821866479404,0.001,0.001,True,
1232,stage1_understanding,understanding,/Users/ritesh.thawkar/Ritesh/self-evolving-uug/runs/final/E2_understanding_only/iter_log.jsonl,proposer,kl_loss,0.0,,0.0,0.6190533916732347,0.15287821866479404,0.001,0.001,True,
1233,stage1_understanding,understanding,/Users/ritesh.thawkar/Ritesh/self-evolving-uug/runs/final/E2_understanding_only/iter_log.jsonl,proposer,grpo_loss,0.2374674528837204,,0.0,-0.2446694920276243,-0.23243601987293797,0.001,0.001,True,
1233,stage1_understanding,understanding,/Users/ritesh.thawkar/Ritesh/self-evolving-uug/runs/final/E2_understanding_only/iter_log.jsonl,proposer,kl_loss,0.0,,0.0,-0.2446694920276243,-0.23243601987293797,0.001,0.001,True,
1234,stage1_understanding,understanding,/Users/ritesh.thawkar/Ritesh/self-evolving-uug/runs/final/E2_understanding_only/iter_log.jsonl,proposer,grpo_loss,-0.60546875,,0.0,0.6401255774891238,0.0755310780724207,0.001,0.001,True,
1234,stage1_understanding,understanding,/Users/ritesh.thawkar/Ritesh/self-evolving-uug/runs/final/E2_understanding_only/iter_log.jsonl,proposer,kl_loss,0.0,,0.0,0.6401255774891238,0.0755310780724207,0.001,0.001,True,
1235,stage1_understanding,understanding,/Users/ritesh.thawkar/Ritesh/self-evolving-uug/runs/final/E2_understanding_only/iter_log.jsonl,proposer,grpo_loss,0.5162760615348816,,0.0,-0.5413033841123901,-0.5142382203198045,0.001,0.001,True,
1235,stage1_understanding,understanding,/Users/ritesh.thawkar/Ritesh/self-evolving-uug/runs/final/E2_understanding_only/iter_log.jsonl,proposer,kl_loss,0.0,,0.0,-0.5413033841123901,-0.5142382203198045,0.001,0.001,True,
1236,stage1_understanding,understanding,/Users/ritesh.thawkar/Ritesh/self-evolving-uug/runs/final/E2_understanding_only/iter_log.jsonl,proposer,grpo_loss,-0.728515625,,0.0,0.7765306402401406,0.11887712645001154,0.001,0.001,True,
1236,stage1_understanding,understanding,/Users/ritesh.thawkar/Ritesh/self-evolving-uug/runs/final/E2_understanding_only/iter_log.jsonl,proposer,kl_loss,0.0,,0.0,0.7765306402401406,0.11887712645001154,0.001,0.001,True,
1237,stage1_understanding,understanding,/Users/ritesh.thawkar/Ritesh/self-evolving-uug/runs/final/E2_understanding_only/iter_log.jsonl,proposer,grpo_loss,-0.787109375,,0.0,0.8221101267573951,0.22940074328801208,0.001,0.001,True,
1237,stage1_understanding,understanding,/Users/ritesh.thawkar/Ritesh/self-evolving-uug/runs/final/E2_understanding_only/iter_log.jsonl,proposer,kl_loss,0.0,,0.0,0.8221101267573951,0.22940074328801208,0.001,0.001,True,
1238,stage1_understanding,understanding,/Users/ritesh.thawkar/Ritesh/self-evolving-uug/runs/final/E2_understanding_only/iter_log.jsonl,proposer,grpo_loss,0.8268229365348816,,0.0,-0.8771929732225301,-0.8333333333333334,0.001,0.001,True,
1238,stage1_understanding,understanding,/Users/ritesh.thawkar/Ritesh/self-evolving-uug/runs/final/E2_understanding_only/iter_log.jsonl,proposer,kl_loss,0.0,,0.0,-0.8771929732225301,-0.8333333333333334,0.001,0.001,True,
1239,stage1_understanding,understanding,/Users/ritesh.thawkar/Ritesh/self-evolving-uug/runs/final/E2_understanding_only/iter_log.jsonl,proposer,grpo_loss,-0.8997396230697632,,0.0,0.931389968450507,0.3509139628382953,0.001,0.001,True,
1239,stage1_understanding,understanding,/Users/ritesh.thawkar/Ritesh/self-evolving-uug/runs/final/E2_understanding_only/iter_log.jsonl,proposer,kl_loss,0.0,,0.0,0.931389968450507,0.3509139628382953,0.001,0.001,True,
1240,stage1_understanding,understanding,/Users/ritesh.thawkar/Ritesh/self-evolving-uug/runs/final/E2_understanding_only/iter_log.jsonl,proposer,grpo_loss,0.8229166865348816,,0.0,-0.8515782492159337,-0.8089993452709194,0.001,0.001,True,
1240,stage1_understanding,understanding,/Users/ritesh.thawkar/Ritesh/self-evolving-uug/runs/final/E2_understanding_only/iter_log.jsonl,proposer,kl_loss,0.0,,0.0,-0.8515782492159337,-0.8089993452709194,0.001,0.001,True,
1241,stage1_understanding,understanding,/Users/ritesh.thawkar/Ritesh/self-evolving-uug/runs/final/E2_understanding_only/iter_log.jsonl,proposer,grpo_loss,-0.6966146230697632,,0.0,0.7318393840485431,0.2082763686442901,0.001,0.001,True,
1241,stage1_understanding,understanding,/Users/ritesh.thawkar/Ritesh/self-evolving-uug/runs/final/E2_understanding_only/iter_log.jsonl,proposer,kl_loss,0.0,,0.0,0.7318393840485431,0.2082763686442901,0.001,0.001,True,
1242,stage1_understanding,understanding,/Users/ritesh.thawkar/Ritesh/self-evolving-uug/runs/final/E2_understanding_only/iter_log.jsonl,proposer,grpo_loss,0.5455729365348816,,0.0,-0.5718023293633677,-0.5432122186132227,0.001,0.001,True,
1242,stage1_understanding,understanding,/Users/ritesh.thawkar/Ritesh/self-evolving-uug/runs/final/E2_understanding_only/iter_log.jsonl,proposer,kl_loss,0.0,,0.0,-0.5718023293633677,-0.5432122186132227,0.001,0.001,True,
1243,stage1_understanding,understanding,/Users/ritesh.thawkar/Ritesh/self-evolving-uug/runs/final/E2_understanding_only/iter_log.jsonl,proposer,grpo_loss,0.8255208730697632,,0.0,-0.8771929732225301,-0.8333333333333334,0.001,0.001,True,
1243,stage1_understanding,understanding,/Users/ritesh.thawkar/Ritesh/self-evolving-uug/runs/final/E2_understanding_only/iter_log.jsonl,proposer,kl_loss,0.0,,0.0,-0.8771929732225301,-0.8333333333333334,0.001,0.001,True,
1244,stage1_understanding,understanding,/Users/ritesh.thawkar/Ritesh/self-evolving-uug/runs/final/E2_understanding_only/iter_log.jsonl,proposer,grpo_loss,0.8333333730697632,,0.0,-0.8771929732225301,-0.8333333333333334,0.001,0.001,True,
1244,stage1_understanding,understanding,/Users/ritesh.thawkar/Ritesh/self-evolving-uug/runs/final/E2_understanding_only/iter_log.jsonl,proposer,kl_loss,0.0,,0.0,-0.8771929732225301,-0.8333333333333334,0.001,0.001,True,
1245,stage1_understanding,understanding,/Users/ritesh.thawkar/Ritesh/self-evolving-uug/runs/final/E2_understanding_only/iter_log.jsonl,proposer,grpo_loss,-0.93359375,,0.0,0.9781338308486797,0.23646031381426347,0.001,0.001,True,
1245,stage1_understanding,understanding,/Users/ritesh.thawkar/Ritesh/self-evolving-uug/runs/final/E2_understanding_only/iter_log.jsonl,proposer,kl_loss,0.0,,0.0,0.9781338308486797,0.23646031381426347,0.001,0.001,True,
1246,stage1_understanding,understanding,/Users/ritesh.thawkar/Ritesh/self-evolving-uug/runs/final/E2_understanding_only/iter_log.jsonl,proposer,grpo_loss,0.8255208730697632,,0.0,-0.8771929732225301,-0.8333333333333334,0.001,0.001,True,
1246,stage1_understanding,understanding,/Users/ritesh.thawkar/Ritesh/self-evolving-uug/runs/final/E2_understanding_only/iter_log.jsonl,proposer,kl_loss,0.0,,0.0,-0.8771929732225301,-0.8333333333333334,0.001,0.001,True,
1247,stage1_understanding,understanding,/Users/ritesh.thawkar/Ritesh/self-evolving-uug/runs/final/E2_understanding_only/iter_log.jsonl,proposer,grpo_loss,0.5537109375,,0.0,-0.5877843684516902,-0.5583951559069494,0.001,0.001,True,
1247,stage1_understanding,understanding,/Users/ritesh.thawkar/Ritesh/self-evolving-uug/runs/final/E2_understanding_only/iter_log.jsonl,proposer,kl_loss,0.0,,0.0,-0.5877843684516902,-0.5583951559069494,0.001,0.001,True,
1248,stage1_understanding,understanding,/Users/ritesh.thawkar/Ritesh/self-evolving-uug/runs/final/E2_understanding_only/iter_log.jsonl,proposer,grpo_loss,0.5703125,,0.0,-0.5946889598171504,-0.5649545177731826,0.001,0.001,True,
1248,stage1_understanding,understanding,/Users/ritesh.thawkar/Ritesh/self-evolving-uug/runs/final/E2_understanding_only/iter_log.jsonl,proposer,kl_loss,0.0,,0.0,-0.5946889598171504,-0.5649545177731826,0.001,0.001,True,
1249,stage1_understanding,understanding,/Users/ritesh.thawkar/Ritesh/self-evolving-uug/runs/final/E2_understanding_only/iter_log.jsonl,proposer,grpo_loss,-0.6354166865348816,,0.0,0.6721228572390147,0.14769212013591174,0.001,0.001,True,
1249,stage1_understanding,understanding,/Users/ritesh.thawkar/Ritesh/self-evolving-uug/runs/final/E2_understanding_only/iter_log.jsonl,proposer,kl_loss,0.0,,0.0,0.6721228572390147,0.14769212013591174,0.001,0.001,True,
1250,stage1_understanding,understanding,/Users/ritesh.thawkar/Ritesh/self-evolving-uug/runs/final/E2_understanding_only/iter_log.jsonl,proposer,grpo_loss,0.5084635615348816,,0.0,-0.5389288962574359,-0.511982456833853,0.001,0.001,True,
1250,stage1_understanding,understanding,/Users/ritesh.thawkar/Ritesh/self-evolving-uug/runs/final/E2_understanding_only/iter_log.jsonl,proposer,kl_loss,0.0,,0.0,-0.5389288962574359,-0.511982456833853,0.001,0.001,True,
1251,stage1_understanding,understanding,/Users/ritesh.thawkar/Ritesh/self-evolving-uug/runs/final/E2_understanding_only/iter_log.jsonl,proposer,grpo_loss,-0.55615234375,,0.0,0.5895214099759666,0.19631856400031897,0.001,0.001,True,
1251,stage1_understanding,understanding,/Users/ritesh.thawkar/Ritesh/self-evolving-uug/runs/final/E2_understanding_only/iter_log.jsonl,proposer,kl_loss,0.0,,0.0,0.5895214099759666,0.19631856400031897,0.001,0.001,True,
1252,stage1_understanding,understanding,/Users/ritesh.thawkar/Ritesh/self-evolving-uug/runs/final/E2_understanding_only/iter_log.jsonl,proposer,grpo_loss,0.1123046875,,0.0,-0.11632850125083745,-0.1105120773515806,0.001,0.001,True,
1252,stage1_understanding,understanding,/Users/ritesh.thawkar/Ritesh/self-evolving-uug/runs/final/E2_understanding_only/iter_log.jsonl,proposer,kl_loss,0.0,,0.0,-0.11632850125083745,-0.1105120773515806,0.001,0.001,True,
1253,stage1_understanding,understanding,/Users/ritesh.thawkar/Ritesh/self-evolving-uug/runs/final/E2_understanding_only/iter_log.jsonl,proposer,grpo_loss,0.5696614980697632,,0.0,-0.5959765957824322,-0.5661777719530766,0.001,0.001,True,
1253,stage1_understanding,understanding,/Users/ritesh.thawkar/Ritesh/self-evolving-uug/runs/final/E2_understanding_only/iter_log.jsonl,proposer,kl_loss,0.0,,0.0,-0.5959765957824322,-0.5661777719530766,0.001,0.001,True,
1254,stage1_understanding,understanding,/Users/ritesh.thawkar/Ritesh/self-evolving-uug/runs/final/E2_understanding_only/iter_log.jsonl,proposer,grpo_loss,-0.7747396230697632,,0.0,0.8152542835795953,0.28852592487818257,0.001,0.001,True,
1254,stage1_understanding,understanding,/Users/ritesh.thawkar/Ritesh/self-evolving-uug/runs/final/E2_understanding_only/iter_log.jsonl,proposer,kl_loss,0.0,,0.0,0.8152542835795953,0.28852592487818257,0.001,0.001,True,
1255,stage1_understanding,understanding,/Users/ritesh.thawkar/Ritesh/self-evolving-uug/runs/final/E2_understanding_only/iter_log.jsonl,proposer,grpo_loss,0.8229166865348816,,0.0,-0.8771929732225301,-0.8333333333333334,0.001,0.001,True,
1255,stage1_understanding,understanding,/Users/ritesh.thawkar/Ritesh/self-evolving-uug/runs/final/E2_understanding_only/iter_log.jsonl,proposer,kl_loss,0.0,,0.0,-0.8771929732225301,-0.8333333333333334,0.001,0.001,True,
1256,stage1_understanding,understanding,/Users/ritesh.thawkar/Ritesh/self-evolving-uug/runs/final/E2_understanding_only/iter_log.jsonl,proposer,grpo_loss,0.2112630307674408,,0.0,-0.2221916766553055,-0.3808850615299581,0.001,0.001,True,
1256,stage1_understanding,understanding,/Users/ritesh.thawkar/Ritesh/self-evolving-uug/runs/final/E2_understanding_only/iter_log.jsonl,proposer,kl_loss,0.0,,0.0,-0.2221916766553055,-0.3808850615299581,0.001,0.001,True,
1257,stage1_understanding,understanding,/Users/ritesh.thawkar/Ritesh/self-evolving-uug/runs/final/E2_understanding_only/iter_log.jsonl,proposer,grpo_loss,-0.6653646230697632,,0.0,0.7073077137354581,0.20066593494769644,0.001,0.001,True,
1257,stage1_understanding,understanding,/Users/ritesh.thawkar/Ritesh/self-evolving-uug/runs/final/E2_understanding_only/iter_log.jsonl,proposer,kl_loss,0.0,,0.0,0.7073077137354581,0.20066593494769644,0.001,0.001,True,
1258,stage1_understanding,understanding,/Users/ritesh.thawkar/Ritesh/self-evolving-uug/runs/final/E2_understanding_only/iter_log.jsonl,proposer,grpo_loss,-0.36328125,,0.0,0.37924499009308305,0.153768270092601,0.001,0.001,True,
1258,stage1_understanding,understanding,/Users/ritesh.thawkar/Ritesh/self-evolving-uug/runs/final/E2_understanding_only/iter_log.jsonl,proposer,kl_loss,0.0,,0.0,0.37924499009308305,0.153768270092601,0.001,0.001,True,
1259,stage1_understanding,understanding,/Users/ritesh.thawkar/Ritesh/self-evolving-uug/runs/final/E2_understanding_only/iter_log.jsonl,proposer,grpo_loss,0.0963541716337204,,0.0,-0.1037177412334626,-0.09853185520896686,0.001,0.001,True,
1259,stage1_understanding,understanding,/Users/ritesh.thawkar/Ritesh/self-evolving-uug/runs/final/E2_understanding_only/iter_log.jsonl,proposer,kl_loss,0.0,,0.0,-0.1037177412334626,-0.09853185520896686,0.001,0.001,True,
1260,stage1_understanding,understanding,/Users/ritesh.thawkar/Ritesh/self-evolving-uug/runs/final/E2_understanding_only/iter_log.jsonl,proposer,grpo_loss,0.6575521230697632,,0.0,-0.6984968140608273,-0.6635719803427541,0.001,0.001,True,
1260,stage1_understanding,understanding,/Users/ritesh.thawkar/Ritesh/self-evolving-uug/runs/final/E2_understanding_only/iter_log.jsonl,proposer,kl_loss,0.0,,0.0,-0.6984968140608273,-0.6635719803427541,0.001,0.001,True,
1261,stage1_understanding,understanding,/Users/ritesh.thawkar/Ritesh/self-evolving-uug/runs/final/E2_understanding_only/iter_log.jsonl,proposer,grpo_loss,0.8385416865348816,,0.0,-0.8771929732225301,-0.8333333333333334,0.001,0.001,True,
1261,stage1_understanding,understanding,/Users/ritesh.thawkar/Ritesh/self-evolving-uug/runs/final/E2_understanding_only/iter_log.jsonl,proposer,kl_loss,0.0,,0.0,-0.8771929732225301,-0.8333333333333334,0.001,0.001,True,
1262,stage1_understanding,understanding,/Users/ritesh.thawkar/Ritesh/self-evolving-uug/runs/final/E2_understanding_only/iter_log.jsonl,proposer,grpo_loss,-0.6809896230697632,,0.0,0.710944994202037,0.21734066298144628,0.001,0.001,True,
1262,stage1_understanding,understanding,/Users/ritesh.thawkar/Ritesh/self-evolving-uug/runs/final/E2_understanding_only/iter_log.jsonl,proposer,kl_loss,0.0,,0.0,0.710944994202037,0.21734066298144628,0.001,0.001,True,
1263,stage1_understanding,understanding,/Users/ritesh.thawkar/Ritesh/self-evolving-uug/runs/final/E2_understanding_only/iter_log.jsonl,proposer,grpo_loss,0.771484375,,0.0,-0.8159036466137648,-0.775108472442113,0.001,0.001,True,
1263,stage1_understanding,understanding,/Users/ritesh.thawkar/Ritesh/self-evolving-uug/runs/final/E2_understanding_only/iter_log.jsonl,proposer,kl_loss,0.0,,0.0,-0.8159036466137648,-0.775108472442113,0.001,0.001,True,
1264,stage1_understanding,understanding,/Users/ritesh.thawkar/Ritesh/self-evolving-uug/runs/final/E2_understanding_only/iter_log.jsonl,proposer,grpo_loss,0.1643880307674408,,0.0,-0.17570279388454402,-0.071221533203297,0.001,0.001,True,
1264,stage1_understanding,understanding,/Users/ritesh.thawkar/Ritesh/self-evolving-uug/runs/final/E2_understanding_only/iter_log.jsonl,proposer,kl_loss,0.0,,0.0,-0.17570279388454402,-0.071221533203297,0.001,0.001,True,
1265,stage1_understanding,understanding,/Users/ritesh.thawkar/Ritesh/self-evolving-uug/runs/final/E2_understanding_only/iter_log.jsonl,proposer,grpo_loss,-0.5221354365348816,,0.0,0.5514559366992787,0.19048359142970875,0.001,0.001,True,
1265,stage1_understanding,understanding,/Users/ritesh.thawkar/Ritesh/self-evolving-uug/runs/final/E2_understanding_only/iter_log.jsonl,proposer,kl_loss,0.0,,0.0,0.5514559366992787,0.19048359142970875,0.001,0.001,True,
1266,stage1_understanding,understanding,/Users/ritesh.thawkar/Ritesh/self-evolving-uug/runs/final/E2_understanding_only/iter_log.jsonl,proposer,grpo_loss,-0.9388021230697632,,0.0,0.9922541495058144,0.22357699307572254,0.001,0.001,True,
1266,stage1_understanding,understanding,/Users/ritesh.thawkar/Ritesh/self-evolving-uug/runs/final/E2_understanding_only/iter_log.jsonl,proposer,kl_loss,0.0,,0.0,0.9922541495058144,0.22357699307572254,0.001,0.001,True,
1267,stage1_understanding,understanding,/Users/ritesh.thawkar/Ritesh/self-evolving-uug/runs/final/E2_understanding_only/iter_log.jsonl,proposer,grpo_loss,0.5462239980697632,,0.0,-0.5836652024515769,-0.5544819481656501,0.001,0.001,True,
1267,stage1_understanding,understanding,/Users/ritesh.thawkar/Ritesh/self-evolving-uug/runs/final/E2_understanding_only/iter_log.jsonl,proposer,kl_loss,0.0,,0.0,-0.5836652024515769,-0.5544819481656501,0.001,0.001,True,
1268,stage1_understanding,understanding,/Users/ritesh.thawkar/Ritesh/self-evolving-uug/runs/final/E2_understanding_only/iter_log.jsonl,proposer,grpo_loss,0.8255208730697632,,0.0,-0.8771929732225301,-0.8333333333333334,0.001,0.001,True,
1268,stage1_understanding,understanding,/Users/ritesh.thawkar/Ritesh/self-evolving-uug/runs/final/E2_understanding_only/iter_log.jsonl,proposer,kl_loss,0.0,,0.0,-0.8771929732225301,-0.8333333333333334,0.001,0.001,True,
1269,stage1_understanding,understanding,/Users/ritesh.thawkar/Ritesh/self-evolving-uug/runs/final/E2_understanding_only/iter_log.jsonl,proposer,grpo_loss,-0.84765625,,0.0,0.9042587241278176,0.17326399770486722,0.001,0.001,True,
1269,stage1_understanding,understanding,/Users/ritesh.thawkar/Ritesh/self-evolving-uug/runs/final/E2_understanding_only/iter_log.jsonl,proposer,kl_loss,0.0,,0.0,0.9042587241278176,0.17326399770486722,0.001,0.001,True,
1270,stage1_understanding,understanding,/Users/ritesh.thawkar/Ritesh/self-evolving-uug/runs/final/E2_understanding_only/iter_log.jsonl,proposer,grpo_loss,-0.0455729179084301,,0.0,0.04751039266409995,0.045134873505998874,0.001,0.001,True,
1270,stage1_understanding,understanding,/Users/ritesh.thawkar/Ritesh/self-evolving-uug/runs/final/E2_understanding_only/iter_log.jsonl,proposer,kl_loss,0.0,,0.0,0.04751039266409995,0.045134873505998874,0.001,0.001,True,
1271,stage1_understanding,understanding,/Users/ritesh.thawkar/Ritesh/self-evolving-uug/runs/final/E2_understanding_only/iter_log.jsonl,proposer,grpo_loss,0.91015625,,0.0,-0.9756129530502694,-0.9268323151538856,0.001,0.001,True,
1271,stage1_understanding,understanding,/Users/ritesh.thawkar/Ritesh/self-evolving-uug/runs/final/E2_understanding_only/iter_log.jsonl,proposer,kl_loss,0.0,,0.0,-0.9756129530502694,-0.9268323151538856,0.001,0.001,True,
1272,stage1_understanding,understanding,/Users/ritesh.thawkar/Ritesh/self-evolving-uug/runs/final/E2_understanding_only/iter_log.jsonl,proposer,grpo_loss,-0.3020833432674408,,0.0,0.3170069299916153,0.08526778554007902,0.001,0.001,True,
1272,stage1_understanding,understanding,/Users/ritesh.thawkar/Ritesh/self-evolving-uug/runs/final/E2_understanding_only/iter_log.jsonl,proposer,kl_loss,0.0,,0.0,0.3170069299916153,0.08526778554007902,0.001,0.001,True,
1273,stage1_understanding,understanding,/Users/ritesh.thawkar/Ritesh/self-evolving-uug/runs/final/E2_understanding_only/iter_log.jsonl,proposer,grpo_loss,-0.7916666865348816,,0.0,0.8248974263026917,0.3034371764133007,0.001,0.001,True,
1273,stage1_understanding,understanding,/Users/ritesh.thawkar/Ritesh/self-evolving-uug/runs/final/E2_understanding_only/iter_log.jsonl,proposer,kl_loss,0.0,,0.0,0.8248974263026917,0.3034371764133007,0.001,0.001,True,
1274,stage1_understanding,understanding,/Users/ritesh.thawkar/Ritesh/self-evolving-uug/runs/final/E2_understanding_only/iter_log.jsonl,proposer,grpo_loss,0.3499349057674408,,0.0,-0.37488408779663884,-0.35613988715564776,0.001,0.001,True,
1274,stage1_understanding,understanding,/Users/ritesh.thawkar/Ritesh/self-evolving-uug/runs/final/E2_understanding_only/iter_log.jsonl,proposer,kl_loss,0.0,,0.0,-0.37488408779663884,-0.35613988715564776,0.001,0.001,True,
1275,stage1_understanding,understanding,/Users/ritesh.thawkar/Ritesh/self-evolving-uug/runs/final/E2_understanding_only/iter_log.jsonl,proposer,grpo_loss,0.1276041716337204,,0.0,-0.13285877204026397,-0.12621583476683848,0.001,0.001,True,
1275,stage1_understanding,understanding,/Users/ritesh.thawkar/Ritesh/self-evolving-uug/runs/final/E2_understanding_only/iter_log.jsonl,proposer,kl_loss,0.0,,0.0,-0.13285877204026397,-0.12621583476683848,0.001,0.001,True,
1276,stage1_understanding,understanding,/Users/ritesh.thawkar/Ritesh/self-evolving-uug/runs/final/E2_understanding_only/iter_log.jsonl,proposer,grpo_loss,0.8255208730697632,,0.0,-0.8771929732225301,-0.8333333333333334,0.001,0.001,True,
1276,stage1_understanding,understanding,/Users/ritesh.thawkar/Ritesh/self-evolving-uug/runs/final/E2_understanding_only/iter_log.jsonl,proposer,kl_loss,0.0,,0.0,-0.8771929732225301,-0.8333333333333334,0.001,0.001,True,
1277,stage1_understanding,understanding,/Users/ritesh.thawkar/Ritesh/self-evolving-uug/runs/final/E2_understanding_only/iter_log.jsonl,proposer,grpo_loss,0.8229166865348816,,0.0,-0.8771929732225301,-0.8333333333333334,0.001,0.001,True,
1277,stage1_understanding,understanding,/Users/ritesh.thawkar/Ritesh/self-evolving-uug/runs/final/E2_understanding_only/iter_log.jsonl,proposer,kl_loss,0.0,,0.0,-0.8771929732225301,-0.8333333333333334,0.001,0.001,True,
1278,stage1_understanding,understanding,/Users/ritesh.thawkar/Ritesh/self-evolving-uug/runs/final/E2_understanding_only/iter_log.jsonl,proposer,grpo_loss,0.4361979365348816,,0.0,-0.4606768936728071,-0.06210837979463916,0.001,0.001,True,
1278,stage1_understanding,understanding,/Users/ritesh.thawkar/Ritesh/self-evolving-uug/runs/final/E2_understanding_only/iter_log.jsonl,proposer,kl_loss,0.0,,0.0,-0.4606768936728071,-0.06210837979463916,0.001,0.001,True,
1279,stage1_understanding,understanding,/Users/ritesh.thawkar/Ritesh/self-evolving-uug/runs/final/E2_understanding_only/iter_log.jsonl,proposer,grpo_loss,0.8333333730697632,,0.0,-0.8771929732225301,-0.8333333333333334,0.001,0.001,True,
1279,stage1_understanding,understanding,/Users/ritesh.thawkar/Ritesh/self-evolving-uug/runs/final/E2_understanding_only/iter_log.jsonl,proposer,kl_loss,0.0,,0.0,-0.8771929732225301,-0.8333333333333334,0.001,0.001,True,
1280,stage1_understanding,understanding,/Users/ritesh.thawkar/Ritesh/self-evolving-uug/runs/final/E2_understanding_only/iter_log.jsonl,proposer,grpo_loss,0.43212890625,,0.0,-0.46019503934986233,-0.4966041938755579,0.001,0.001,True,
1280,stage1_understanding,understanding,/Users/ritesh.thawkar/Ritesh/self-evolving-uug/runs/final/E2_understanding_only/iter_log.jsonl,proposer,kl_loss,0.0,,0.0,-0.46019503934986233,-0.4966041938755579,0.001,0.001,True,
1281,stage1_understanding,understanding,/Users/ritesh.thawkar/Ritesh/self-evolving-uug/runs/final/E2_understanding_only/iter_log.jsonl,proposer,grpo_loss,0.2067057341337204,,0.0,-0.22066201770618724,-0.04174461274189364,0.001,0.001,True,
1281,stage1_understanding,understanding,/Users/ritesh.thawkar/Ritesh/self-evolving-uug/runs/final/E2_understanding_only/iter_log.jsonl,proposer,kl_loss,0.0,,0.0,-0.22066201770618724,-0.04174461274189364,0.001,0.001,True,
1282,stage1_understanding,understanding,/Users/ritesh.thawkar/Ritesh/self-evolving-uug/runs/final/E2_understanding_only/iter_log.jsonl,proposer,grpo_loss,0.8359375,,0.0,-0.8771929732225301,-0.8333333333333334,0.001,0.001,True,
1282,stage1_understanding,understanding,/Users/ritesh.thawkar/Ritesh/self-evolving-uug/runs/final/E2_understanding_only/iter_log.jsonl,proposer,kl_loss,0.0,,0.0,-0.8771929732225301,-0.8333333333333334,0.001,0.001,True,
1283,stage1_understanding,understanding,/Users/ritesh.thawkar/Ritesh/self-evolving-uug/runs/final/E2_understanding_only/iter_log.jsonl,proposer,grpo_loss,0.0592447929084301,,0.0,-0.06340953782788039,-0.06023906157058175,0.001,0.001,True,
1283,stage1_understanding,understanding,/Users/ritesh.thawkar/Ritesh/self-evolving-uug/runs/final/E2_understanding_only/iter_log.jsonl,proposer,kl_loss,0.0,,0.0,-0.06340953782788039,-0.06023906157058175,0.001,0.001,True,
1284,stage1_understanding,understanding,/Users/ritesh.thawkar/Ritesh/self-evolving-uug/runs/final/E2_understanding_only/iter_log.jsonl,proposer,grpo_loss,-0.3515625,,0.0,0.3733413395417844,0.12924228826919984,0.001,0.001,True,
1284,stage1_understanding,understanding,/Users/ritesh.thawkar/Ritesh/self-evolving-uug/runs/final/E2_understanding_only/iter_log.jsonl,proposer,kl_loss,0.0,,0.0,0.3733413395417844,0.12924228826919984,0.001,0.001,True,
1285,stage1_understanding,understanding,/Users/ritesh.thawkar/Ritesh/self-evolving-uug/runs/final/E2_understanding_only/iter_log.jsonl,proposer,grpo_loss,0.234130859375,,0.0,-0.247607958932153,-0.23522756346162496,0.001,0.001,True,
1285,stage1_understanding,understanding,/Users/ritesh.thawkar/Ritesh/self-evolving-uug/runs/final/E2_understanding_only/iter_log.jsonl,proposer,kl_loss,0.0,,0.0,-0.247607958932153,-0.23522756346162496,0.001,0.001,True,
1286,stage1_understanding,understanding,/Users/ritesh.thawkar/Ritesh/self-evolving-uug/runs/final/E2_understanding_only/iter_log.jsonl,proposer,grpo_loss,0.828125,,0.0,-0.8771929732225301,-0.8333333333333334,0.001,0.001,True,
1286,stage1_understanding,understanding,/Users/ritesh.thawkar/Ritesh/self-evolving-uug/runs/final/E2_understanding_only/iter_log.jsonl,proposer,kl_loss,0.0,,0.0,-0.8771929732225301,-0.8333333333333334,0.001,0.001,True,
1287,stage1_understanding,understanding,/Users/ritesh.thawkar/Ritesh/self-evolving-uug/runs/final/E2_understanding_only/iter_log.jsonl,proposer,grpo_loss,0.828125,,0.0,-0.8771929732225301,-0.8333333333333334,0.001,0.001,True,
1287,stage1_understanding,understanding,/Users/ritesh.thawkar/Ritesh/self-evolving-uug/runs/final/E2_understanding_only/iter_log.jsonl,proposer,kl_loss,0.0,,0.0,-0.8771929732225301,-0.8333333333333334,0.001,0.001,True,
1288,stage1_understanding,understanding,/Users/ritesh.thawkar/Ritesh/self-evolving-uug/runs/final/E2_understanding_only/iter_log.jsonl,proposer,grpo_loss,-0.48388671875,,0.0,0.5115027789702035,0.16718059470899763,0.001,0.001,True,
1288,stage1_understanding,understanding,/Users/ritesh.thawkar/Ritesh/self-evolving-uug/runs/final/E2_understanding_only/iter_log.jsonl,proposer,kl_loss,0.0,,0.0,0.5115027789702035,0.16718059470899763,0.001,0.001,True,
1289,stage1_understanding,understanding,/Users/ritesh.thawkar/Ritesh/self-evolving-uug/runs/final/E2_understanding_only/iter_log.jsonl,proposer,grpo_loss,0.5595703125,,0.0,-0.5869564177682669,-0.5576086027494177,0.001,0.001,True,
1289,stage1_understanding,understanding,/Users/ritesh.thawkar/Ritesh/self-evolving-uug/runs/final/E2_understanding_only/iter_log.jsonl,proposer,kl_loss,0.0,,0.0,-0.5869564177682669,-0.5576086027494177,0.001,0.001,True,
1290,stage1_understanding,understanding,/Users/ritesh.thawkar/Ritesh/self-evolving-uug/runs/final/E2_understanding_only/iter_log.jsonl,proposer,grpo_loss,0.603515625,,0.0,-0.6315501398119304,-0.5999726391368353,0.001,0.001,True,
1290,stage1_understanding,understanding,/Users/ritesh.thawkar/Ritesh/self-evolving-uug/runs/final/E2_understanding_only/iter_log.jsonl,proposer,kl_loss,0.0,,0.0,-0.6315501398119304,-0.5999726391368353,0.001,0.001,True,
1291,stage1_understanding,understanding,/Users/ritesh.thawkar/Ritesh/self-evolving-uug/runs/final/E2_understanding_only/iter_log.jsonl,proposer,grpo_loss,0.83203125,,0.0,-0.8771929732225301,-0.8333333333333334,0.001,0.001,True,
1291,stage1_understanding,understanding,/Users/ritesh.thawkar/Ritesh/self-evolving-uug/runs/final/E2_understanding_only/iter_log.jsonl,proposer,kl_loss,0.0,,0.0,-0.8771929732225301,-0.8333333333333334,0.001,0.001,True,
1292,stage1_understanding,understanding,/Users/ritesh.thawkar/Ritesh/self-evolving-uug/runs/final/E2_understanding_only/iter_log.jsonl,proposer,grpo_loss,0.90625,,0.0,-0.939855645611474,-0.17103269444168126,0.001,0.001,True,
1292,stage1_understanding,understanding,/Users/ritesh.thawkar/Ritesh/self-evolving-uug/runs/final/E2_understanding_only/iter_log.jsonl,proposer,kl_loss,0.0,,0.0,-0.939855645611474,-0.17103269444168126,0.001,0.001,True,
1293,stage1_understanding,understanding,/Users/ritesh.thawkar/Ritesh/self-evolving-uug/runs/final/E2_understanding_only/iter_log.jsonl,proposer,grpo_loss,0.5641276240348816,,0.0,-0.6021436663294054,-0.5720364890343719,0.001,0.001,True,
1293,stage1_understanding,understanding,/Users/ritesh.thawkar/Ritesh/self-evolving-uug/runs/final/E2_understanding_only/iter_log.jsonl,proposer,kl_loss,0.0,,0.0,-0.6021436663294054,-0.5720364890343719,0.001,0.001,True,
1294,stage1_understanding,understanding,/Users/ritesh.thawkar/Ritesh/self-evolving-uug/runs/final/E2_understanding_only/iter_log.jsonl,proposer,grpo_loss,-0.9375,,0.0,0.9702164039461324,0.1978851706052117,0.001,0.001,True,
1294,stage1_understanding,understanding,/Users/ritesh.thawkar/Ritesh/self-evolving-uug/runs/final/E2_understanding_only/iter_log.jsonl,proposer,kl_loss,0.0,,0.0,0.9702164039461324,0.1978851706052117,0.001,0.001,True,
1295,stage1_understanding,understanding,/Users/ritesh.thawkar/Ritesh/self-evolving-uug/runs/final/E2_understanding_only/iter_log.jsonl,proposer,grpo_loss,0.8203125,,0.0,-0.8771929732225301,-0.8333333333333334,0.001,0.001,True,
1295,stage1_understanding,understanding,/Users/ritesh.thawkar/Ritesh/self-evolving-uug/runs/final/E2_understanding_only/iter_log.jsonl,proposer,kl_loss,0.0,,0.0,-0.8771929732225301,-0.8333333333333334,0.001,0.001,True,
1296,stage1_understanding,understanding,/Users/ritesh.thawkar/Ritesh/self-evolving-uug/runs/final/E2_understanding_only/iter_log.jsonl,proposer,grpo_loss,0.5504557490348816,,0.0,-0.5829124322832787,-0.5537668164982391,0.001,0.001,True,
1296,stage1_understanding,understanding,/Users/ritesh.thawkar/Ritesh/self-evolving-uug/runs/final/E2_understanding_only/iter_log.jsonl,proposer,kl_loss,0.0,,0.0,-0.5829124322832787,-0.5537668164982391,0.001,0.001,True,
1297,stage1_understanding,understanding,/Users/ritesh.thawkar/Ritesh/self-evolving-uug/runs/final/E2_understanding_only/iter_log.jsonl,proposer,grpo_loss,0.564453125,,0.0,-0.5925993123596096,-0.5629693526676223,0.001,0.001,True,
1297,stage1_understanding,understanding,/Users/ritesh.thawkar/Ritesh/self-evolving-uug/runs/final/E2_understanding_only/iter_log.jsonl,proposer,kl_loss,0.0,,0.0,-0.5925993123596096,-0.5629693526676223,0.001,0.001,True,
1298,stage1_understanding,understanding,/Users/ritesh.thawkar/Ritesh/self-evolving-uug/runs/final/E2_understanding_only/iter_log.jsonl,proposer,grpo_loss,0.8255208730697632,,0.0,-0.8771929732225301,-0.8333333333333334,0.001,0.001,True,
1298,stage1_understanding,understanding,/Users/ritesh.thawkar/Ritesh/self-evolving-uug/runs/final/E2_understanding_only/iter_log.jsonl,proposer,kl_loss,0.0,,0.0,-0.8771929732225301,-0.8333333333333334,0.001,0.001,True,
1299,stage1_understanding,understanding,/Users/ritesh.thawkar/Ritesh/self-evolving-uug/runs/final/E2_understanding_only/iter_log.jsonl,proposer,grpo_loss,0.603759765625,,0.0,-0.6336118653917908,-0.263611793234384,0.001,0.001,True,
1299,stage1_understanding,understanding,/Users/ritesh.thawkar/Ritesh/self-evolving-uug/runs/final/E2_understanding_only/iter_log.jsonl,proposer,kl_loss,0.0,,0.0,-0.6336118653917908,-0.263611793234384,0.001,0.001,True,
1300,stage1_understanding,understanding,/Users/ritesh.thawkar/Ritesh/self-evolving-uug/runs/final/E2_understanding_only/iter_log.jsonl,proposer,grpo_loss,0.5546875,,0.0,-0.5757916000318527,-0.547002025788176,0.001,0.001,True,
1300,stage1_understanding,understanding,/Users/ritesh.thawkar/Ritesh/self-evolving-uug/runs/final/E2_understanding_only/iter_log.jsonl,proposer,kl_loss,0.0,,0.0,-0.5757916000318527,-0.547002025788176,0.001,0.001,True,
1301,stage1_understanding,understanding,/Users/ritesh.thawkar/Ritesh/self-evolving-uug/runs/final/E2_understanding_only/iter_log.jsonl,proposer,grpo_loss,0.5071614980697632,,0.0,-0.541972646523007,-0.5148740196165832,0.001,0.001,True,
1301,stage1_understanding,understanding,/Users/ritesh.thawkar/Ritesh/self-evolving-uug/runs/final/E2_understanding_only/iter_log.jsonl,proposer,kl_loss,0.0,,0.0,-0.541972646523007,-0.5148740196165832,0.001,0.001,True,
1302,stage1_understanding,understanding,/Users/ritesh.thawkar/Ritesh/self-evolving-uug/runs/final/E2_understanding_only/iter_log.jsonl,proposer,grpo_loss,0.0657552108168602,,0.0,-0.06812589149563751,-0.04477240585070038,0.001,0.001,True,
1302,stage1_understanding,understanding,/Users/ritesh.thawkar/Ritesh/self-evolving-uug/runs/final/E2_understanding_only/iter_log.jsonl,proposer,kl_loss,0.0,,0.0,-0.06812589149563751,-0.04477240585070038,0.001,0.001,True,
1303,stage1_understanding,understanding,/Users/ritesh.thawkar/Ritesh/self-evolving-uug/runs/final/E2_understanding_only/iter_log.jsonl,proposer,grpo_loss,0.5110677480697632,,0.0,-0.5480897250046358,-0.5206852442353013,0.001,0.001,True,
1303,stage1_understanding,understanding,/Users/ritesh.thawkar/Ritesh/self-evolving-uug/runs/final/E2_understanding_only/iter_log.jsonl,proposer,kl_loss,0.0,,0.0,-0.5480897250046358,-0.5206852442353013,0.001,0.001,True,
1304,stage1_understanding,understanding,/Users/ritesh.thawkar/Ritesh/self-evolving-uug/runs/final/E2_understanding_only/iter_log.jsonl,proposer,grpo_loss,0.3248698115348816,,0.0,-0.34119836841592455,-0.32413845340711195,0.001,0.001,True,
1304,stage1_understanding,understanding,/Users/ritesh.thawkar/Ritesh/self-evolving-uug/runs/final/E2_understanding_only/iter_log.jsonl,proposer,kl_loss,0.0,,0.0,-0.34119836841592455,-0.32413845340711195,0.001,0.001,True,
1305,stage1_understanding,understanding,/Users/ritesh.thawkar/Ritesh/self-evolving-uug/runs/final/E2_understanding_only/iter_log.jsonl,proposer,grpo_loss,0.8268229365348816,,0.0,-0.8771929732225301,-0.8333333333333334,0.001,0.001,True,
1305,stage1_understanding,understanding,/Users/ritesh.thawkar/Ritesh/self-evolving-uug/runs/final/E2_understanding_only/iter_log.jsonl,proposer,kl_loss,0.0,,0.0,-0.8771929732225301,-0.8333333333333334,0.001,0.001,True,
1306,stage1_understanding,understanding,/Users/ritesh.thawkar/Ritesh/self-evolving-uug/runs/final/E2_understanding_only/iter_log.jsonl,proposer,grpo_loss,0.6728515625,,0.0,-0.7133255450905701,-0.677659274969297,0.001,0.001,True,
1306,stage1_understanding,understanding,/Users/ritesh.thawkar/Ritesh/self-evolving-uug/runs/final/E2_understanding_only/iter_log.jsonl,proposer,kl_loss,0.0,,0.0,-0.7133255450905701,-0.677659274969297,0.001,0.001,True,
1307,stage1_understanding,understanding,/Users/ritesh.thawkar/Ritesh/self-evolving-uug/runs/final/E2_understanding_only/iter_log.jsonl,proposer,grpo_loss,0.8372396230697632,,0.0,-0.8771929732225301,-0.8333333333333334,0.001,0.001,True,
1307,stage1_understanding,understanding,/Users/ritesh.thawkar/Ritesh/self-evolving-uug/runs/final/E2_understanding_only/iter_log.jsonl,proposer,kl_loss,0.0,,0.0,-0.8771929732225301,-0.8333333333333334,0.001,0.001,True,
1308,stage1_understanding,understanding,/Users/ritesh.thawkar/Ritesh/self-evolving-uug/runs/final/E2_understanding_only/iter_log.jsonl,proposer,grpo_loss,0.15234375,,0.0,-0.16124051458651203,-0.15317849046959156,0.001,0.001,True,
1308,stage1_understanding,understanding,/Users/ritesh.thawkar/Ritesh/self-evolving-uug/runs/final/E2_understanding_only/iter_log.jsonl,proposer,kl_loss,0.0,,0.0,-0.16124051458651203,-0.15317849046959156,0.001,0.001,True,
1309,stage1_understanding,understanding,/Users/ritesh.thawkar/Ritesh/self-evolving-uug/runs/final/E2_understanding_only/iter_log.jsonl,proposer,grpo_loss,0.8255208730697632,,0.0,-0.8771929732225301,-0.8333333333333334,0.001,0.001,True,
1309,stage1_understanding,understanding,/Users/ritesh.thawkar/Ritesh/self-evolving-uug/runs/final/E2_understanding_only/iter_log.jsonl,proposer,kl_loss,0.0,,0.0,-0.8771929732225301,-0.8333333333333334,0.001,0.001,True,
1310,stage1_understanding,understanding,/Users/ritesh.thawkar/Ritesh/self-evolving-uug/runs/final/E2_understanding_only/iter_log.jsonl,proposer,grpo_loss,0.5188802480697632,,0.0,-0.5515108086572866,-0.5239352737395304,0.001,0.001,True,
1310,stage1_understanding,understanding,/Users/ritesh.thawkar/Ritesh/self-evolving-uug/runs/final/E2_understanding_only/iter_log.jsonl,proposer,kl_loss,0.0,,0.0,-0.5515108086572866,-0.5239352737395304,0.001,0.001,True,
1311,stage1_understanding,understanding,/Users/ritesh.thawkar/Ritesh/self-evolving-uug/runs/final/E2_understanding_only/iter_log.jsonl,proposer,grpo_loss,-0.734375,,0.0,0.7935725814877795,0.21088667419782556,0.001,0.001,True,
1311,stage1_understanding,understanding,/Users/ritesh.thawkar/Ritesh/self-evolving-uug/runs/final/E2_understanding_only/iter_log.jsonl,proposer,kl_loss,0.0,,0.0,0.7935725814877795,0.21088667419782556,0.001,0.001,True,
1312,stage1_understanding,understanding,/Users/ritesh.thawkar/Ritesh/self-evolving-uug/runs/final/E2_understanding_only/iter_log.jsonl,proposer,grpo_loss,0.8203125,,0.0,-0.8771929732225301,-0.8333333333333334,0.001,0.001,True,
1312,stage1_understanding,understanding,/Users/ritesh.thawkar/Ritesh/self-evolving-uug/runs/final/E2_understanding_only/iter_log.jsonl,proposer,kl_loss,0.0,,0.0,-0.8771929732225301,-0.8333333333333334,0.001,0.001,True,
1313,stage1_understanding,understanding,/Users/ritesh.thawkar/Ritesh/self-evolving-uug/runs/final/E2_understanding_only/iter_log.jsonl,proposer,grpo_loss,-0.03515625,,0.0,0.03389166486014239,0.013243930803469417,0.001,0.001,True,
1313,stage1_understanding,understanding,/Users/ritesh.thawkar/Ritesh/self-evolving-uug/runs/final/E2_understanding_only/iter_log.jsonl,proposer,kl_loss,0.0,,0.0,0.03389166486014239,0.013243930803469417,0.001,0.001,True,
1314,stage1_understanding,understanding,/Users/ritesh.thawkar/Ritesh/self-evolving-uug/runs/final/E2_understanding_only/iter_log.jsonl,proposer,grpo_loss,-0.0833333358168602,,0.0,0.08774333938155092,0.08335617328990678,0.001,0.001,True,
1314,stage1_understanding,understanding,/Users/ritesh.thawkar/Ritesh/self-evolving-uug/runs/final/E2_understanding_only/iter_log.jsonl,proposer,kl_loss,0.0,,0.0,0.08774333938155092,0.08335617328990678,0.001,0.001,True,
1315,stage1_understanding,understanding,/Users/ritesh.thawkar/Ritesh/self-evolving-uug/runs/final/E2_understanding_only/iter_log.jsonl,proposer,grpo_loss,0.8229166865348816,,0.0,-0.8771929732225301,-0.8333333333333334,0.001,0.001,True,
1315,stage1_understanding,understanding,/Users/ritesh.thawkar/Ritesh/self-evolving-uug/runs/final/E2_understanding_only/iter_log.jsonl,proposer,kl_loss,0.0,,0.0,-0.8771929732225301,-0.8333333333333334,0.001,0.001,True,
1316,stage1_understanding,understanding,/Users/ritesh.thawkar/Ritesh/self-evolving-uug/runs/final/E2_understanding_only/iter_log.jsonl,proposer,grpo_loss,0.8255208730697632,,0.0,-0.8771929732225301,-0.8333333333333334,0.001,0.001,True,
1316,stage1_understanding,understanding,/Users/ritesh.thawkar/Ritesh/self-evolving-uug/runs/final/E2_understanding_only/iter_log.jsonl,proposer,kl_loss,0.0,,0.0,-0.8771929732225301,-0.8333333333333334,0.001,0.001,True,
1317,stage1_understanding,understanding,/Users/ritesh.thawkar/Ritesh/self-evolving-uug/runs/final/E2_understanding_only/iter_log.jsonl,proposer,grpo_loss,0.3754069209098816,,0.0,-0.39368167219913536,-0.6613509273578216,0.001,0.001,True,
1317,stage1_understanding,understanding,/Users/ritesh.thawkar/Ritesh/self-evolving-uug/runs/final/E2_understanding_only/iter_log.jsonl,proposer,kl_loss,0.0,,0.0,-0.39368167219913536,-0.6613509273578216,0.001,0.001,True,
1318,stage1_understanding,understanding,/Users/ritesh.thawkar/Ritesh/self-evolving-uug/runs/final/E2_understanding_only/iter_log.jsonl,proposer,grpo_loss,-0.0416666679084301,,0.0,0.045147557889233414,0.04289018044624737,0.001,0.001,True,
1318,stage1_understanding,understanding,/Users/ritesh.thawkar/Ritesh/self-evolving-uug/runs/final/E2_understanding_only/iter_log.jsonl,proposer,kl_loss,0.0,,0.0,0.045147557889233414,0.04289018044624737,0.001,0.001,True,
1319,stage1_understanding,understanding,/Users/ritesh.thawkar/Ritesh/self-evolving-uug/runs/final/E2_understanding_only/iter_log.jsonl,proposer,grpo_loss,0.8424479365348816,,0.0,-0.8771929732225301,-0.8333333333333334,0.001,0.001,True,
1319,stage1_understanding,understanding,/Users/ritesh.thawkar/Ritesh/self-evolving-uug/runs/final/E2_understanding_only/iter_log.jsonl,proposer,kl_loss,0.0,,0.0,-0.8771929732225301,-0.8333333333333334,0.001,0.001,True,
1320,stage1_understanding,understanding,/Users/ritesh.thawkar/Ritesh/self-evolving-uug/runs/final/E2_understanding_only/iter_log.jsonl,proposer,grpo_loss,0.83203125,,0.0,-0.8771929732225301,-0.8333333333333334,0.001,0.001,True,
1320,stage1_understanding,understanding,/Users/ritesh.thawkar/Ritesh/self-evolving-uug/runs/final/E2_understanding_only/iter_log.jsonl,proposer,kl_loss,0.0,,0.0,-0.8771929732225301,-0.8333333333333334,0.001,0.001,True,
1321,stage1_understanding,understanding,/Users/ritesh.thawkar/Ritesh/self-evolving-uug/runs/final/E2_understanding_only/iter_log.jsonl,proposer,grpo_loss,0.19210974872112274,,0.0,-0.200567202749551,-0.19053884461774548,0.001,0.001,True,
1321,stage1_understanding,understanding,/Users/ritesh.thawkar/Ritesh/self-evolving-uug/runs/final/E2_understanding_only/iter_log.jsonl,proposer,kl_loss,0.0,,0.0,-0.200567202749551,-0.19053884461774548,0.001,0.001,True,
1322,stage1_understanding,understanding,/Users/ritesh.thawkar/Ritesh/self-evolving-uug/runs/final/E2_understanding_only/iter_log.jsonl,proposer,grpo_loss,0.4967448115348816,,0.0,-0.5379011588465863,-0.5110061062832686,0.001,0.001,True,
1322,stage1_understanding,understanding,/Users/ritesh.thawkar/Ritesh/self-evolving-uug/runs/final/E2_understanding_only/iter_log.jsonl,proposer,kl_loss,0.0,,0.0,-0.5379011588465863,-0.5110061062832686,0.001,0.001,True,
1323,stage1_understanding,understanding,/Users/ritesh.thawkar/Ritesh/self-evolving-uug/runs/final/E2_understanding_only/iter_log.jsonl,proposer,grpo_loss,0.828125,,0.0,-0.8771929732225301,-0.8333333333333334,0.001,0.001,True,
1323,stage1_understanding,understanding,/Users/ritesh.thawkar/Ritesh/self-evolving-uug/runs/final/E2_understanding_only/iter_log.jsonl,proposer,kl_loss,0.0,,0.0,-0.8771929732225301,-0.8333333333333334,0.001,0.001,True,
1324,stage1_understanding,understanding,/Users/ritesh.thawkar/Ritesh/self-evolving-uug/runs/final/E2_understanding_only/iter_log.jsonl,proposer,grpo_loss,0.8255208730697632,,0.0,-0.8771929732225301,-0.8333333333333334,0.001,0.001,True,
1324,stage1_understanding,understanding,/Users/ritesh.thawkar/Ritesh/self-evolving-uug/runs/final/E2_understanding_only/iter_log.jsonl,proposer,kl_loss,0.0,,0.0,-0.8771929732225301,-0.8333333333333334,0.001,0.001,True,
1325,stage1_understanding,understanding,/Users/ritesh.thawkar/Ritesh/self-evolving-uug/runs/final/E2_understanding_only/iter_log.jsonl,proposer,grpo_loss,0.1009114608168602,,0.0,-0.11120750159241218,-0.1056471276248666,0.001,0.001,True,
1325,stage1_understanding,understanding,/Users/ritesh.thawkar/Ritesh/self-evolving-uug/runs/final/E2_understanding_only/iter_log.jsonl,proposer,kl_loss,0.0,,0.0,-0.11120750159241218,-0.1056471276248666,0.001,0.001,True,
1326,stage1_understanding,understanding,/Users/ritesh.thawkar/Ritesh/self-evolving-uug/runs/final/E2_understanding_only/iter_log.jsonl,proposer,grpo_loss,0.84375,,0.0,-0.8771929732225301,-0.8333333333333334,0.001,0.001,True,
1326,stage1_understanding,understanding,/Users/ritesh.thawkar/Ritesh/self-evolving-uug/runs/final/E2_understanding_only/iter_log.jsonl,proposer,kl_loss,0.0,,0.0,-0.8771929732225301,-0.8333333333333334,0.001,0.001,True,
1327,stage1_understanding,understanding,/Users/ritesh.thawkar/Ritesh/self-evolving-uug/runs/final/E2_understanding_only/iter_log.jsonl,proposer,grpo_loss,-0.3375651240348816,,0.0,0.35699825683088093,0.11171838127623335,0.001,0.001,True,
1327,stage1_understanding,understanding,/Users/ritesh.thawkar/Ritesh/self-evolving-uug/runs/final/E2_understanding_only/iter_log.jsonl,proposer,kl_loss,0.0,,0.0,0.35699825683088093,0.11171838127623335,0.001,0.001,True,
1328,stage1_understanding,understanding,/Users/ritesh.thawkar/Ritesh/self-evolving-uug/runs/final/E2_understanding_only/iter_log.jsonl,proposer,grpo_loss,0.8229166865348816,,0.0,-0.8771929732225301,-0.8333333333333334,0.001,0.001,True,
1328,stage1_understanding,understanding,/Users/ritesh.thawkar/Ritesh/self-evolving-uug/runs/final/E2_understanding_only/iter_log.jsonl,proposer,kl_loss,0.0,,0.0,-0.8771929732225301,-0.8333333333333334,0.001,0.001,True,
1329,stage1_understanding,understanding,/Users/ritesh.thawkar/Ritesh/self-evolving-uug/runs/final/E2_understanding_only/iter_log.jsonl,proposer,grpo_loss,0.3723958432674408,,0.0,-0.3935305403767057,-0.23082355649690248,0.001,0.001,True,
1329,stage1_understanding,understanding,/Users/ritesh.thawkar/Ritesh/self-evolving-uug/runs/final/E2_understanding_only/iter_log.jsonl,proposer,kl_loss,0.0,,0.0,-0.3935305403767057,-0.23082355649690248,0.001,0.001,True,
1330,stage1_understanding,understanding,/Users/ritesh.thawkar/Ritesh/self-evolving-uug/runs/final/E2_understanding_only/iter_log.jsonl,proposer,grpo_loss,0.8229166865348816,,0.0,-0.8771929732225301,-0.8333333333333334,0.001,0.001,True,
1330,stage1_understanding,understanding,/Users/ritesh.thawkar/Ritesh/self-evolving-uug/runs/final/E2_understanding_only/iter_log.jsonl,proposer,kl_loss,0.0,,0.0,-0.8771929732225301,-0.8333333333333334,0.001,0.001,True,
1331,stage1_understanding,understanding,/Users/ritesh.thawkar/Ritesh/self-evolving-uug/runs/final/E2_understanding_only/iter_log.jsonl,proposer,grpo_loss,0.1770833432674408,,0.0,-0.18694389914858697,-0.05336675977383313,0.001,0.001,True,
1331,stage1_understanding,understanding,/Users/ritesh.thawkar/Ritesh/self-evolving-uug/runs/final/E2_understanding_only/iter_log.jsonl,proposer,kl_loss,0.0,,0.0,-0.18694389914858697,-0.05336675977383313,0.001,0.001,True,
1332,stage1_understanding,understanding,/Users/ritesh.thawkar/Ritesh/self-evolving-uug/runs/final/E2_understanding_only/iter_log.jsonl,proposer,grpo_loss,-0.0485026054084301,,0.0,0.053202470160108206,0.0505423471841275,0.001,0.001,True,
1332,stage1_understanding,understanding,/Users/ritesh.thawkar/Ritesh/self-evolving-uug/runs/final/E2_understanding_only/iter_log.jsonl,proposer,kl_loss,0.0,,0.0,0.053202470160108206,0.0505423471841275,0.001,0.001,True,
1333,stage1_understanding,understanding,/Users/ritesh.thawkar/Ritesh/self-evolving-uug/runs/final/E2_understanding_only/iter_log.jsonl,proposer,grpo_loss,0.7734375,,0.0,-0.8224968128979163,-0.3814539504869676,0.001,0.001,True,
1333,stage1_understanding,understanding,/Users/ritesh.thawkar/Ritesh/self-evolving-uug/runs/final/E2_understanding_only/iter_log.jsonl,proposer,kl_loss,0.0,,0.0,-0.8224968128979163,-0.3814539504869676,0.001,0.001,True,
1334,stage1_understanding,understanding,/Users/ritesh.thawkar/Ritesh/self-evolving-uug/runs/final/E2_understanding_only/iter_log.jsonl,proposer,grpo_loss,0.8802083730697632,,0.0,-0.9193416412120371,-0.3439564340184951,0.001,0.001,True,
1334,stage1_understanding,understanding,/Users/ritesh.thawkar/Ritesh/self-evolving-uug/runs/final/E2_understanding_only/iter_log.jsonl,proposer,kl_loss,0.0,,0.0,-0.9193416412120371,-0.3439564340184951,0.001,0.001,True,
1335,stage1_understanding,understanding,/Users/ritesh.thawkar/Ritesh/self-evolving-uug/runs/final/E2_understanding_only/iter_log.jsonl,proposer,grpo_loss,0.86328125,,0.0,-0.9126004134629158,-0.9977785354012362,0.001,0.001,True,
1335,stage1_understanding,understanding,/Users/ritesh.thawkar/Ritesh/self-evolving-uug/runs/final/E2_understanding_only/iter_log.jsonl,proposer,kl_loss,0.0,,0.0,-0.9126004134629158,-0.9977785354012362,0.001,0.001,True,
1336,stage1_understanding,understanding,/Users/ritesh.thawkar/Ritesh/self-evolving-uug/runs/final/E2_understanding_only/iter_log.jsonl,proposer,grpo_loss,-0.5859375,,0.0,0.6311894854378468,0.4021563371706583,0.001,0.001,True,
1336,stage1_understanding,understanding,/Users/ritesh.thawkar/Ritesh/self-evolving-uug/runs/final/E2_understanding_only/iter_log.jsonl,proposer,kl_loss,0.0,,0.0,0.6311894854378468,0.4021563371706583,0.001,0.001,True,
1337,stage1_understanding,understanding,/Users/ritesh.thawkar/Ritesh/self-evolving-uug/runs/final/E2_understanding_only/iter_log.jsonl,proposer,grpo_loss,-0.8346354365348816,,0.0,0.8741412994233184,0.24232881887968272,0.001,0.001,True,
1337,stage1_understanding,understanding,/Users/ritesh.thawkar/Ritesh/self-evolving-uug/runs/final/E2_understanding_only/iter_log.jsonl,proposer,kl_loss,0.0,,0.0,0.8741412994233184,0.24232881887968272,0.001,0.001,True,
1338,stage1_understanding,understanding,/Users/ritesh.thawkar/Ritesh/self-evolving-uug/runs/final/E2_understanding_only/iter_log.jsonl,proposer,grpo_loss,0.80859375,,0.0,-0.8771929732225301,-0.8333333333333334,0.001,0.001,True,
1338,stage1_understanding,understanding,/Users/ritesh.thawkar/Ritesh/self-evolving-uug/runs/final/E2_understanding_only/iter_log.jsonl,proposer,kl_loss,0.0,,0.0,-0.8771929732225301,-0.8333333333333334,0.001,0.001,True,
1339,stage1_understanding,understanding,/Users/ritesh.thawkar/Ritesh/self-evolving-uug/runs/final/E2_understanding_only/iter_log.jsonl,proposer,grpo_loss,0.81640625,,0.0,-0.8771929732225301,-0.8333333333333334,0.001,0.001,True,
1339,stage1_understanding,understanding,/Users/ritesh.thawkar/Ritesh/self-evolving-uug/runs/final/E2_understanding_only/iter_log.jsonl,proposer,kl_loss,0.0,,0.0,-0.8771929732225301,-0.8333333333333334,0.001,0.001,True,
1340,stage1_understanding,understanding,/Users/ritesh.thawkar/Ritesh/self-evolving-uug/runs/final/E2_understanding_only/iter_log.jsonl,proposer,grpo_loss,0.8216146230697632,,0.0,-0.8771929732225301,-0.8333333333333334,0.001,0.001,True,
1340,stage1_understanding,understanding,/Users/ritesh.thawkar/Ritesh/self-evolving-uug/runs/final/E2_understanding_only/iter_log.jsonl,proposer,kl_loss,0.0,,0.0,-0.8771929732225301,-0.8333333333333334,0.001,0.001,True,
1341,stage1_understanding,understanding,/Users/ritesh.thawkar/Ritesh/self-evolving-uug/runs/final/E2_understanding_only/iter_log.jsonl,proposer,grpo_loss,-0.076171875,,0.0,0.08371916211413537,0.07953320484562025,0.001,0.001,True,
1341,stage1_understanding,understanding,/Users/ritesh.thawkar/Ritesh/self-evolving-uug/runs/final/E2_understanding_only/iter_log.jsonl,proposer,kl_loss,0.0,,0.0,0.08371916211413537,0.07953320484562025,0.001,0.001,True,
1342,stage1_understanding,understanding,/Users/ritesh.thawkar/Ritesh/self-evolving-uug/runs/final/E2_understanding_only/iter_log.jsonl,proposer,grpo_loss,0.2825520932674408,,0.0,-0.3020654030934693,-0.047924936898334915,0.001,0.001,True,
1342,stage1_understanding,understanding,/Users/ritesh.thawkar/Ritesh/self-evolving-uug/runs/final/E2_understanding_only/iter_log.jsonl,proposer,kl_loss,0.0,,0.0,-0.3020654030934693,-0.047924936898334915,0.001,0.001,True,
1343,stage1_understanding,understanding,/Users/ritesh.thawkar/Ritesh/self-evolving-uug/runs/final/E2_understanding_only/iter_log.jsonl,proposer,grpo_loss,0.5813802480697632,,0.0,-0.6165642999240896,-0.5857360910935281,0.001,0.001,True,
1343,stage1_understanding,understanding,/Users/ritesh.thawkar/Ritesh/self-evolving-uug/runs/final/E2_understanding_only/iter_log.jsonl,proposer,kl_loss,0.0,,0.0,-0.6165642999240896,-0.5857360910935281,0.001,0.001,True,
1344,stage1_understanding,understanding,/Users/ritesh.thawkar/Ritesh/self-evolving-uug/runs/final/E2_understanding_only/iter_log.jsonl,proposer,grpo_loss,-0.4563802182674408,,0.0,0.4878928574763047,0.406015630593717,0.001,0.001,True,
1344,stage1_understanding,understanding,/Users/ritesh.thawkar/Ritesh/self-evolving-uug/runs/final/E2_understanding_only/iter_log.jsonl,proposer,kl_loss,0.0,,0.0,0.4878928574763047,0.406015630593717,0.001,0.001,True,
1345,stage1_understanding,understanding,/Users/ritesh.thawkar/Ritesh/self-evolving-uug/runs/final/E2_understanding_only/iter_log.jsonl,proposer,grpo_loss,0.7369791865348816,,0.0,-0.7851043671238229,-0.7458491566186756,0.001,0.001,True,
1345,stage1_understanding,understanding,/Users/ritesh.thawkar/Ritesh/self-evolving-uug/runs/final/E2_understanding_only/iter_log.jsonl,proposer,kl_loss,0.0,,0.0,-0.7851043671238229,-0.7458491566186756,0.001,0.001,True,
1346,stage1_understanding,understanding,/Users/ritesh.thawkar/Ritesh/self-evolving-uug/runs/final/E2_understanding_only/iter_log.jsonl,proposer,grpo_loss,0.51953125,,0.0,-0.5584492230065204,-0.5305267674406866,0.001,0.001,True,
1346,stage1_understanding,understanding,/Users/ritesh.thawkar/Ritesh/self-evolving-uug/runs/final/E2_understanding_only/iter_log.jsonl,proposer,kl_loss,0.0,,0.0,-0.5584492230065204,-0.5305267674406866,0.001,0.001,True,
1347,stage1_understanding,understanding,/Users/ritesh.thawkar/Ritesh/self-evolving-uug/runs/final/E2_understanding_only/iter_log.jsonl,proposer,grpo_loss,0.2659505307674408,,0.0,-0.2836519879300876,-0.2694693913701031,0.001,0.001,True,
1347,stage1_understanding,understanding,/Users/ritesh.thawkar/Ritesh/self-evolving-uug/runs/final/E2_understanding_only/iter_log.jsonl,proposer,kl_loss,0.0,,0.0,-0.2836519879300876,-0.2694693913701031,0.001,0.001,True,
1348,stage1_understanding,understanding,/Users/ritesh.thawkar/Ritesh/self-evolving-uug/runs/final/E2_understanding_only/iter_log.jsonl,proposer,grpo_loss,0.8255208730697632,,0.0,-0.8771929732225301,-0.8333333333333334,0.001,0.001,True,
1348,stage1_understanding,understanding,/Users/ritesh.thawkar/Ritesh/self-evolving-uug/runs/final/E2_understanding_only/iter_log.jsonl,proposer,kl_loss,0.0,,0.0,-0.8771929732225301,-0.8333333333333334,0.001,0.001,True,
1349,stage1_understanding,understanding,/Users/ritesh.thawkar/Ritesh/self-evolving-uug/runs/final/E2_understanding_only/iter_log.jsonl,proposer,grpo_loss,0.76171875,,0.0,-0.8376221423565248,-0.8916777733380545,0.001,0.001,True,
1349,stage1_understanding,understanding,/Users/ritesh.thawkar/Ritesh/self-evolving-uug/runs/final/E2_understanding_only/iter_log.jsonl,proposer,kl_loss,0.0,,0.0,-0.8376221423565248,-0.8916777733380545,0.001,0.001,True,
1350,stage1_understanding,understanding,/Users/ritesh.thawkar/Ritesh/self-evolving-uug/runs/final/E2_understanding_only/iter_log.jsonl,proposer,grpo_loss,-0.0533854179084301,,0.0,0.05294229232288106,0.05029517823615992,0.001,0.001,True,
1350,stage1_understanding,understanding,/Users/ritesh.thawkar/Ritesh/self-evolving-uug/runs/final/E2_understanding_only/iter_log.jsonl,proposer,kl_loss,0.0,,0.0,0.05294229232288106,0.05029517823615992,0.001,0.001,True,
1351,stage1_understanding,understanding,/Users/ritesh.thawkar/Ritesh/self-evolving-uug/runs/final/E2_understanding_only/iter_log.jsonl,proposer,grpo_loss,0.111328125,,0.0,-0.12325009853263513,-0.022126330275016388,0.001,0.001,True,
1351,stage1_understanding,understanding,/Users/ritesh.thawkar/Ritesh/self-evolving-uug/runs/final/E2_understanding_only/iter_log.jsonl,proposer,kl_loss,0.0,,0.0,-0.12325009853263513,-0.022126330275016388,0.001,0.001,True,
1352,stage1_understanding,understanding,/Users/ritesh.thawkar/Ritesh/self-evolving-uug/runs/final/E2_understanding_only/iter_log.jsonl,proposer,grpo_loss,-0.2916666865348816,,0.0,0.3083139416647921,0.0536740370798906,0.001,0.001,True,
1352,stage1_understanding,understanding,/Users/ritesh.thawkar/Ritesh/self-evolving-uug/runs/final/E2_understanding_only/iter_log.jsonl,proposer,kl_loss,0.0,,0.0,0.3083139416647921,0.0536740370798906,0.001,0.001,True,
1353,stage1_understanding,understanding,/Users/ritesh.thawkar/Ritesh/self-evolving-uug/runs/final/E2_understanding_only/iter_log.jsonl,proposer,grpo_loss,0.2265625,,0.0,-0.2411458473567795,-0.03568369478169886,0.001,0.001,True,
1353,stage1_understanding,understanding,/Users/ritesh.thawkar/Ritesh/self-evolving-uug/runs/final/E2_understanding_only/iter_log.jsonl,proposer,kl_loss,0.0,,0.0,-0.2411458473567795,-0.03568369478169886,0.001,0.001,True,
1354,stage1_understanding,understanding,/Users/ritesh.thawkar/Ritesh/self-evolving-uug/runs/final/E2_understanding_only/iter_log.jsonl,proposer,grpo_loss,0.7708333730697632,,0.0,-0.8142546381961294,-0.7199281990974411,0.001,0.001,True,
1354,stage1_understanding,understanding,/Users/ritesh.thawkar/Ritesh/self-evolving-uug/runs/final/E2_understanding_only/iter_log.jsonl,proposer,kl_loss,0.0,,0.0,-0.8142546381961294,-0.7199281990974411,0.001,0.001,True,
1355,stage1_understanding,understanding,/Users/ritesh.thawkar/Ritesh/self-evolving-uug/runs/final/E2_understanding_only/iter_log.jsonl,proposer,grpo_loss,0.8111979365348816,,0.0,-0.8771929732225301,-0.8333333333333334,0.001,0.001,True,
1355,stage1_understanding,understanding,/Users/ritesh.thawkar/Ritesh/self-evolving-uug/runs/final/E2_understanding_only/iter_log.jsonl,proposer,kl_loss,0.0,,0.0,-0.8771929732225301,-0.8333333333333334,0.001,0.001,True,
1356,stage1_understanding,understanding,/Users/ritesh.thawkar/Ritesh/self-evolving-uug/runs/final/E2_understanding_only/iter_log.jsonl,proposer,grpo_loss,0.8177083730697632,,0.0,-0.8784640449839763,-0.3199136319601807,0.001,0.001,True,
1356,stage1_understanding,understanding,/Users/ritesh.thawkar/Ritesh/self-evolving-uug/runs/final/E2_understanding_only/iter_log.jsonl,proposer,kl_loss,0.0,,0.0,-0.8784640449839763,-0.3199136319601807,0.001,0.001,True,
1357,stage1_understanding,understanding,/Users/ritesh.thawkar/Ritesh/self-evolving-uug/runs/final/E2_understanding_only/iter_log.jsonl,proposer,grpo_loss,-0.4322916865348816,,0.0,0.44828984659492194,0.19980999725767434,0.001,0.001,True,
1357,stage1_understanding,understanding,/Users/ritesh.thawkar/Ritesh/self-evolving-uug/runs/final/E2_understanding_only/iter_log.jsonl,proposer,kl_loss,0.0,,0.0,0.44828984659492194,0.19980999725767434,0.001,0.001,True,
1358,stage1_understanding,understanding,/Users/ritesh.thawkar/Ritesh/self-evolving-uug/runs/final/E2_understanding_only/iter_log.jsonl,proposer,grpo_loss,0.90625,,0.0,-0.9712307994050743,-0.9226692691471285,0.001,0.001,True,
1358,stage1_understanding,understanding,/Users/ritesh.thawkar/Ritesh/self-evolving-uug/runs/final/E2_understanding_only/iter_log.jsonl,proposer,kl_loss,0.0,,0.0,-0.9712307994050743,-0.9226692691471285,0.001,0.001,True,
1359,stage1_understanding,understanding,/Users/ritesh.thawkar/Ritesh/self-evolving-uug/runs/final/E2_understanding_only/iter_log.jsonl,proposer,grpo_loss,0.82421875,,0.0,-0.8771929732225301,-0.8333333333333334,0.001,0.001,True,
1359,stage1_understanding,understanding,/Users/ritesh.thawkar/Ritesh/self-evolving-uug/runs/final/E2_understanding_only/iter_log.jsonl,proposer,kl_loss,0.0,,0.0,-0.8771929732225301,-0.8333333333333334,0.001,0.001,True,
1360,stage1_understanding,understanding,/Users/ritesh.thawkar/Ritesh/self-evolving-uug/runs/final/E2_understanding_only/iter_log.jsonl,proposer,grpo_loss,0.13671875,,0.0,-0.14378399891741855,-0.13659480040938762,0.001,0.001,True,
1360,stage1_understanding,understanding,/Users/ritesh.thawkar/Ritesh/self-evolving-uug/runs/final/E2_understanding_only/iter_log.jsonl,proposer,kl_loss,0.0,,0.0,-0.14378399891741855,-0.13659480040938762,0.001,0.001,True,
1361,stage1_understanding,understanding,/Users/ritesh.thawkar/Ritesh/self-evolving-uug/runs/final/E2_understanding_only/iter_log.jsonl,proposer,grpo_loss,0.32421875,,0.0,-0.34548282245553424,-0.3282086847875858,0.001,0.001,True,
1361,stage1_understanding,understanding,/Users/ritesh.thawkar/Ritesh/self-evolving-uug/runs/final/E2_understanding_only/iter_log.jsonl,proposer,kl_loss,0.0,,0.0,-0.34548282245553424,-0.3282086847875858,0.001,0.001,True,
1362,stage1_understanding,understanding,/Users/ritesh.thawkar/Ritesh/self-evolving-uug/runs/final/E2_understanding_only/iter_log.jsonl,proposer,grpo_loss,-0.783203125,,0.0,0.8315220123254305,0.3180980931058864,0.001,0.001,True,
1362,stage1_understanding,understanding,/Users/ritesh.thawkar/Ritesh/self-evolving-uug/runs/final/E2_understanding_only/iter_log.jsonl,proposer,kl_loss,0.0,,0.0,0.8315220123254305,0.3180980931058864,0.001,0.001,True,
1363,stage1_understanding,understanding,/Users/ritesh.thawkar/Ritesh/self-evolving-uug/runs/final/E2_understanding_only/iter_log.jsonl,proposer,grpo_loss,0.9375,,0.0,-0.9894862281618537,-0.9605444447235655,0.001,0.001,True,
1363,stage1_understanding,understanding,/Users/ritesh.thawkar/Ritesh/self-evolving-uug/runs/final/E2_understanding_only/iter_log.jsonl,proposer,kl_loss,0.0,,0.0,-0.9894862281618537,-0.9605444447235655,0.001,0.001,True,
1364,stage1_understanding,understanding,/Users/ritesh.thawkar/Ritesh/self-evolving-uug/runs/final/E2_understanding_only/iter_log.jsonl,proposer,grpo_loss,0.8190104365348816,,0.0,-0.8771929732225301,-0.8333333333333334,0.001,0.001,True,
1364,stage1_understanding,understanding,/Users/ritesh.thawkar/Ritesh/self-evolving-uug/runs/final/E2_understanding_only/iter_log.jsonl,proposer,kl_loss,0.0,,0.0,-0.8771929732225301,-0.8333333333333334,0.001,0.001,True,
1365,stage1_understanding,understanding,/Users/ritesh.thawkar/Ritesh/self-evolving-uug/runs/final/E2_understanding_only/iter_log.jsonl,proposer,grpo_loss,0.8203125,,0.0,-0.8771929732225301,-0.8333333333333334,0.001,0.001,True,
1365,stage1_understanding,understanding,/Users/ritesh.thawkar/Ritesh/self-evolving-uug/runs/final/E2_understanding_only/iter_log.jsonl,proposer,kl_loss,0.0,,0.0,-0.8771929732225301,-0.8333333333333334,0.001,0.001,True,
1366,stage1_understanding,understanding,/Users/ritesh.thawkar/Ritesh/self-evolving-uug/runs/final/E2_understanding_only/iter_log.jsonl,proposer,grpo_loss,0.7194010615348816,,0.0,-0.7565523984170279,-0.7998736082607415,0.001,0.001,True,
1366,stage1_understanding,understanding,/Users/ritesh.thawkar/Ritesh/self-evolving-uug/runs/final/E2_understanding_only/iter_log.jsonl,proposer,kl_loss,0.0,,0.0,-0.7565523984170279,-0.7998736082607415,0.001,0.001,True,
1367,stage1_understanding,understanding,/Users/ritesh.thawkar/Ritesh/self-evolving-uug/runs/final/E2_understanding_only/iter_log.jsonl,proposer,grpo_loss,0.1833903044462204,,0.0,-0.18818647860504023,-0.17877715655665302,0.001,0.001,True,
1367,stage1_understanding,understanding,/Users/ritesh.thawkar/Ritesh/self-evolving-uug/runs/final/E2_understanding_only/iter_log.jsonl,proposer,kl_loss,0.0,,0.0,-0.18818647860504023,-0.17877715655665302,0.001,0.001,True,
1368,stage1_understanding,understanding,/Users/ritesh.thawkar/Ritesh/self-evolving-uug/runs/final/E2_understanding_only/iter_log.jsonl,proposer,grpo_loss,-0.3014323115348816,,0.0,0.3309263292740187,0.12307297333913018,0.001,0.001,True,
1368,stage1_understanding,understanding,/Users/ritesh.thawkar/Ritesh/self-evolving-uug/runs/final/E2_understanding_only/iter_log.jsonl,proposer,kl_loss,0.0,,0.0,0.3309263292740187,0.12307297333913018,0.001,0.001,True,
1369,stage1_understanding,understanding,/Users/ritesh.thawkar/Ritesh/self-evolving-uug/runs/final/E2_understanding_only/iter_log.jsonl,proposer,grpo_loss,0.34765625,,0.0,-0.36800268023512733,-0.0793097812683327,0.001,0.001,True,
1369,stage1_understanding,understanding,/Users/ritesh.thawkar/Ritesh/self-evolving-uug/runs/final/E2_understanding_only/iter_log.jsonl,proposer,kl_loss,0.0,,0.0,-0.36800268023512733,-0.0793097812683327,0.001,0.001,True,
1370,stage1_understanding,understanding,/Users/ritesh.thawkar/Ritesh/self-evolving-uug/runs/final/E2_understanding_only/iter_log.jsonl,proposer,grpo_loss,0.8294271230697632,,0.0,-0.8771929732225301,-0.8333333333333334,0.001,0.001,True,
1370,stage1_understanding,understanding,/Users/ritesh.thawkar/Ritesh/self-evolving-uug/runs/final/E2_understanding_only/iter_log.jsonl,proposer,kl_loss,0.0,,0.0,-0.8771929732225301,-0.8333333333333334,0.001,0.001,True,
1371,stage1_understanding,understanding,/Users/ritesh.thawkar/Ritesh/self-evolving-uug/runs/final/E2_understanding_only/iter_log.jsonl,proposer,grpo_loss,0.8046875,,0.0,-0.8562462904604957,-1.208164595044485,0.001,0.001,True,
1371,stage1_understanding,understanding,/Users/ritesh.thawkar/Ritesh/self-evolving-uug/runs/final/E2_understanding_only/iter_log.jsonl,proposer,kl_loss,0.0,,0.0,-0.8562462904604957,-1.208164595044485,0.001,0.001,True,
1372,stage1_understanding,understanding,/Users/ritesh.thawkar/Ritesh/self-evolving-uug/runs/final/E2_understanding_only/iter_log.jsonl,proposer,grpo_loss,-0.3229166865348816,,0.0,0.34296968977671094,0.12958352033860912,0.001,0.001,True,
1372,stage1_understanding,understanding,/Users/ritesh.thawkar/Ritesh/self-evolving-uug/runs/final/E2_understanding_only/iter_log.jsonl,proposer,kl_loss,0.0,,0.0,0.34296968977671094,0.12958352033860912,0.001,0.001,True,
1373,stage1_understanding,understanding,/Users/ritesh.thawkar/Ritesh/self-evolving-uug/runs/final/E2_understanding_only/iter_log.jsonl,proposer,grpo_loss,0.22454833984375,,0.0,-0.24117851416794914,-0.22911959087133682,0.001,0.001,True,
1373,stage1_understanding,understanding,/Users/ritesh.thawkar/Ritesh/self-evolving-uug/runs/final/E2_understanding_only/iter_log.jsonl,proposer,kl_loss,0.0,,0.0,-0.24117851416794914,-0.22911959087133682,0.001,0.001,True,
1374,stage1_understanding,understanding,/Users/ritesh.thawkar/Ritesh/self-evolving-uug/runs/final/E2_understanding_only/iter_log.jsonl,proposer,grpo_loss,-0.8932291865348816,,0.0,0.9391326849075905,0.3339820888313534,0.001,0.001,True,
1374,stage1_understanding,understanding,/Users/ritesh.thawkar/Ritesh/self-evolving-uug/runs/final/E2_understanding_only/iter_log.jsonl,proposer,kl_loss,0.0,,0.0,0.9391326849075905,0.3339820888313534,0.001,0.001,True,
1375,stage1_understanding,understanding,/Users/ritesh.thawkar/Ritesh/self-evolving-uug/runs/final/E2_understanding_only/iter_log.jsonl,proposer,grpo_loss,0.5406901240348816,,0.0,-0.5794465597458269,-0.5504742375530012,0.001,0.001,True,
1375,stage1_understanding,understanding,/Users/ritesh.thawkar/Ritesh/self-evolving-uug/runs/final/E2_understanding_only/iter_log.jsonl,proposer,kl_loss,0.0,,0.0,-0.5794465597458269,-0.5504742375530012,0.001,0.001,True,
1376,stage1_understanding,understanding,/Users/ritesh.thawkar/Ritesh/self-evolving-uug/runs/final/E2_understanding_only/iter_log.jsonl,proposer,grpo_loss,0.5403646230697632,,0.0,-0.5808269691360101,-0.5517856264874792,0.001,0.001,True,
1376,stage1_understanding,understanding,/Users/ritesh.thawkar/Ritesh/self-evolving-uug/runs/final/E2_understanding_only/iter_log.jsonl,proposer,kl_loss,0.0,,0.0,-0.5808269691360101,-0.5517856264874792,0.001,0.001,True,
1377,stage1_understanding,understanding,/Users/ritesh.thawkar/Ritesh/self-evolving-uug/runs/final/E2_understanding_only/iter_log.jsonl,proposer,grpo_loss,0.5602213740348816,,0.0,-0.593702922712977,-0.5640177825143574,0.001,0.001,True,
1377,stage1_understanding,understanding,/Users/ritesh.thawkar/Ritesh/self-evolving-uug/runs/final/E2_understanding_only/iter_log.jsonl,proposer,kl_loss,0.0,,0.0,-0.593702922712977,-0.5640177825143574,0.001,0.001,True,
1378,stage1_understanding,understanding,/Users/ritesh.thawkar/Ritesh/self-evolving-uug/runs/final/E2_understanding_only/iter_log.jsonl,proposer,grpo_loss,0.8138021230697632,,0.0,-0.8771929732225301,-0.8333333333333334,0.001,0.001,True,
1378,stage1_understanding,understanding,/Users/ritesh.thawkar/Ritesh/self-evolving-uug/runs/final/E2_understanding_only/iter_log.jsonl,proposer,kl_loss,0.0,,0.0,-0.8771929732225301,-0.8333333333333334,0.001,0.001,True,
1379,stage1_understanding,understanding,/Users/ritesh.thawkar/Ritesh/self-evolving-uug/runs/final/E2_understanding_only/iter_log.jsonl,proposer,grpo_loss,0.8111979365348816,,0.0,-0.8771929732225301,-0.8333333333333334,0.001,0.001,True,
1379,stage1_understanding,understanding,/Users/ritesh.thawkar/Ritesh/self-evolving-uug/runs/final/E2_understanding_only/iter_log.jsonl,proposer,kl_loss,0.0,,0.0,-0.8771929732225301,-0.8333333333333334,0.001,0.001,True,
1380,stage1_understanding,understanding,/Users/ritesh.thawkar/Ritesh/self-evolving-uug/runs/final/E2_understanding_only/iter_log.jsonl,proposer,grpo_loss,0.1321614682674408,,0.0,-0.13904974774796186,-0.13209726175106126,0.001,0.001,True,
1380,stage1_understanding,understanding,/Users/ritesh.thawkar/Ritesh/self-evolving-uug/runs/final/E2_understanding_only/iter_log.jsonl,proposer,kl_loss,0.0,,0.0,-0.13904974774796186,-0.13209726175106126,0.001,0.001,True,
1381,stage1_understanding,understanding,/Users/ritesh.thawkar/Ritesh/self-evolving-uug/runs/final/E2_understanding_only/iter_log.jsonl,proposer,grpo_loss,-0.208984375,,0.0,0.22570736690582002,0.05936361326977113,0.001,0.001,True,
1381,stage1_understanding,understanding,/Users/ritesh.thawkar/Ritesh/self-evolving-uug/runs/final/E2_understanding_only/iter_log.jsonl,proposer,kl_loss,0.0,,0.0,0.22570736690582002,0.05936361326977113,0.001,0.001,True,
1382,stage1_understanding,understanding,/Users/ritesh.thawkar/Ritesh/self-evolving-uug/runs/final/E2_understanding_only/iter_log.jsonl,proposer,grpo_loss,0.71875,,0.0,-0.7632371111463367,-0.7250752632213912,0.001,0.001,True,
1382,stage1_understanding,understanding,/Users/ritesh.thawkar/Ritesh/self-evolving-uug/runs/final/E2_understanding_only/iter_log.jsonl,proposer,kl_loss,0.0,,0.0,-0.7632371111463367,-0.7250752632213912,0.001,0.001,True,
1383,stage1_understanding,understanding,/Users/ritesh.thawkar/Ritesh/self-evolving-uug/runs/final/E2_understanding_only/iter_log.jsonl,proposer,grpo_loss,0.2447102963924408,,0.0,-0.2660016195727372,-0.25270154125411654,0.001,0.001,True,
1383,stage1_understanding,understanding,/Users/ritesh.thawkar/Ritesh/self-evolving-uug/runs/final/E2_understanding_only/iter_log.jsonl,proposer,kl_loss,0.0,,0.0,-0.2660016195727372,-0.25270154125411654,0.001,0.001,True,
1384,stage1_understanding,understanding,/Users/ritesh.thawkar/Ritesh/self-evolving-uug/runs/final/E2_understanding_only/iter_log.jsonl,proposer,grpo_loss,0.6888021230697632,,0.0,-0.7289671952728541,-1.1669355574864628,0.001,0.001,True,
1384,stage1_understanding,understanding,/Users/ritesh.thawkar/Ritesh/self-evolving-uug/runs/final/E2_understanding_only/iter_log.jsonl,proposer,kl_loss,0.0,,0.0,-0.7289671952728541,-1.1669355574864628,0.001,0.001,True,
1385,stage1_understanding,understanding,/Users/ritesh.thawkar/Ritesh/self-evolving-uug/runs/final/E2_understanding_only/iter_log.jsonl,proposer,grpo_loss,0.1217447966337204,,0.0,-0.12985395739486585,-0.12336126082366212,0.001,0.001,True,
1385,stage1_understanding,understanding,/Users/ritesh.thawkar/Ritesh/self-evolving-uug/runs/final/E2_understanding_only/iter_log.jsonl,proposer,kl_loss,0.0,,0.0,-0.12985395739486585,-0.12336126082366212,0.001,0.001,True,
1386,stage1_understanding,understanding,/Users/ritesh.thawkar/Ritesh/self-evolving-uug/runs/final/E2_understanding_only/iter_log.jsonl,proposer,grpo_loss,0.2755534052848816,,0.0,-0.2926768943322699,-0.27804305254242534,0.001,0.001,True,
1386,stage1_understanding,understanding,/Users/ritesh.thawkar/Ritesh/self-evolving-uug/runs/final/E2_understanding_only/iter_log.jsonl,proposer,kl_loss,0.0,,0.0,-0.2926768943322699,-0.27804305254242534,0.001,0.001,True,
1387,stage1_understanding,understanding,/Users/ritesh.thawkar/Ritesh/self-evolving-uug/runs/final/E2_understanding_only/iter_log.jsonl,proposer,grpo_loss,-0.2096354216337204,,0.0,0.22277934259735196,0.049666115167831315,0.001,0.001,True,
1387,stage1_understanding,understanding,/Users/ritesh.thawkar/Ritesh/self-evolving-uug/runs/final/E2_understanding_only/iter_log.jsonl,proposer,kl_loss,0.0,,0.0,0.22277934259735196,0.049666115167831315,0.001,0.001,True,
1388,stage1_understanding,understanding,/Users/ritesh.thawkar/Ritesh/self-evolving-uug/runs/final/E2_understanding_only/iter_log.jsonl,proposer,grpo_loss,-0.7389323115348816,,0.0,0.7900025683198125,0.16210449579647582,0.001,0.001,True,
1388,stage1_understanding,understanding,/Users/ritesh.thawkar/Ritesh/self-evolving-uug/runs/final/E2_understanding_only/iter_log.jsonl,proposer,kl_loss,0.0,,0.0,0.7900025683198125,0.16210449579647582,0.001,0.001,True,
1389,stage1_understanding,understanding,/Users/ritesh.thawkar/Ritesh/self-evolving-uug/runs/final/E2_understanding_only/iter_log.jsonl,proposer,grpo_loss,0.5392252802848816,,0.0,-0.5732664535026092,-0.5446031365601433,0.001,0.001,True,
1389,stage1_understanding,understanding,/Users/ritesh.thawkar/Ritesh/self-evolving-uug/runs/final/E2_understanding_only/iter_log.jsonl,proposer,kl_loss,0.0,,0.0,-0.5732664535026092,-0.5446031365601433,0.001,0.001,True,
1390,stage1_understanding,understanding,/Users/ritesh.thawkar/Ritesh/self-evolving-uug/runs/final/E2_understanding_only/iter_log.jsonl,proposer,grpo_loss,-0.0244140625,,0.0,0.03600321053774469,0.03420305037088952,0.001,0.001,True,
1390,stage1_understanding,understanding,/Users/ritesh.thawkar/Ritesh/self-evolving-uug/runs/final/E2_understanding_only/iter_log.jsonl,proposer,kl_loss,0.0,,0.0,0.03600321053774469,0.03420305037088952,0.001,0.001,True,
1391,stage1_understanding,understanding,/Users/ritesh.thawkar/Ritesh/self-evolving-uug/runs/final/E2_understanding_only/iter_log.jsonl,proposer,grpo_loss,-0.8984375,,0.0,0.9674205697575582,0.16137962789867025,0.001,0.001,True,
1391,stage1_understanding,understanding,/Users/ritesh.thawkar/Ritesh/self-evolving-uug/runs/final/E2_understanding_only/iter_log.jsonl,proposer,kl_loss,0.0,,0.0,0.9674205697575582,0.16137962789867025,0.001,0.001,True,
1392,stage1_understanding,understanding,/Users/ritesh.thawkar/Ritesh/self-evolving-uug/runs/final/E2_understanding_only/iter_log.jsonl,proposer,grpo_loss,-0.8541666865348816,,0.0,0.9181781813119301,0.15100688375356594,0.001,0.001,True,
1392,stage1_understanding,understanding,/Users/ritesh.thawkar/Ritesh/self-evolving-uug/runs/final/E2_understanding_only/iter_log.jsonl,proposer,kl_loss,0.0,,0.0,0.9181781813119301,0.15100688375356594,0.001,0.001,True,
1393,stage1_understanding,understanding,/Users/ritesh.thawkar/Ritesh/self-evolving-uug/runs/final/E2_understanding_only/iter_log.jsonl,proposer,grpo_loss,0.8190104365348816,,0.0,-0.8771929732225301,-0.8333333333333334,0.001,0.001,True,
1393,stage1_understanding,understanding,/Users/ritesh.thawkar/Ritesh/self-evolving-uug/runs/final/E2_understanding_only/iter_log.jsonl,proposer,kl_loss,0.0,,0.0,-0.8771929732225301,-0.8333333333333334,0.001,0.001,True,
1394,stage1_understanding,understanding,/Users/ritesh.thawkar/Ritesh/self-evolving-uug/runs/final/E2_understanding_only/iter_log.jsonl,proposer,grpo_loss,-0.27734375,,0.0,0.2981130628246436,0.04883459670452426,0.001,0.001,True,
1394,stage1_understanding,understanding,/Users/ritesh.thawkar/Ritesh/self-evolving-uug/runs/final/E2_understanding_only/iter_log.jsonl,proposer,kl_loss,0.0,,0.0,0.2981130628246436,0.04883459670452426,0.001,0.001,True,
1395,stage1_understanding,understanding,/Users/ritesh.thawkar/Ritesh/self-evolving-uug/runs/final/E2_understanding_only/iter_log.jsonl,proposer,grpo_loss,-0.0537109375,,0.0,0.060215267001782175,0.057204504253845746,0.001,0.001,True,
1395,stage1_understanding,understanding,/Users/ritesh.thawkar/Ritesh/self-evolving-uug/runs/final/E2_understanding_only/iter_log.jsonl,proposer,kl_loss,0.0,,0.0,0.060215267001782175,0.057204504253845746,0.001,0.001,True,
1396,stage1_understanding,understanding,/Users/ritesh.thawkar/Ritesh/self-evolving-uug/runs/final/E2_understanding_only/iter_log.jsonl,proposer,grpo_loss,0.5397135615348816,,0.0,-0.5753603193301579,-0.5465923091172532,0.001,0.001,True,
1396,stage1_understanding,understanding,/Users/ritesh.thawkar/Ritesh/self-evolving-uug/runs/final/E2_understanding_only/iter_log.jsonl,proposer,kl_loss,0.0,,0.0,-0.5753603193301579,-0.5465923091172532,0.001,0.001,True,
1397,stage1_understanding,understanding,/Users/ritesh.thawkar/Ritesh/self-evolving-uug/runs/final/E2_understanding_only/iter_log.jsonl,proposer,grpo_loss,-0.345703125,,0.0,0.36879359307591625,0.09543388696920352,0.001,0.001,True,
1397,stage1_understanding,understanding,/Users/ritesh.thawkar/Ritesh/self-evolving-uug/runs/final/E2_understanding_only/iter_log.jsonl,proposer,kl_loss,0.0,,0.0,0.36879359307591625,0.09543388696920352,0.001,0.001,True,
1398,stage1_understanding,understanding,/Users/ritesh.thawkar/Ritesh/self-evolving-uug/runs/final/E2_understanding_only/iter_log.jsonl,proposer,grpo_loss,0.5999349355697632,,0.0,-0.6426669640739336,-0.6105336222969066,0.001,0.001,True,
1398,stage1_understanding,understanding,/Users/ritesh.thawkar/Ritesh/self-evolving-uug/runs/final/E2_understanding_only/iter_log.jsonl,proposer,kl_loss,0.0,,0.0,-0.6426669640739336,-0.6105336222969066,0.001,0.001,True,
1399,stage1_understanding,understanding,/Users/ritesh.thawkar/Ritesh/self-evolving-uug/runs/final/E2_understanding_only/iter_log.jsonl,proposer,grpo_loss,0.8489583730697632,,0.0,-0.9097916942452319,-0.8643021186308871,0.001,0.001,True,
1399,stage1_understanding,understanding,/Users/ritesh.thawkar/Ritesh/self-evolving-uug/runs/final/E2_understanding_only/iter_log.jsonl,proposer,kl_loss,0.0,,0.0,-0.9097916942452319,-0.8643021186308871,0.001,0.001,True,
1400,stage1_understanding,understanding,/Users/ritesh.thawkar/Ritesh/self-evolving-uug/runs/final/E2_understanding_only/iter_log.jsonl,proposer,grpo_loss,0.7428385615348816,,0.0,-0.7781611159960873,-0.7392530679778941,0.001,0.001,True,
1400,stage1_understanding,understanding,/Users/ritesh.thawkar/Ritesh/self-evolving-uug/runs/final/E2_understanding_only/iter_log.jsonl,proposer,kl_loss,0.0,,0.0,-0.7781611159960873,-0.7392530679778941,0.001,0.001,True,
1401,stage1_understanding,understanding,/Users/ritesh.thawkar/Ritesh/self-evolving-uug/runs/final/E2_understanding_only/iter_log.jsonl,proposer,grpo_loss,0.1158854216337204,,0.0,-0.12591355798957526,-0.11961788134923208,0.001,0.001,True,
1401,stage1_understanding,understanding,/Users/ritesh.thawkar/Ritesh/self-evolving-uug/runs/final/E2_understanding_only/iter_log.jsonl,proposer,kl_loss,0.0,,0.0,-0.12591355798957526,-0.11961788134923208,0.001,0.001,True,
1402,stage1_understanding,understanding,/Users/ritesh.thawkar/Ritesh/self-evolving-uug/runs/final/E2_understanding_only/iter_log.jsonl,proposer,grpo_loss,-0.2112630307674408,,0.0,0.2201112936928392,0.08040795242613119,0.001,0.001,True,
1402,stage1_understanding,understanding,/Users/ritesh.thawkar/Ritesh/self-evolving-uug/runs/final/E2_understanding_only/iter_log.jsonl,proposer,kl_loss,0.0,,0.0,0.2201112936928392,0.08040795242613119,0.001,0.001,True,
1403,stage1_understanding,understanding,/Users/ritesh.thawkar/Ritesh/self-evolving-uug/runs/final/E2_understanding_only/iter_log.jsonl,proposer,grpo_loss,0.3216145932674408,,0.0,-0.3517720655067769,-0.3341834657491587,0.001,0.001,True,
1403,stage1_understanding,understanding,/Users/ritesh.thawkar/Ritesh/self-evolving-uug/runs/final/E2_understanding_only/iter_log.jsonl,proposer,kl_loss,0.0,,0.0,-0.3517720655067769,-0.3341834657491587,0.001,0.001,True,
1404,stage1_understanding,understanding,/Users/ritesh.thawkar/Ritesh/self-evolving-uug/runs/final/E2_understanding_only/iter_log.jsonl,proposer,grpo_loss,0.4713541865348816,,0.0,-0.4943502265844108,-0.24826588003362668,0.001,0.001,True,
1404,stage1_understanding,understanding,/Users/ritesh.thawkar/Ritesh/self-evolving-uug/runs/final/E2_understanding_only/iter_log.jsonl,proposer,kl_loss,0.0,,0.0,-0.4943502265844108,-0.24826588003362668,0.001,0.001,True,
1405,stage1_understanding,understanding,/Users/ritesh.thawkar/Ritesh/self-evolving-uug/runs/final/E2_understanding_only/iter_log.jsonl,proposer,grpo_loss,-0.693359375,,0.0,0.7364415912069061,0.2951408130395497,0.001,0.001,True,
1405,stage1_understanding,understanding,/Users/ritesh.thawkar/Ritesh/self-evolving-uug/runs/final/E2_understanding_only/iter_log.jsonl,proposer,kl_loss,0.0,,0.0,0.7364415912069061,0.2951408130395497,0.001,0.001,True,
1406,stage1_understanding,understanding,/Users/ritesh.thawkar/Ritesh/self-evolving-uug/runs/final/E2_understanding_only/iter_log.jsonl,proposer,grpo_loss,-0.2096354216337204,,0.0,0.22022057131115025,0.053899981891108374,0.001,0.001,True,
1406,stage1_understanding,understanding,/Users/ritesh.thawkar/Ritesh/self-evolving-uug/runs/final/E2_understanding_only/iter_log.jsonl,proposer,kl_loss,0.0,,0.0,0.22022057131115025,0.053899981891108374,0.001,0.001,True,
1407,stage1_understanding,understanding,/Users/ritesh.thawkar/Ritesh/self-evolving-uug/runs/final/E2_understanding_only/iter_log.jsonl,proposer,grpo_loss,0.7591146230697632,,0.0,-0.8082361484969387,-0.7678243491544533,0.001,0.001,True,
1407,stage1_understanding,understanding,/Users/ritesh.thawkar/Ritesh/self-evolving-uug/runs/final/E2_understanding_only/iter_log.jsonl,proposer,kl_loss,0.0,,0.0,-0.8082361484969387,-0.7678243491544533,0.001,0.001,True,
1408,stage1_understanding,understanding,/Users/ritesh.thawkar/Ritesh/self-evolving-uug/runs/final/E2_understanding_only/iter_log.jsonl,proposer,grpo_loss,-0.1705729216337204,,0.0,0.18078019454271232,0.07317649771449858,0.001,0.001,True,
1408,stage1_understanding,understanding,/Users/ritesh.thawkar/Ritesh/self-evolving-uug/runs/final/E2_understanding_only/iter_log.jsonl,proposer,kl_loss,0.0,,0.0,0.18078019454271232,0.07317649771449858,0.001,0.001,True,
1409,stage1_understanding,understanding,/Users/ritesh.thawkar/Ritesh/self-evolving-uug/runs/final/E2_understanding_only/iter_log.jsonl,proposer,grpo_loss,0.239013671875,,0.0,-0.2546543638401971,-0.24192164819473083,0.001,0.001,True,
1409,stage1_understanding,understanding,/Users/ritesh.thawkar/Ritesh/self-evolving-uug/runs/final/E2_understanding_only/iter_log.jsonl,proposer,kl_loss,0.0,,0.0,-0.2546543638401971,-0.24192164819473083,0.001,0.001,True,
1410,stage1_understanding,understanding,/Users/ritesh.thawkar/Ritesh/self-evolving-uug/runs/final/E2_understanding_only/iter_log.jsonl,proposer,grpo_loss,0.8177083730697632,,0.0,-0.8771929732225301,-0.8333333333333334,0.001,0.001,True,
1410,stage1_understanding,understanding,/Users/ritesh.thawkar/Ritesh/self-evolving-uug/runs/final/E2_understanding_only/iter_log.jsonl,proposer,kl_loss,0.0,,0.0,-0.8771929732225301,-0.8333333333333334,0.001,0.001,True,
1411,stage1_understanding,understanding,/Users/ritesh.thawkar/Ritesh/self-evolving-uug/runs/final/E2_understanding_only/iter_log.jsonl,proposer,grpo_loss,0.5900065302848816,,0.0,-0.6307164022001698,-0.5991805883973255,0.001,0.001,True,
1411,stage1_understanding,understanding,/Users/ritesh.thawkar/Ritesh/self-evolving-uug/runs/final/E2_understanding_only/iter_log.jsonl,proposer,kl_loss,0.0,,0.0,-0.6307164022001698,-0.5991805883973255,0.001,0.001,True,
1412,stage1_understanding,understanding,/Users/ritesh.thawkar/Ritesh/self-evolving-uug/runs/final/E2_understanding_only/iter_log.jsonl,proposer,grpo_loss,0.5843099355697632,,0.0,-0.6166409219082576,-0.585808881979254,0.001,0.001,True,
1412,stage1_understanding,understanding,/Users/ritesh.thawkar/Ritesh/self-evolving-uug/runs/final/E2_understanding_only/iter_log.jsonl,proposer,kl_loss,0.0,,0.0,-0.6166409219082576,-0.585808881979254,0.001,0.001,True,
1413,stage1_understanding,understanding,/Users/ritesh.thawkar/Ritesh/self-evolving-uug/runs/final/E2_understanding_only/iter_log.jsonl,proposer,grpo_loss,0.57470703125,,0.0,-0.6241447825693874,-0.5929375496823659,0.001,0.001,True,
1413,stage1_understanding,understanding,/Users/ritesh.thawkar/Ritesh/self-evolving-uug/runs/final/E2_understanding_only/iter_log.jsonl,proposer,kl_loss,0.0,,0.0,-0.6241447825693874,-0.5929375496823659,0.001,0.001,True,
1414,stage1_understanding,understanding,/Users/ritesh.thawkar/Ritesh/self-evolving-uug/runs/final/E2_understanding_only/iter_log.jsonl,proposer,grpo_loss,0.50390625,,0.0,-0.5395453669456644,-0.5125681039938348,0.001,0.001,True,
1414,stage1_understanding,understanding,/Users/ritesh.thawkar/Ritesh/self-evolving-uug/runs/final/E2_understanding_only/iter_log.jsonl,proposer,kl_loss,0.0,,0.0,-0.5395453669456644,-0.5125681039938348,0.001,0.001,True,
1415,stage1_understanding,understanding,/Users/ritesh.thawkar/Ritesh/self-evolving-uug/runs/final/E2_understanding_only/iter_log.jsonl,proposer,grpo_loss,-0.7421875,,0.0,0.7919214594788212,0.23199445654274928,0.001,0.001,True,
1415,stage1_understanding,understanding,/Users/ritesh.thawkar/Ritesh/self-evolving-uug/runs/final/E2_understanding_only/iter_log.jsonl,proposer,kl_loss,0.0,,0.0,0.7919214594788212,0.23199445654274928,0.001,0.001,True,
1416,stage1_understanding,understanding,/Users/ritesh.thawkar/Ritesh/self-evolving-uug/runs/final/E2_understanding_only/iter_log.jsonl,proposer,grpo_loss,-0.79296875,,0.0,0.8472505015254074,0.14633281388942287,0.001,0.001,True,
1416,stage1_understanding,understanding,/Users/ritesh.thawkar/Ritesh/self-evolving-uug/runs/final/E2_understanding_only/iter_log.jsonl,proposer,kl_loss,0.0,,0.0,0.8472505015254074,0.14633281388942287,0.001,0.001,True,
1417,stage1_understanding,understanding,/Users/ritesh.thawkar/Ritesh/self-evolving-uug/runs/final/E2_understanding_only/iter_log.jsonl,proposer,grpo_loss,0.8203125,,0.0,-0.8771929732225301,-0.8333333333333334,0.001,0.001,True,
1417,stage1_understanding,understanding,/Users/ritesh.thawkar/Ritesh/self-evolving-uug/runs/final/E2_understanding_only/iter_log.jsonl,proposer,kl_loss,0.0,,0.0,-0.8771929732225301,-0.8333333333333334,0.001,0.001,True,
1418,stage1_understanding,understanding,/Users/ritesh.thawkar/Ritesh/self-evolving-uug/runs/final/E2_understanding_only/iter_log.jsonl,proposer,grpo_loss,0.21923828125,,0.0,-0.23472690318745423,-0.19157618821852537,0.001,0.001,True,
1418,stage1_understanding,understanding,/Users/ritesh.thawkar/Ritesh/self-evolving-uug/runs/final/E2_understanding_only/iter_log.jsonl,proposer,kl_loss,0.0,,0.0,-0.23472690318745423,-0.19157618821852537,0.001,0.001,True,
1419,stage1_understanding,understanding,/Users/ritesh.thawkar/Ritesh/self-evolving-uug/runs/final/E2_understanding_only/iter_log.jsonl,proposer,grpo_loss,0.5403646230697632,,0.0,-0.579020159645653,-0.550069157453572,0.001,0.001,True,
1419,stage1_understanding,understanding,/Users/ritesh.thawkar/Ritesh/self-evolving-uug/runs/final/E2_understanding_only/iter_log.jsonl,proposer,kl_loss,0.0,,0.0,-0.579020159645653,-0.550069157453572,0.001,0.001,True,
1420,stage1_understanding,understanding,/Users/ritesh.thawkar/Ritesh/self-evolving-uug/runs/final/E2_understanding_only/iter_log.jsonl,proposer,grpo_loss,-0.4817708432674408,,0.0,0.5082127643264062,0.07463223735426709,0.001,0.001,True,
1420,stage1_understanding,understanding,/Users/ritesh.thawkar/Ritesh/self-evolving-uug/runs/final/E2_understanding_only/iter_log.jsonl,proposer,kl_loss,0.0,,0.0,0.5082127643264062,0.07463223735426709,0.001,0.001,True,
1421,stage1_understanding,understanding,/Users/ritesh.thawkar/Ritesh/self-evolving-uug/runs/final/E2_understanding_only/iter_log.jsonl,proposer,grpo_loss,-0.83984375,,0.0,0.8849973453681571,0.14769902183987058,0.001,0.001,True,
1421,stage1_understanding,understanding,/Users/ritesh.thawkar/Ritesh/self-evolving-uug/runs/final/E2_understanding_only/iter_log.jsonl,proposer,kl_loss,0.0,,0.0,0.8849973453681571,0.14769902183987058,0.001,0.001,True,
1422,stage1_understanding,understanding,/Users/ritesh.thawkar/Ritesh/self-evolving-uug/runs/final/E2_understanding_only/iter_log.jsonl,proposer,grpo_loss,-0.7565104365348816,,0.0,0.8127273858149556,0.20297628264491044,0.001,0.001,True,
1422,stage1_understanding,understanding,/Users/ritesh.thawkar/Ritesh/self-evolving-uug/runs/final/E2_understanding_only/iter_log.jsonl,proposer,kl_loss,0.0,,0.0,0.8127273858149556,0.20297628264491044,0.001,0.001,True,
1423,stage1_understanding,understanding,/Users/ritesh.thawkar/Ritesh/self-evolving-uug/runs/final/E2_understanding_only/iter_log.jsonl,proposer,grpo_loss,-0.0572916679084301,,0.0,0.06276872001722751,0.059630284644053365,0.001,0.001,True,
1423,stage1_understanding,understanding,/Users/ritesh.thawkar/Ritesh/self-evolving-uug/runs/final/E2_understanding_only/iter_log.jsonl,proposer,kl_loss,0.0,,0.0,0.06276872001722751,0.059630284644053365,0.001,0.001,True,
1424,stage1_understanding,understanding,/Users/ritesh.thawkar/Ritesh/self-evolving-uug/runs/final/E2_understanding_only/iter_log.jsonl,proposer,grpo_loss,-0.91015625,,0.0,0.9643318343265029,0.19594868118547712,0.001,0.001,True,
1424,stage1_understanding,understanding,/Users/ritesh.thawkar/Ritesh/self-evolving-uug/runs/final/E2_understanding_only/iter_log.jsonl,proposer,kl_loss,0.0,,0.0,0.9643318343265029,0.19594868118547712,0.001,0.001,True,
1425,stage1_understanding,understanding,/Users/ritesh.thawkar/Ritesh/self-evolving-uug/runs/final/E2_understanding_only/iter_log.jsonl,proposer,grpo_loss,0.8268229365348816,,0.0,-0.8771929732225301,-0.8333333333333334,0.001,0.001,True,
1425,stage1_understanding,understanding,/Users/ritesh.thawkar/Ritesh/self-evolving-uug/runs/final/E2_understanding_only/iter_log.jsonl,proposer,kl_loss,0.0,,0.0,-0.8771929732225301,-0.8333333333333334,0.001,0.001,True,
1426,stage1_understanding,understanding,/Users/ritesh.thawkar/Ritesh/self-evolving-uug/runs/final/E2_understanding_only/iter_log.jsonl,proposer,grpo_loss,0.2539876401424408,,0.0,-0.27105083336572994,-0.2574982944079518,0.001,0.001,True,
1426,stage1_understanding,understanding,/Users/ritesh.thawkar/Ritesh/self-evolving-uug/runs/final/E2_understanding_only/iter_log.jsonl,proposer,kl_loss,0.0,,0.0,-0.27105083336572994,-0.2574982944079518,0.001,0.001,True,
1427,stage1_understanding,understanding,/Users/ritesh.thawkar/Ritesh/self-evolving-uug/runs/final/E2_understanding_only/iter_log.jsonl,proposer,grpo_loss,0.82421875,,0.0,-0.8771929732225301,-0.8333333333333334,0.001,0.001,True,
1427,stage1_understanding,understanding,/Users/ritesh.thawkar/Ritesh/self-evolving-uug/runs/final/E2_understanding_only/iter_log.jsonl,proposer,kl_loss,0.0,,0.0,-0.8771929732225301,-0.8333333333333334,0.001,0.001,True,
1428,stage1_understanding,understanding,/Users/ritesh.thawkar/Ritesh/self-evolving-uug/runs/final/E2_understanding_only/iter_log.jsonl,proposer,grpo_loss,0.5914713740348816,,0.0,-0.6305277395274121,-0.5990013588563189,0.001,0.001,True,
1428,stage1_understanding,understanding,/Users/ritesh.thawkar/Ritesh/self-evolving-uug/runs/final/E2_understanding_only/iter_log.jsonl,proposer,kl_loss,0.0,,0.0,-0.6305277395274121,-0.5990013588563189,0.001,0.001,True,
1429,stage1_understanding,understanding,/Users/ritesh.thawkar/Ritesh/self-evolving-uug/runs/final/E2_understanding_only/iter_log.jsonl,proposer,grpo_loss,0.03125,,0.0,-0.03215875630368701,-0.013112965754372189,0.001,0.001,True,
1429,stage1_understanding,understanding,/Users/ritesh.thawkar/Ritesh/self-evolving-uug/runs/final/E2_understanding_only/iter_log.jsonl,proposer,kl_loss,0.0,,0.0,-0.03215875630368701,-0.013112965754372189,0.001,0.001,True,
1430,stage1_understanding,understanding,/Users/ritesh.thawkar/Ritesh/self-evolving-uug/runs/final/E2_understanding_only/iter_log.jsonl,proposer,grpo_loss,0.82421875,,0.0,-0.8771929732225301,-0.8333333333333334,0.001,0.001,True,
1430,stage1_understanding,understanding,/Users/ritesh.thawkar/Ritesh/self-evolving-uug/runs/final/E2_understanding_only/iter_log.jsonl,proposer,kl_loss,0.0,,0.0,-0.8771929732225301,-0.8333333333333334,0.001,0.001,True,
1431,stage1_understanding,understanding,/Users/ritesh.thawkar/Ritesh/self-evolving-uug/runs/final/E2_understanding_only/iter_log.jsonl,proposer,grpo_loss,0.83203125,,0.0,-0.8771929732225301,-0.8333333333333334,0.001,0.001,True,
1431,stage1_understanding,understanding,/Users/ritesh.thawkar/Ritesh/self-evolving-uug/runs/final/E2_understanding_only/iter_log.jsonl,proposer,kl_loss,0.0,,0.0,-0.8771929732225301,-0.8333333333333334,0.001,0.001,True,
1432,stage1_understanding,understanding,/Users/ritesh.thawkar/Ritesh/self-evolving-uug/runs/final/E2_understanding_only/iter_log.jsonl,proposer,grpo_loss,-0.498046875,,0.0,0.538147371213901,0.1431742317206879,0.001,0.001,True,
1432,stage1_understanding,understanding,/Users/ritesh.thawkar/Ritesh/self-evolving-uug/runs/final/E2_understanding_only/iter_log.jsonl,proposer,kl_loss,0.0,,0.0,0.538147371213901,0.1431742317206879,0.001,0.001,True,
1433,stage1_understanding,understanding,/Users/ritesh.thawkar/Ritesh/self-evolving-uug/runs/final/E2_understanding_only/iter_log.jsonl,proposer,grpo_loss,0.025390625,,0.0,-0.029886964454088727,-0.013126463294496257,0.001,0.001,True,
1433,stage1_understanding,understanding,/Users/ritesh.thawkar/Ritesh/self-evolving-uug/runs/final/E2_understanding_only/iter_log.jsonl,proposer,kl_loss,0.0,,0.0,-0.029886964454088727,-0.013126463294496257,0.001,0.001,True,
1434,stage1_understanding,understanding,/Users/ritesh.thawkar/Ritesh/self-evolving-uug/runs/final/E2_understanding_only/iter_log.jsonl,proposer,grpo_loss,0.0367838554084301,,0.0,-0.03794953201133422,-0.03605205579026279,0.001,0.001,True,
1434,stage1_understanding,understanding,/Users/ritesh.thawkar/Ritesh/self-evolving-uug/runs/final/E2_understanding_only/iter_log.jsonl,proposer,kl_loss,0.0,,0.0,-0.03794953201133422,-0.03605205579026279,0.001,0.001,True,
1435,stage1_understanding,understanding,/Users/ritesh.thawkar/Ritesh/self-evolving-uug/runs/final/E2_understanding_only/iter_log.jsonl,proposer,grpo_loss,0.1236979216337204,,0.0,-0.12806520475191238,-0.1216619457949688,0.001,0.001,True,
1435,stage1_understanding,understanding,/Users/ritesh.thawkar/Ritesh/self-evolving-uug/runs/final/E2_understanding_only/iter_log.jsonl,proposer,kl_loss,0.0,,0.0,-0.12806520475191238,-0.1216619457949688,0.001,0.001,True,
1436,stage1_understanding,understanding,/Users/ritesh.thawkar/Ritesh/self-evolving-uug/runs/final/E2_understanding_only/iter_log.jsonl,proposer,grpo_loss,0.8125,,0.0,-0.8771929732225301,-0.8333333333333334,0.001,0.001,True,
1436,stage1_understanding,understanding,/Users/ritesh.thawkar/Ritesh/self-evolving-uug/runs/final/E2_understanding_only/iter_log.jsonl,proposer,kl_loss,0.0,,0.0,-0.8771929732225301,-0.8333333333333334,0.001,0.001,True,
1437,stage1_understanding,understanding,/Users/ritesh.thawkar/Ritesh/self-evolving-uug/runs/final/E2_understanding_only/iter_log.jsonl,proposer,grpo_loss,0.81640625,,0.0,-0.8771929732225301,-0.8333333333333334,0.001,0.001,True,
1437,stage1_understanding,understanding,/Users/ritesh.thawkar/Ritesh/self-evolving-uug/runs/final/E2_understanding_only/iter_log.jsonl,proposer,kl_loss,0.0,,0.0,-0.8771929732225301,-0.8333333333333334,0.001,0.001,True,
1438,stage1_understanding,understanding,/Users/ritesh.thawkar/Ritesh/self-evolving-uug/runs/final/E2_understanding_only/iter_log.jsonl,proposer,grpo_loss,-0.375,,0.0,0.39548163130418024,0.09796251569136054,0.001,0.001,True,
1438,stage1_understanding,understanding,/Users/ritesh.thawkar/Ritesh/self-evolving-uug/runs/final/E2_understanding_only/iter_log.jsonl,proposer,kl_loss,0.0,,0.0,0.39548163130418024,0.09796251569136054,0.001,0.001,True,
1439,stage1_understanding,understanding,/Users/ritesh.thawkar/Ritesh/self-evolving-uug/runs/final/E2_understanding_only/iter_log.jsonl,proposer,grpo_loss,-0.2540690302848816,,0.0,0.27540328809690795,0.0929843461135742,0.001,0.001,True,
1439,stage1_understanding,understanding,/Users/ritesh.thawkar/Ritesh/self-evolving-uug/runs/final/E2_understanding_only/iter_log.jsonl,proposer,kl_loss,0.0,,0.0,0.27540328809690795,0.0929843461135742,0.001,0.001,True,
1440,stage1_understanding,understanding,/Users/ritesh.thawkar/Ritesh/self-evolving-uug/runs/final/E2_understanding_only/iter_log.jsonl,proposer,grpo_loss,0.81640625,,0.0,-0.8771929732225301,-0.8333333333333334,0.001,0.001,True,
1440,stage1_understanding,understanding,/Users/ritesh.thawkar/Ritesh/self-evolving-uug/runs/final/E2_understanding_only/iter_log.jsonl,proposer,kl_loss,0.0,,0.0,-0.8771929732225301,-0.8333333333333334,0.001,0.001,True,
